Player,Team Final,Week Number,Opponent Abbreviation,Home or Away,SUM of Tar,SUM of Rec,SUM of Yds,SUM of Avg,SUM of Lg,SUM of TD,SUM of % of Total Targets,SUM of % of Total Yards in Game
A.J. Brown,Philadelphia Eagles,1,NE,Away,10,7,79,11.29,23,0,33%,46.5%
A.J. Brown,Philadelphia Eagles,2,MIN,Home,6,4,29,7.25,12,0,27%,15.0%
A.J. Brown,Philadelphia Eagles,3,TB,Away,14,9,131,14.56,28,0,40%,47.3%
A.J. Brown,Philadelphia Eagles,4,WAS,Home,13,9,175,19.44,59,2,38%,54.9%
A.J. Brown,Philadelphia Eagles,5,LAR,Away,8,6,127,21.17,38,0,24%,41.9%
A.J. Brown,Philadelphia Eagles,6,NYJ,Away,9,7,131,18.71,49,0,21%,46.8%
A.J. Brown,Philadelphia Eagles,7,MIA,Home,15,10,137,13.7,42,1,50%,49.1%
A.J. Brown,Philadelphia Eagles,8,WAS,Away,8,8,130,16.25,25,2,23%,40.8%
A.J. Brown,Philadelphia Eagles,9,DAL,Home,9,7,66,9.43,20,1,43%,31.9%
A.J. Brown,Philadelphia Eagles,11,KC,Away,4,1,8,8,8,0,19%,5.3%
A.J. Brown,Philadelphia Eagles,12,BUF,Home,9,5,37,7.4,11,1,32%,18.5%
A.J. Brown,Philadelphia Eagles,13,SF,Home,13,8,114,14.25,38,0,31%,36.3%
A.J. Brown,Philadelphia Eagles,14,DAL,Away,13,9,94,10.44,24,0,46%,41.8%
A.J. Brown,Philadelphia Eagles,15,SEA,Away,10,5,56,11.2,15,0,33%,39.2%
A.J. Brown,Philadelphia Eagles,16,NYG,Home,11,6,80,13.33,32,0,31%,26.6%
A.J. Brown,Philadelphia Eagles,17,ARI,Home,5,4,53,13.25,18,0,22%,28.8%
A.T. Perry,New Orleans Saints,10,MIN,Away,4,2,38,19,23,1,10%,16.4%
A.T. Perry,New Orleans Saints,12,ATL,Away,2,1,7,7,7,0,5%,2.3%
A.T. Perry,New Orleans Saints,13,DET,Home,3,1,30,30,30,0,10%,11.2%
A.T. Perry,New Orleans Saints,14,CAR,Home,1,1,44,44,44,0,5%,37.0%
A.T. Perry,New Orleans Saints,15,NYG,Home,2,2,34,17,18,0,7%,15.6%
A.T. Perry,New Orleans Saints,16,LAR,Away,1,1,35,35,35,1,3%,11.0%
A.T. Perry,New Orleans Saints,17,TB,Away,2,1,5,5,5,0,6%,2.4%
Aaron Jones,Green Bay Packers,1,CHI,Away,4,2,86,43,51,1,15%,35.1%
Aaron Jones,Green Bay Packers,4,DET,Home,2,1,-4,-4,-4,0,6%,-1.6%
Aaron Jones,Green Bay Packers,7,DEN,Away,5,3,22,7.33,14,0,16%,11.3%
Aaron Jones,Green Bay Packers,8,MIN,Home,5,4,17,4.25,7,0,13%,7.4%
Aaron Jones,Green Bay Packers,9,LAR,Home,6,4,26,6.5,13,0,24%,11.4%
Aaron Jones,Green Bay Packers,10,PIT,Away,6,4,19,4.75,12,0,16%,6.6%
Aaron Jones,Green Bay Packers,11,LAC,Home,2,1,3,3,3,0,5%,0.9%
Aaron Jones,Green Bay Packers,15,TB,Home,4,4,16,4,5,0,11%,5.6%
Aaron Jones,Green Bay Packers,16,CAR,Away,3,1,8,8,8,0,12%,3.7%
Aaron Jones,Green Bay Packers,17,MIN,Away,1,1,10,10,10,0,3%,3.4%
Adam Prentice,New Orleans Saints,4,TB,Home,2,1,5,5,5,0,5%,3.6%
Adam Prentice,New Orleans Saints,17,TB,Away,1,1,7,7,7,0,3%,3.4%
Adam Thielen,Carolina Panthers,1,ATL,Away,2,2,12,6,9,0,6%,8.2%
Adam Thielen,Carolina Panthers,2,NO,Home,9,7,54,7.71,15,1,29%,35.3%
Adam Thielen,Carolina Panthers,3,SEA,Away,14,11,145,13.18,25,1,25%,40.2%
Adam Thielen,Carolina Panthers,4,MIN,Home,8,7,76,10.86,22,0,26%,37.3%
Adam Thielen,Carolina Panthers,5,DET,Away,13,11,107,9.73,30,1,37%,43.3%
Adam Thielen,Carolina Panthers,6,MIA,Away,13,11,115,10.45,27,1,37%,51.3%
Adam Thielen,Carolina Panthers,8,HOU,Home,11,8,72,9,31,0,35%,30.6%
Adam Thielen,Carolina Panthers,9,IND,Home,6,5,29,5.8,7,0,16%,16.8%
Adam Thielen,Carolina Panthers,10,CHI,Away,10,6,42,7,14,0,29%,22.7%
Adam Thielen,Carolina Panthers,11,DAL,Home,11,8,74,9.25,16,0,42%,60.2%
Adam Thielen,Carolina Panthers,12,TEN,Away,3,1,2,2,2,0,13%,1.0%
Adam Thielen,Carolina Panthers,13,TB,Away,6,3,25,8.33,12,0,23%,14.0%
Adam Thielen,Carolina Panthers,14,NO,Away,7,5,74,14.8,32,0,22%,54.0%
Adam Thielen,Carolina Panthers,15,ATL,Home,7,4,43,10.75,16,0,30%,25.7%
Adam Thielen,Carolina Panthers,16,GB,Home,8,6,94,15.67,22,0,25%,30.1%
Adam Thielen,Carolina Panthers,17,JAX,Away,6,6,38,6.33,14,0,19%,33.9%
Adam Trautman,Denver Broncos,1,LV,Home,5,5,34,6.8,15,0,16%,19.2%
Adam Trautman,Denver Broncos,2,WAS,Home,1,0,0,0,0,0,4%,0.0%
Adam Trautman,Denver Broncos,3,MIA,Away,2,0,0,0,0,0,6%,0.0%
Adam Trautman,Denver Broncos,4,CHI,Away,1,0,0,0,0,0,4%,0.0%
Adam Trautman,Denver Broncos,5,NYJ,Home,5,4,26,6.5,12,1,19%,13.3%
Adam Trautman,Denver Broncos,6,KC,Away,2,1,4,4,4,0,9%,4.2%
Adam Trautman,Denver Broncos,7,GB,Home,2,1,5,5,5,0,8%,2.6%
Adam Trautman,Denver Broncos,10,BUF,Away,2,2,15,7.5,9,0,7%,7.8%
Adam Trautman,Denver Broncos,11,MIN,Home,2,2,33,16.5,19,0,6%,12.7%
Adam Trautman,Denver Broncos,12,CLE,Home,1,1,8,8,8,1,5%,6.0%
Adam Trautman,Denver Broncos,13,HOU,Away,2,1,6,6,6,0,8%,3.2%
Adam Trautman,Denver Broncos,14,LAC,Away,3,2,19,9.5,10,1,10%,8.5%
Adam Trautman,Denver Broncos,15,DET,Away,3,1,24,24,24,0,9%,10.8%
Adam Trautman,Denver Broncos,16,NE,Home,1,0,0,0,0,0,3%,0.0%
Adam Trautman,Denver Broncos,17,LAC,Home,2,1,9,9,9,0,7%,4.0%
AJ Dillon,Green Bay Packers,1,CHI,Away,3,2,17,8.5,12,0,11%,6.9%
AJ Dillon,Green Bay Packers,2,ATL,Away,1,1,8,8,8,0,4%,5.3%
AJ Dillon,Green Bay Packers,4,DET,Home,1,0,0,0,0,0,3%,0.0%
AJ Dillon,Green Bay Packers,5,LV,Away,1,0,0,0,0,0,3%,0.0%
AJ Dillon,Green Bay Packers,7,DEN,Away,2,2,34,17,29,0,6%,17.5%
AJ Dillon,Green Bay Packers,8,MIN,Home,5,5,41,8.2,16,0,13%,17.9%
AJ Dillon,Green Bay Packers,9,LAR,Home,1,1,3,3,3,0,4%,1.3%
AJ Dillon,Green Bay Packers,10,PIT,Away,3,1,11,11,11,0,8%,3.8%
AJ Dillon,Green Bay Packers,11,LAC,Home,4,4,32,8,20,0,11%,9.9%
AJ Dillon,Green Bay Packers,12,DET,Away,3,3,38,12.67,22,0,10%,14.2%
AJ Dillon,Green Bay Packers,13,KC,Home,1,1,14,14,14,0,3%,5.2%
AJ Dillon,Green Bay Packers,14,NYG,Away,3,2,25,12.5,35,0,8%,11.5%
Albert Okwuegbunam,Philadelphia Eagles,13,SF,Home,1,0,0,0,0,0,2%,0.0%
Alec Ingold,Miami Dolphins,1,LAC,Away,2,2,34,17,19,0,5%,7.3%
Alec Ingold,Miami Dolphins,4,BUF,Away,1,1,23,23,23,0,3%,8.2%
Alec Ingold,Miami Dolphins,8,NE,Home,2,1,5,5,5,0,5%,1.5%
Alec Ingold,Miami Dolphins,9,KC,Away,1,1,1,1,1,0,3%,0.5%
Alec Ingold,Miami Dolphins,11,LV,Home,4,3,16,5.33,9,0,11%,4.9%
Alec Ingold,Miami Dolphins,13,WAS,Away,1,1,-3,-3,-3,0,4%,-1.1%
Alec Ingold,Miami Dolphins,14,TEN,Home,1,1,13,13,13,0,3%,5.4%
Alec Ingold,Miami Dolphins,16,DAL,Home,2,2,12,6,7,0,6%,4.1%
Alec Ingold,Miami Dolphins,17,BAL,Away,2,1,18,18,18,0,6%,7.6%
Alec Pierce,Indianapolis Colts,1,JAX,Home,3,1,5,5,5,0,8%,2.2%
Alec Pierce,Indianapolis Colts,2,HOU,Away,2,2,28,14,20,0,6%,12.3%
Alec Pierce,Indianapolis Colts,3,BAL,Away,7,3,43,14.33,23,0,17%,18.9%
Alec Pierce,Indianapolis Colts,4,LAR,Home,2,1,38,38,38,0,8%,19.0%
Alec Pierce,Indianapolis Colts,5,TEN,Home,2,1,10,10,10,0,8%,4.0%
Alec Pierce,Indianapolis Colts,6,JAX,Away,6,3,25,8.33,14,0,12%,7.6%
Alec Pierce,Indianapolis Colts,7,CLE,Home,3,3,53,17.67,32,0,14%,17.4%
Alec Pierce,Indianapolis Colts,8,NO,Home,5,3,41,13.67,19,0,13%,19.2%
Alec Pierce,Indianapolis Colts,9,CAR,Away,2,0,0,0,0,0,8%,0.0%
Alec Pierce,Indianapolis Colts,10,NE,Away,1,1,21,21,21,0,4%,10.8%
Alec Pierce,Indianapolis Colts,12,TB,Home,6,4,27,6.75,9,0,15%,10.8%
Alec Pierce,Indianapolis Colts,13,TEN,Away,6,3,100,33.33,55,1,15%,32.1%
Alec Pierce,Indianapolis Colts,14,CIN,Away,3,2,22,11,12,0,8%,9.2%
Alec Pierce,Indianapolis Colts,15,PIT,Home,5,1,13,13,13,0,19%,6.0%
Alec Pierce,Indianapolis Colts,16,ATL,Away,7,3,30,10,16,0,20%,14.9%
Alec Pierce,Indianapolis Colts,17,LV,Home,1,1,58,58,58,1,5%,25.9%
Alex Armah,Washington Commanders,8,PHI,Home,1,1,0,0,0,0,2%,0.0%
Alex Armah,Washington Commanders,10,SEA,Away,1,1,3,3,3,0,2%,1.0%
Alex Erickson,Los Angeles Chargers,11,GB,Away,1,1,12,12,12,0,3%,4.6%
Alex Erickson,Los Angeles Chargers,12,BAL,Home,3,1,17,17,17,0,7%,7.8%
Alex Erickson,Los Angeles Chargers,13,NE,Away,1,1,23,23,23,0,3%,10.8%
Alex Erickson,Los Angeles Chargers,14,DEN,Home,7,1,9,9,9,0,17%,3.3%
Alex Erickson,Los Angeles Chargers,15,LV,Away,2,1,13,13,13,1,6%,5.1%
Alex Erickson,Los Angeles Chargers,16,BUF,Home,2,2,36,18,23,0,6%,16.7%
Alex Erickson,Los Angeles Chargers,17,DEN,Away,8,7,98,14,27,0,22%,44.5%
Alexander Mattison,Minnesota Vikings,1,TB,Home,4,3,10,3.33,4,1,9%,2.9%
Alexander Mattison,Minnesota Vikings,2,PHI,Away,6,3,11,3.67,16,0,14%,3.0%
Alexander Mattison,Minnesota Vikings,3,LAC,Home,7,5,32,6.4,9,0,15%,8.7%
Alexander Mattison,Minnesota Vikings,4,CAR,Away,1,1,3,3,3,0,6%,2.2%
Alexander Mattison,Minnesota Vikings,5,KC,Home,3,2,20,10,11,1,7%,7.0%
Alexander Mattison,Minnesota Vikings,6,CHI,Away,7,4,28,7,13,0,23%,15.5%
Alexander Mattison,Minnesota Vikings,7,SF,Home,3,2,3,1.5,4,0,7%,0.8%
Alexander Mattison,Minnesota Vikings,8,GB,Away,1,1,2,2,2,0,3%,0.7%
Alexander Mattison,Minnesota Vikings,9,ATL,Away,2,2,49,24.5,47,1,6%,20.8%
Alexander Mattison,Minnesota Vikings,10,NO,Home,2,1,6,6,6,0,6%,2.2%
Alexander Mattison,Minnesota Vikings,11,DEN,Away,2,1,-1,-1,-1,0,7%,-0.5%
Alexander Mattison,Minnesota Vikings,12,CHI,Home,2,2,11,5.5,11,0,7%,5.9%
Alexander Mattison,Minnesota Vikings,14,LV,Away,1,0,0,0,0,0,3%,0.0%
Alexander Mattison,Minnesota Vikings,17,GB,Home,2,2,13,6.5,8,0,6%,7.2%
Allen Lazard,New York Jets,1,BUF,Home,4,2,46,23,24,0,22%,32.9%
Allen Lazard,New York Jets,2,DAL,Away,4,2,23,11.5,14,0,16%,13.5%
Allen Lazard,New York Jets,3,NE,Home,5,3,39,13,21,0,18%,24.8%
Allen Lazard,New York Jets,4,KC,Home,3,3,61,20.33,39,1,8%,24.9%
Allen Lazard,New York Jets,5,DEN,Away,4,3,33,11,12,0,15%,16.6%
Allen Lazard,New York Jets,6,PHI,Home,3,1,8,8,8,0,9%,4.3%
Allen Lazard,New York Jets,8,NYG,Away,6,3,45,15,29,0,18%,18.8%
Allen Lazard,New York Jets,9,LAC,Home,6,2,18,9,12,0,13%,6.8%
Allen Lazard,New York Jets,10,LV,Away,5,1,17,17,17,0,14%,6.5%
Allen Lazard,New York Jets,11,BUF,Away,1,0,0,0,0,0,4%,0.0%
Allen Lazard,New York Jets,13,ATL,Home,1,0,0,0,0,0,3%,0.0%
Allen Lazard,New York Jets,15,MIA,Away,6,3,21,7,11,0,18%,15.4%
Allen Lazard,New York Jets,16,WAS,Home,1,0,0,0,0,0,2%,0.0%
Allen Robinson,Pittsburgh Steelers,1,SF,Home,8,5,64,12.8,31,0,18%,27.6%
Allen Robinson,Pittsburgh Steelers,2,CLE,Home,3,2,12,6,7,0,10%,5.4%
Allen Robinson,Pittsburgh Steelers,3,LV,Away,4,4,24,6,8,0,15%,10.2%
Allen Robinson,Pittsburgh Steelers,4,HOU,Away,2,1,8,8,8,0,7%,6.1%
Allen Robinson,Pittsburgh Steelers,5,BAL,Home,9,5,29,5.8,10,0,29%,12.9%
Allen Robinson,Pittsburgh Steelers,7,LAR,Away,1,1,7,7,7,0,4%,3.0%
Allen Robinson,Pittsburgh Steelers,8,JAX,Home,1,0,0,0,0,0,3%,0.0%
Allen Robinson,Pittsburgh Steelers,9,TEN,Home,2,1,10,10,10,0,7%,6.3%
Allen Robinson,Pittsburgh Steelers,11,CLE,Away,4,3,20,6.67,11,0,16%,18.9%
Allen Robinson,Pittsburgh Steelers,12,CIN,Away,1,1,11,11,11,0,3%,4.0%
Allen Robinson,Pittsburgh Steelers,13,ARI,Home,3,3,19,6.33,8,0,11%,10.2%
Allen Robinson,Pittsburgh Steelers,14,NE,Home,3,1,21,21,21,0,9%,11.1%
Allen Robinson,Pittsburgh Steelers,15,IND,Away,3,3,19,6.33,8,0,12%,11.0%
Allen Robinson,Pittsburgh Steelers,16,CIN,Home,4,4,36,9,14,0,16%,12.4%
Alvin Kamara,New Orleans Saints,4,TB,Home,14,13,33,2.54,10,0,37%,23.6%
Alvin Kamara,New Orleans Saints,5,NE,Away,3,3,17,5.67,12,0,12%,9.3%
Alvin Kamara,New Orleans Saints,6,HOU,Away,8,7,36,5.14,15,0,17%,10.1%
Alvin Kamara,New Orleans Saints,7,JAX,Home,14,12,91,7.58,21,0,26%,30.2%
Alvin Kamara,New Orleans Saints,8,IND,Away,5,4,51,12.75,25,1,17%,14.4%
Alvin Kamara,New Orleans Saints,9,CHI,Home,5,4,44,11,17,0,16%,20.6%
Alvin Kamara,New Orleans Saints,10,MIN,Away,7,7,33,4.71,13,0,18%,14.2%
Alvin Kamara,New Orleans Saints,12,ATL,Away,5,4,50,12.5,20,0,14%,16.4%
Alvin Kamara,New Orleans Saints,13,DET,Home,8,6,58,9.67,13,0,28%,21.7%
Alvin Kamara,New Orleans Saints,14,CAR,Home,5,3,-11,-3.67,5,0,23%,-9.2%
Alvin Kamara,New Orleans Saints,15,NYG,Home,5,5,44,8.8,17,0,18%,20.2%
Alvin Kamara,New Orleans Saints,16,LAR,Away,6,5,16,3.2,9,0,15%,5.0%
Alvin Kamara,New Orleans Saints,17,TB,Away,2,2,4,2,5,0,6%,1.9%
Amari Cooper,Cleveland Browns,1,CIN,Home,7,3,37,12.33,20,0,24%,24.0%
Amari Cooper,Cleveland Browns,2,PIT,Away,10,7,90,12.86,23,0,25%,38.3%
Amari Cooper,Cleveland Browns,3,TEN,Home,8,7,116,16.57,43,1,26%,40.1%
Amari Cooper,Cleveland Browns,4,BAL,Home,6,1,16,16,16,0,18%,13.2%
Amari Cooper,Cleveland Browns,6,SF,Home,8,4,108,27,58,0,24%,56.3%
Amari Cooper,Cleveland Browns,7,IND,Away,8,2,22,11,13,0,23%,12.0%
Amari Cooper,Cleveland Browns,8,SEA,Away,11,6,89,14.83,24,0,37%,34.6%
Amari Cooper,Cleveland Browns,9,ARI,Home,5,5,139,27.8,59,1,18%,63.5%
Amari Cooper,Cleveland Browns,10,BAL,Away,9,6,98,16.33,28,0,28%,46.0%
Amari Cooper,Cleveland Browns,11,PIT,Home,8,4,34,8.5,11,0,20%,20.6%
Amari Cooper,Cleveland Browns,12,DEN,Away,6,2,16,8,11,0,15%,8.4%
Amari Cooper,Cleveland Browns,13,LAR,Away,5,3,34,11.33,22,0,12%,13.4%
Amari Cooper,Cleveland Browns,14,JAX,Home,14,7,77,11,17,0,33%,24.8%
Amari Cooper,Cleveland Browns,15,CHI,Home,8,4,109,27.25,51,1,18%,28.8%
Amari Cooper,Cleveland Browns,16,HOU,Away,15,11,265,24.09,75,2,35%,70.9%
Amari Rodgers,Indianapolis Colts,6,JAX,Away,2,0,0,0,0,0,4%,0.0%
Ameer Abdullah,Las Vegas Raiders,1,DEN,Away,1,0,0,0,0,0,4%,0.0%
Ameer Abdullah,Las Vegas Raiders,2,BUF,Away,3,1,5,5,5,0,13%,2.7%
Ameer Abdullah,Las Vegas Raiders,3,PIT,Home,3,2,16,8,13,0,7%,4.9%
Ameer Abdullah,Las Vegas Raiders,4,LAC,Away,2,2,14,7,10,0,5%,5.9%
Ameer Abdullah,Las Vegas Raiders,5,GB,Home,1,1,11,11,11,0,3%,5.3%
Ameer Abdullah,Las Vegas Raiders,6,NE,Home,1,0,0,0,0,0,3%,0.0%
Ameer Abdullah,Las Vegas Raiders,8,DET,Away,1,1,12,12,12,0,5%,9.5%
Ameer Abdullah,Las Vegas Raiders,9,NYG,Home,2,2,17,8.5,11,0,8%,8.1%
Ameer Abdullah,Las Vegas Raiders,10,NYJ,Home,1,1,4,4,4,0,4%,2.6%
Ameer Abdullah,Las Vegas Raiders,11,MIA,Away,1,1,4,4,4,0,3%,1.5%
Ameer Abdullah,Las Vegas Raiders,12,KC,Home,1,1,2,2,2,0,3%,0.8%
Ameer Abdullah,Las Vegas Raiders,14,MIN,Home,2,2,7,3.5,7,0,7%,4.1%
Ameer Abdullah,Las Vegas Raiders,15,LAC,Home,2,2,13,6.5,8,0,6%,5.0%
Ameer Abdullah,Las Vegas Raiders,16,KC,Away,1,1,1,1,1,0,5%,1.6%
Ameer Abdullah,Las Vegas Raiders,17,IND,Away,1,1,18,18,18,0,2%,6.0%
Amon-Ra St. Brown,Detroit Lions,1,KC,Away,9,6,71,11.83,21,1,28%,28.1%
Amon-Ra St. Brown,Detroit Lions,2,SEA,Home,7,6,102,17,39,0,21%,31.6%
Amon-Ra St. Brown,Detroit Lions,3,ATL,Home,12,9,102,11.33,20,0,39%,42.0%
Amon-Ra St. Brown,Detroit Lions,4,GB,Away,7,5,56,11.2,24,1,26%,26.7%
Amon-Ra St. Brown,Detroit Lions,6,TB,Away,15,12,124,10.33,27,1,37%,35.1%
Amon-Ra St. Brown,Detroit Lions,7,BAL,Away,19,13,102,7.85,15,0,39%,35.9%
Amon-Ra St. Brown,Detroit Lions,8,LV,Home,9,6,108,18,44,0,26%,39.7%
Amon-Ra St. Brown,Detroit Lions,10,LAC,Away,9,8,156,19.5,46,1,28%,46.8%
Amon-Ra St. Brown,Detroit Lions,11,CHI,Home,11,8,77,9.62,16,1,34%,32.6%
Amon-Ra St. Brown,Detroit Lions,12,GB,Home,11,9,95,10.56,28,0,26%,28.6%
Amon-Ra St. Brown,Detroit Lions,13,NO,Away,6,2,49,24.5,25,1,24%,23.0%
Amon-Ra St. Brown,Detroit Lions,14,CHI,Away,9,3,21,7,11,0,26%,13.0%
Amon-Ra St. Brown,Detroit Lions,15,DEN,Home,9,7,112,16,29,1,28%,40.3%
Amon-Ra St. Brown,Detroit Lions,16,MIN,Away,14,12,106,8.83,25,1,36%,41.2%
Amon-Ra St. Brown,Detroit Lions,17,DAL,Away,8,6,90,15,23,1,25%,29.8%
Andrei Iosivas,Cincinnati Bengals,5,ARI,Away,2,1,9,9,9,0,5%,2.8%
Andrei Iosivas,Cincinnati Bengals,6,SEA,Home,1,1,3,3,3,1,3%,1.6%
Andrei Iosivas,Cincinnati Bengals,8,SF,Away,1,1,2,2,2,1,3%,0.7%
Andrei Iosivas,Cincinnati Bengals,9,BUF,Home,1,1,9,9,9,0,2%,2.6%
Andrei Iosivas,Cincinnati Bengals,10,HOU,Home,1,0,0,0,0,0,3%,0.0%
Andrei Iosivas,Cincinnati Bengals,12,PIT,Home,2,1,16,16,16,0,8%,7.0%
Andrei Iosivas,Cincinnati Bengals,15,MIN,Home,2,1,5,5,5,0,5%,1.5%
Andrei Iosivas,Cincinnati Bengals,16,PIT,Away,8,4,36,9,12,0,20%,10.7%
Andrew Beck,Houston Texans,4,PIT,Home,1,0,0,0,0,0,4%,0.0%
Andrew Beck,Houston Texans,8,CAR,Away,1,1,8,8,8,0,4%,5.7%
Andrew Beck,Houston Texans,9,TB,Home,2,2,5,2.5,6,0,5%,1.1%
Andrew Beck,Houston Texans,12,JAX,Home,1,1,1,1,1,0,3%,0.3%
Andrew Beck,Houston Texans,13,DEN,Home,2,1,5,5,5,0,8%,1.7%
Andrew Beck,Houston Texans,14,NYJ,Away,1,1,26,26,26,0,4%,27.4%
Andrew Beck,Houston Texans,15,TEN,Away,1,1,-5,-5,-5,0,3%,-2.2%
Andrew Beck,Houston Texans,16,CLE,Home,2,2,6,3,5,1,4%,2.8%
Andrew Ogletree,Indianapolis Colts,1,JAX,Home,2,1,20,20,20,0,5%,9.0%
Andrew Ogletree,Indianapolis Colts,3,BAL,Away,2,1,11,11,11,0,5%,4.8%
Andrew Ogletree,Indianapolis Colts,4,LAR,Home,4,3,48,16,22,1,17%,24.0%
Andrew Ogletree,Indianapolis Colts,5,TEN,Home,2,2,16,8,13,0,8%,6.3%
Andrew Ogletree,Indianapolis Colts,6,JAX,Away,1,0,0,0,0,0,2%,0.0%
Andrew Ogletree,Indianapolis Colts,8,NO,Home,3,1,33,33,33,1,8%,15.5%
Andrew Ogletree,Indianapolis Colts,9,CAR,Away,3,1,19,19,19,0,13%,15.0%
Andrew Ogletree,Indianapolis Colts,13,TEN,Away,1,0,0,0,0,0,2%,0.0%
Andrew Ogletree,Indianapolis Colts,14,CIN,Away,2,0,0,0,0,0,5%,0.0%
Andrew Ogletree,Indianapolis Colts,15,PIT,Home,1,0,0,0,0,0,4%,0.0%
Anthony McFarland,Pittsburgh Steelers,1,SF,Home,2,2,11,5.5,6,0,4%,4.7%
Antoine Green,Detroit Lions,2,SEA,Home,1,1,2,2,2,0,3%,0.6%
Antoine Green,Detroit Lions,7,BAL,Away,1,0,0,0,0,0,2%,0.0%
Antonio Gibson,Washington Commanders,1,ARI,Home,1,1,10,10,10,0,3%,5.0%
Antonio Gibson,Washington Commanders,2,DEN,Away,3,3,44,14.67,36,0,9%,14.7%
Antonio Gibson,Washington Commanders,3,BUF,Home,5,3,7,2.33,10,0,17%,4.1%
Antonio Gibson,Washington Commanders,4,PHI,Away,1,1,7,7,7,0,3%,2.4%
Antonio Gibson,Washington Commanders,5,CHI,Home,6,4,64,16,41,0,13%,16.5%
Antonio Gibson,Washington Commanders,6,ATL,Away,1,1,1,1,1,1,5%,0.7%
Antonio Gibson,Washington Commanders,7,NYG,Away,2,2,24,12,12,0,6%,9.6%
Antonio Gibson,Washington Commanders,8,PHI,Home,5,5,28,5.6,16,0,10%,7.1%
Antonio Gibson,Washington Commanders,9,NE,Away,5,5,42,8.4,12,0,11%,12.9%
Antonio Gibson,Washington Commanders,10,SEA,Away,6,5,42,8.4,19,1,14%,13.5%
Antonio Gibson,Washington Commanders,12,DAL,Away,4,3,16,5.33,11,0,9%,5.3%
Antonio Gibson,Washington Commanders,13,MIA,Home,5,4,37,9.25,32,0,23%,29.1%
Antonio Gibson,Washington Commanders,15,LAR,Away,5,5,20,4,8,0,15%,8.8%
Antonio Gibson,Washington Commanders,16,NYJ,Away,2,1,2,2,2,0,6%,1.3%
Antonio Gibson,Washington Commanders,17,SF,Home,4,2,17,8.5,15,0,15%,10.1%
Austin Ekeler,Los Angeles Chargers,1,MIA,Home,5,4,47,11.75,35,0,16%,20.6%
Austin Ekeler,Los Angeles Chargers,6,DAL,Home,6,4,35,8.75,28,0,16%,15.4%
Austin Ekeler,Los Angeles Chargers,7,KC,Away,2,1,1,1,1,0,7%,0.4%
Austin Ekeler,Los Angeles Chargers,8,CHI,Home,8,7,94,13.43,39,1,21%,31.5%
Austin Ekeler,Los Angeles Chargers,9,NYJ,Away,7,2,23,11.5,17,0,25%,16.9%
Austin Ekeler,Los Angeles Chargers,10,DET,Home,7,4,48,12,24,0,18%,14.9%
Austin Ekeler,Los Angeles Chargers,11,GB,Away,3,2,6,3,6,0,8%,2.3%
Austin Ekeler,Los Angeles Chargers,12,BAL,Home,6,5,32,6.4,14,0,15%,14.7%
Austin Ekeler,Los Angeles Chargers,13,NE,Away,3,2,9,4.5,11,0,8%,4.2%
Austin Ekeler,Los Angeles Chargers,14,DEN,Home,7,5,49,9.8,18,0,17%,17.8%
Austin Ekeler,Los Angeles Chargers,15,LV,Away,6,4,29,7.25,12,0,19%,11.3%
Austin Ekeler,Los Angeles Chargers,16,BUF,Home,4,3,21,7,14,0,13%,9.8%
Austin Ekeler,Los Angeles Chargers,17,DEN,Away,2,1,4,4,4,0,5%,1.8%
Austin Hooper,Las Vegas Raiders,1,DEN,Away,1,1,20,20,20,0,4%,10.0%
Austin Hooper,Las Vegas Raiders,2,BUF,Away,2,2,20,10,15,0,9%,10.8%
Austin Hooper,Las Vegas Raiders,4,LAC,Away,2,1,11,11,11,0,5%,4.6%
Austin Hooper,Las Vegas Raiders,5,GB,Home,2,2,11,5.5,7,0,7%,5.3%
Austin Hooper,Las Vegas Raiders,6,NE,Home,2,2,19,9.5,12,0,6%,7.2%
Austin Hooper,Las Vegas Raiders,7,CHI,Away,2,2,18,9,12,0,4%,8.8%
Austin Hooper,Las Vegas Raiders,8,DET,Away,2,2,19,9.5,11,0,10%,15.1%
Austin Hooper,Las Vegas Raiders,9,NYG,Home,1,1,10,10,10,0,4%,4.8%
Austin Hooper,Las Vegas Raiders,10,NYJ,Home,1,1,7,7,7,0,4%,4.6%
Austin Hooper,Las Vegas Raiders,11,MIA,Away,1,0,0,0,0,0,3%,0.0%
Austin Hooper,Las Vegas Raiders,12,KC,Home,2,1,14,14,14,0,6%,5.6%
Austin Hooper,Las Vegas Raiders,14,MIN,Home,1,1,5,5,5,0,3%,2.9%
Austin Hooper,Las Vegas Raiders,15,LAC,Home,1,0,0,0,0,0,3%,0.0%
Austin Hooper,Las Vegas Raiders,16,KC,Away,3,2,13,6.5,9,0,16%,21.0%
Austin Hooper,Las Vegas Raiders,17,IND,Away,3,3,28,9.33,13,0,7%,9.4%
Austin Trammell,Los Angeles Rams,9,GB,Away,1,1,6,6,6,0,4%,4.6%
Austin Trammell,Los Angeles Rams,11,SEA,Home,6,3,23,7.67,14,0,21%,12.1%
Ben Bredeson,New York Giants,4,SEA,Home,1,1,0,0,0,0,3%,0.0%
Ben Sims,Green Bay Packers,5,LV,Away,1,1,12,12,12,0,3%,6.6%
Ben Sims,Green Bay Packers,7,DEN,Away,1,1,2,2,2,0,3%,1.0%
Ben Sims,Green Bay Packers,12,DET,Away,1,0,0,0,0,0,3%,0.0%
Ben Sims,Green Bay Packers,13,KC,Home,1,1,1,1,1,1,3%,0.4%
Ben Sims,Green Bay Packers,15,TB,Home,1,0,0,0,0,0,3%,0.0%
Ben Sims,Green Bay Packers,17,MIN,Away,1,1,6,6,6,0,3%,2.0%
Bennett Skowronek,Los Angeles Rams,1,SEA,Away,2,0,0,0,0,0,5%,0.0%
Bennett Skowronek,Los Angeles Rams,2,SF,Home,1,1,10,10,10,0,2%,3.3%
Bennett Skowronek,Los Angeles Rams,3,CIN,Away,1,1,3,3,3,0,3%,1.1%
Bennett Skowronek,Los Angeles Rams,5,PHI,Home,1,0,0,0,0,0,3%,0.0%
Bennett Skowronek,Los Angeles Rams,8,DAL,Away,1,1,20,20,20,1,3%,9.8%
Bennett Skowronek,Los Angeles Rams,12,ARI,Away,1,1,-1,-1,-1,0,3%,-0.4%
Bennett Skowronek,Los Angeles Rams,13,CLE,Home,3,2,12,6,6,0,9%,4.3%
Bijan Robinson,Atlanta Falcons,1,CAR,Home,6,6,27,4.5,17,1,33%,23.5%
Bijan Robinson,Atlanta Falcons,2,GB,Home,5,4,48,12,29,0,17%,20.3%
Bijan Robinson,Atlanta Falcons,3,DET,Away,6,4,27,6.75,10,0,16%,13.4%
Bijan Robinson,Atlanta Falcons,4,JAX,Away,5,5,32,6.4,9,0,17%,16.8%
Bijan Robinson,Atlanta Falcons,5,HOU,Home,2,2,12,6,6,1,5%,3.4%
Bijan Robinson,Atlanta Falcons,6,WAS,Home,8,5,43,8.6,22,0,18%,14.0%
Bijan Robinson,Atlanta Falcons,8,TEN,Away,5,0,0,0,0,0,15%,0.0%
Bijan Robinson,Atlanta Falcons,9,MIN,Home,4,2,8,4,7,0,12%,3.0%
Bijan Robinson,Atlanta Falcons,10,ARI,Away,2,1,11,11,11,0,11%,11.7%
Bijan Robinson,Atlanta Falcons,12,NO,Home,6,3,32,10.67,26,1,30%,19.0%
Bijan Robinson,Atlanta Falcons,13,NYJ,Away,5,3,26,8.67,9,0,20%,21.5%
Bijan Robinson,Atlanta Falcons,14,TB,Home,7,5,54,10.8,33,0,18%,15.6%
Bijan Robinson,Atlanta Falcons,15,CAR,Away,3,1,3,3,3,0,16%,2.0%
Bijan Robinson,Atlanta Falcons,16,IND,Home,10,7,50,7.14,14,0,31%,21.8%
Bijan Robinson,Atlanta Falcons,17,CHI,Away,4,3,11,3.67,6,0,13%,6.1%
Blake Bell,Kansas City Chiefs,1,DET,Home,3,2,12,6,8,1,8%,5.3%
Blake Bell,Kansas City Chiefs,7,LAC,Home,1,1,7,7,7,0,3%,1.7%
Blake Bell,Kansas City Chiefs,8,DEN,Away,1,0,0,0,0,0,3%,0.0%
Blake Bell,Kansas City Chiefs,15,NE,Away,1,0,0,0,0,0,3%,0.0%
Blake Bell,Kansas City Chiefs,16,LV,Home,1,1,4,4,4,0,2%,1.6%
Bo Melton,Green Bay Packers,15,TB,Home,2,1,7,7,7,0,6%,2.5%
Bo Melton,Green Bay Packers,16,CAR,Away,6,4,44,11,17,0,23%,20.1%
Bo Melton,Green Bay Packers,17,MIN,Away,9,6,105,17.5,37,1,26%,35.8%
Boston Scott,Philadelphia Eagles,1,NE,Away,1,1,7,7,7,0,3%,4.1%
Boston Scott,Philadelphia Eagles,6,NYJ,Away,1,1,14,14,14,0,2%,5.0%
Boston Scott,Philadelphia Eagles,8,WAS,Away,1,1,4,4,4,0,3%,1.3%
Boston Scott,Philadelphia Eagles,12,BUF,Home,1,0,0,0,0,0,4%,0.0%
Boston Scott,Philadelphia Eagles,13,SF,Home,1,1,27,27,27,0,2%,8.6%
Brandin Cooks,Dallas Cowboys,1,NYG,Away,4,2,22,11,16,0,16%,15.4%
Brandin Cooks,Dallas Cowboys,3,ARI,Away,7,2,17,8.5,12,0,19%,6.8%
Brandin Cooks,Dallas Cowboys,4,NE,Home,4,4,27,6.75,11,0,11%,9.6%
Brandin Cooks,Dallas Cowboys,5,SF,Away,4,1,7,7,7,0,15%,4.3%
Brandin Cooks,Dallas Cowboys,6,LAC,Away,4,4,36,9,17,1,13%,13.2%
Brandin Cooks,Dallas Cowboys,8,LAR,Home,4,3,49,16.33,25,1,12%,16.0%
Brandin Cooks,Dallas Cowboys,9,PHI,Away,2,1,7,7,7,0,5%,1.9%
Brandin Cooks,Dallas Cowboys,10,NYG,Home,10,9,173,19.22,37,1,23%,36.7%
Brandin Cooks,Dallas Cowboys,11,CAR,Away,4,3,42,14,22,0,10%,20.6%
Brandin Cooks,Dallas Cowboys,12,WAS,Home,5,4,72,18,31,1,16%,21.8%
Brandin Cooks,Dallas Cowboys,13,SEA,Home,4,4,45,11.25,19,1,10%,15.1%
Brandin Cooks,Dallas Cowboys,14,PHI,Home,5,2,37,18.5,30,0,13%,13.7%
Brandin Cooks,Dallas Cowboys,15,BUF,Away,6,2,10,5,8,0,19%,7.5%
Brandin Cooks,Dallas Cowboys,16,MIA,Away,2,2,14,7,8,1,6%,5.5%
Brandin Cooks,Dallas Cowboys,17,DET,Home,8,5,60,12,21,1,22%,17.4%
Brandin Echols,New York Jets,11,BUF,Away,1,1,18,18,18,0,4%,13.6%
Brandon Aiyuk,San Francisco 49ers,1,PIT,Away,8,8,129,16.12,23,2,29%,58.6%
Brandon Aiyuk,San Francisco 49ers,2,LAR,Away,6,3,43,14.33,18,0,25%,20.9%
Brandon Aiyuk,San Francisco 49ers,4,ARI,Home,6,6,148,24.67,42,0,29%,52.3%
Brandon Aiyuk,San Francisco 49ers,5,DAL,Home,7,4,58,14.5,23,0,28%,22.9%
Brandon Aiyuk,San Francisco 49ers,6,CLE,Away,10,4,76,19,33,0,42%,60.8%
Brandon Aiyuk,San Francisco 49ers,7,MIN,Away,6,5,57,11.4,25,0,21%,21.0%
Brandon Aiyuk,San Francisco 49ers,8,CIN,Home,9,5,109,21.8,31,0,30%,29.9%
Brandon Aiyuk,San Francisco 49ers,10,JAX,Away,3,3,55,18.33,21,1,11%,18.2%
Brandon Aiyuk,San Francisco 49ers,11,TB,Home,6,5,156,31.2,76,1,24%,46.8%
Brandon Aiyuk,San Francisco 49ers,12,SEA,Away,4,2,50,25,28,1,13%,23.9%
Brandon Aiyuk,San Francisco 49ers,13,PHI,Away,7,5,46,9.2,13,1,28%,14.6%
Brandon Aiyuk,San Francisco 49ers,14,SEA,Home,9,6,126,21,45,0,33%,34.2%
Brandon Aiyuk,San Francisco 49ers,15,ARI,Away,5,3,37,12.33,22,0,19%,14.1%
Brandon Aiyuk,San Francisco 49ers,16,BAL,Home,7,6,113,18.83,33,0,16%,33.6%
Brandon Aiyuk,San Francisco 49ers,17,WAS,Away,8,7,114,16.29,38,1,30%,49.6%
Brandon Johnson,Denver Broncos,1,LV,Home,3,2,31,15.5,21,0,9%,17.5%
Brandon Johnson,Denver Broncos,2,WAS,Home,3,2,66,33,50,2,11%,21.4%
Brandon Johnson,Denver Broncos,3,MIA,Away,3,2,12,6,8,0,8%,3.9%
Brandon Johnson,Denver Broncos,4,CHI,Away,1,1,4,4,4,1,4%,1.8%
Brandon Johnson,Denver Broncos,5,NYJ,Home,1,1,9,9,9,0,4%,4.6%
Brandon Johnson,Denver Broncos,6,KC,Away,2,0,0,0,0,0,9%,0.0%
Brandon Johnson,Denver Broncos,15,DET,Away,1,0,0,0,0,0,3%,0.0%
Brandon Johnson,Denver Broncos,16,NE,Home,5,3,47,15.67,21,1,14%,19.7%
Brandon Johnson,Denver Broncos,17,LAC,Home,6,4,27,6.75,10,0,20%,12.1%
Brandon Powell,Minnesota Vikings,3,LAC,Home,1,1,5,5,5,0,2%,1.4%
Brandon Powell,Minnesota Vikings,5,KC,Home,6,4,43,10.75,26,0,13%,15.1%
Brandon Powell,Minnesota Vikings,6,CHI,Away,4,3,20,6.67,9,0,13%,11.0%
Brandon Powell,Minnesota Vikings,7,SF,Home,5,4,64,16,27,0,12%,16.9%
Brandon Powell,Minnesota Vikings,8,GB,Away,3,1,10,10,10,0,9%,3.4%
Brandon Powell,Minnesota Vikings,9,ATL,Away,3,2,15,7.5,9,1,9%,6.4%
Brandon Powell,Minnesota Vikings,10,NO,Home,5,4,35,8.75,14,0,16%,13.1%
Brandon Powell,Minnesota Vikings,11,DEN,Away,4,3,32,10.67,22,0,14%,14.5%
Brandon Powell,Minnesota Vikings,12,CHI,Home,3,3,45,15,28,0,10%,24.3%
Brandon Powell,Minnesota Vikings,14,LV,Away,1,0,0,0,0,0,3%,0.0%
Brandon Powell,Minnesota Vikings,16,DET,Home,4,3,53,17.67,26,0,11%,12.9%
Brandon Powell,Minnesota Vikings,17,GB,Home,2,0,0,0,0,0,6%,0.0%
Braxton Berrios,Miami Dolphins,1,LAC,Away,5,3,42,14,16,0,11%,9.0%
Braxton Berrios,Miami Dolphins,2,NE,Away,3,2,28,14,18,0,10%,11.2%
Braxton Berrios,Miami Dolphins,3,DEN,Home,2,2,33,16.5,22,0,7%,8.8%
Braxton Berrios,Miami Dolphins,4,BUF,Away,6,6,43,7.17,15,1,18%,15.2%
Braxton Berrios,Miami Dolphins,5,NYG,Home,2,2,13,6.5,13,0,7%,4.2%
Braxton Berrios,Miami Dolphins,6,CAR,Home,2,2,20,10,10,0,7%,7.6%
Braxton Berrios,Miami Dolphins,7,PHI,Away,2,1,7,7,7,0,6%,3.2%
Braxton Berrios,Miami Dolphins,8,NE,Home,3,2,8,4,5,0,7%,2.5%
Braxton Berrios,Miami Dolphins,12,NYJ,Away,1,0,0,0,0,0,4%,0.0%
Braxton Berrios,Miami Dolphins,14,TEN,Home,2,2,13,6.5,7,0,6%,5.4%
Braxton Berrios,Miami Dolphins,15,NYJ,Home,1,1,12,12,12,0,4%,5.3%
Braxton Berrios,Miami Dolphins,17,BAL,Away,2,2,10,5,6,0,6%,4.2%
Breece Hall,New York Jets,1,BUF,Home,2,1,20,20,20,0,11%,14.3%
Breece Hall,New York Jets,2,DAL,Away,2,0,0,0,0,0,8%,0.0%
Breece Hall,New York Jets,3,NE,Home,2,1,9,9,9,0,7%,5.7%
Breece Hall,New York Jets,4,KC,Home,4,3,13,4.33,7,0,10%,5.3%
Breece Hall,New York Jets,5,DEN,Away,3,3,17,5.67,12,0,12%,8.5%
Breece Hall,New York Jets,6,PHI,Home,5,5,54,10.8,25,0,15%,29.0%
Breece Hall,New York Jets,8,NYG,Away,9,6,76,12.67,50,1,26%,31.7%
Breece Hall,New York Jets,9,LAC,Home,4,4,10,2.5,5,0,8%,3.8%
Breece Hall,New York Jets,10,LV,Away,3,3,47,15.67,35,0,8%,17.9%
Breece Hall,New York Jets,11,BUF,Away,6,5,50,10,15,1,21%,37.9%
Breece Hall,New York Jets,12,MIA,Home,9,7,24,3.43,13,0,25%,13.4%
Breece Hall,New York Jets,13,ATL,Home,8,6,29,4.83,9,0,22%,13.6%
Breece Hall,New York Jets,14,HOU,Home,9,8,86,10.75,27,1,26%,28.6%
Breece Hall,New York Jets,15,MIA,Away,2,1,6,6,6,0,6%,4.4%
Breece Hall,New York Jets,16,WAS,Home,16,12,96,8,15,0,36%,44.2%
Breece Hall,New York Jets,17,CLE,Away,9,9,42,4.67,21,1,20%,16.1%
Brenton Strange,Jacksonville Jaguars,3,HOU,Home,2,2,7,3.5,4,0,5%,2.4%
Brenton Strange,Jacksonville Jaguars,5,BUF,Away,1,0,0,0,0,0,3%,0.0%
Brenton Strange,Jacksonville Jaguars,6,IND,Home,3,2,27,13.5,17,1,11%,14.9%
Brenton Strange,Jacksonville Jaguars,10,SF,Home,1,0,0,0,0,0,3%,0.0%
Brenton Strange,Jacksonville Jaguars,17,CAR,Home,2,1,1,1,1,0,9%,0.6%
Brevin Jordan,Houston Texans,2,IND,Home,2,2,27,13.5,16,0,5%,7.0%
Brevin Jordan,Houston Texans,3,JAX,Away,2,2,13,6.5,9,1,7%,4.6%
Brevin Jordan,Houston Texans,6,NO,Home,1,1,11,11,11,0,4%,5.5%
Brevin Jordan,Houston Texans,12,JAX,Home,2,1,9,9,9,0,6%,3.0%
Brevin Jordan,Houston Texans,13,DEN,Home,4,3,64,21.33,27,0,15%,21.9%
Brevin Jordan,Houston Texans,14,NYJ,Away,3,3,35,11.67,23,0,11%,36.8%
Brevin Jordan,Houston Texans,15,TEN,Away,1,1,14,14,14,0,3%,6.1%
Brevin Jordan,Houston Texans,16,CLE,Home,3,2,27,13.5,19,0,6%,12.8%
Brevin Jordan,Houston Texans,17,TEN,Home,2,2,19,9.5,12,1,6%,8.9%
Brian Robinson,Washington Commanders,1,ARI,Home,2,1,7,7,7,1,7%,3.5%
Brian Robinson,Washington Commanders,2,DEN,Away,3,2,42,21,21,0,9%,14.0%
Brian Robinson,Washington Commanders,4,PHI,Away,2,2,6,3,6,0,5%,2.1%
Brian Robinson,Washington Commanders,5,CHI,Home,4,4,33,8.25,24,0,8%,8.5%
Brian Robinson,Washington Commanders,6,ATL,Away,2,2,25,12.5,24,1,10%,16.6%
Brian Robinson,Washington Commanders,7,NYG,Away,1,0,0,0,0,0,3%,0.0%
Brian Robinson,Washington Commanders,8,PHI,Home,2,2,20,10,11,0,4%,5.0%
Brian Robinson,Washington Commanders,9,NE,Away,2,1,4,4,4,0,5%,1.2%
Brian Robinson,Washington Commanders,10,SEA,Away,6,6,119,19.83,51,1,14%,38.1%
Brian Robinson,Washington Commanders,11,NYG,Home,9,7,58,8.29,21,0,21%,22.7%
Brian Robinson,Washington Commanders,12,DAL,Away,3,2,11,5.5,19,0,7%,3.7%
Brian Robinson,Washington Commanders,17,SF,Home,4,4,32,8,22,0,15%,18.9%
Britain Covey,Philadelphia Eagles,16,NYG,Home,1,1,7,7,7,0,3%,2.3%
Brock Wright,Detroit Lions,1,KC,Away,2,2,17,8.5,9,0,6%,6.7%
Brock Wright,Detroit Lions,5,CAR,Home,3,3,16,5.33,9,0,11%,6.8%
Brock Wright,Detroit Lions,6,TB,Away,1,1,7,7,7,0,2%,2.0%
Brock Wright,Detroit Lions,8,LV,Home,1,1,5,5,5,0,3%,1.8%
Brock Wright,Detroit Lions,10,LAC,Away,3,2,23,11.5,25,1,9%,6.9%
Brock Wright,Detroit Lions,12,GB,Home,1,1,9,9,9,0,2%,2.7%
Brock Wright,Detroit Lions,13,NO,Away,1,1,8,8,8,0,4%,3.8%
Brock Wright,Detroit Lions,14,CHI,Away,2,2,6,3,4,0,6%,3.7%
Brycen Hopkins,Los Angeles Rams,1,SEA,Away,2,1,21,21,21,0,5%,6.3%
Brycen Hopkins,Los Angeles Rams,4,IND,Away,1,1,5,5,5,0,3%,1.6%
Brycen Hopkins,Los Angeles Rams,7,PIT,Home,1,1,5,5,5,0,4%,2.2%
Byron Pringle,Washington Commanders,2,DEN,Away,1,1,4,4,4,0,3%,1.3%
Byron Pringle,Washington Commanders,4,PHI,Away,2,1,15,15,15,0,5%,5.2%
Byron Pringle,Washington Commanders,5,CHI,Home,2,1,10,10,10,0,4%,2.6%
Byron Pringle,Washington Commanders,7,NYG,Away,1,1,16,16,16,0,3%,6.4%
Byron Pringle,Washington Commanders,8,PHI,Home,1,0,0,0,0,0,2%,0.0%
Byron Pringle,Washington Commanders,9,NE,Away,4,3,55,18.33,26,0,9%,16.9%
Byron Pringle,Washington Commanders,10,SEA,Away,2,1,7,7,7,0,5%,2.2%
Byron Pringle,Washington Commanders,11,NYG,Home,3,3,22,7.33,14,0,7%,8.6%
Byron Pringle,Washington Commanders,12,DAL,Away,2,2,27,13.5,16,0,5%,9.0%
Byron Pringle,Washington Commanders,15,LAR,Away,1,1,5,5,5,0,3%,2.2%
Byron Pringle,Washington Commanders,16,NYJ,Away,2,0,0,0,0,0,6%,0.0%
Byron Pringle,Washington Commanders,17,SF,Home,1,0,0,0,0,0,4%,0.0%
C.J. Ham,Minnesota Vikings,1,TB,Home,3,2,7,3.5,6,0,7%,2.0%
C.J. Ham,Minnesota Vikings,3,LAC,Home,1,1,7,7,7,0,2%,1.9%
C.J. Ham,Minnesota Vikings,8,GB,Away,1,1,2,2,2,0,3%,0.7%
C.J. Ham,Minnesota Vikings,12,CHI,Home,3,2,3,1.5,4,0,10%,1.6%
C.J. Ham,Minnesota Vikings,16,DET,Home,1,1,6,6,6,0,3%,1.5%
C.J. Stroud,Houston Texans,1,BAL,Away,1,1,0,0,0,0,2%,0.0%
C.J. Uzomah,New York Jets,3,NE,Home,1,1,9,9,9,0,4%,5.7%
C.J. Uzomah,New York Jets,4,KC,Home,1,1,1,1,1,1,3%,0.4%
C.J. Uzomah,New York Jets,5,DEN,Away,2,2,12,6,7,0,8%,6.0%
C.J. Uzomah,New York Jets,6,PHI,Home,1,0,0,0,0,0,3%,0.0%
C.J. Uzomah,New York Jets,8,NYG,Away,1,1,19,19,19,0,3%,7.9%
C.J. Uzomah,New York Jets,9,LAC,Home,5,2,11,5.5,8,0,10%,4.2%
C.J. Uzomah,New York Jets,10,LV,Away,1,1,6,6,6,0,3%,2.3%
Cade Otton,Tampa Bay Buccaneers,1,MIN,Away,3,2,19,9.5,13,0,9%,11.0%
Cade Otton,Tampa Bay Buccaneers,2,CHI,Home,6,6,41,6.83,9,0,19%,12.9%
Cade Otton,Tampa Bay Buccaneers,3,PHI,Home,2,1,16,16,16,0,8%,11.0%
Cade Otton,Tampa Bay Buccaneers,4,NO,Away,4,3,13,4.33,6,1,13%,5.3%
Cade Otton,Tampa Bay Buccaneers,6,DET,Home,2,1,15,15,15,0,5%,7.3%
Cade Otton,Tampa Bay Buccaneers,7,ATL,Home,6,5,43,8.6,12,0,15%,15.6%
Cade Otton,Tampa Bay Buccaneers,8,BUF,Away,6,4,27,6.75,12,0,15%,11.4%
Cade Otton,Tampa Bay Buccaneers,9,HOU,Away,9,6,70,11.67,24,2,30%,26.4%
Cade Otton,Tampa Bay Buccaneers,10,TEN,Home,3,2,10,5,6,0,10%,3.6%
Cade Otton,Tampa Bay Buccaneers,11,SF,Away,5,4,49,12.25,27,0,12%,19.9%
Cade Otton,Tampa Bay Buccaneers,12,IND,Away,4,4,45,11.25,24,0,13%,22.6%
Cade Otton,Tampa Bay Buccaneers,14,ATL,Away,5,2,16,8,11,1,17%,11.1%
Cade Otton,Tampa Bay Buccaneers,15,GB,Away,2,2,44,22,22,0,7%,11.5%
Cade Otton,Tampa Bay Buccaneers,16,JAX,Home,1,1,7,7,7,0,3%,2.5%
Cade Otton,Tampa Bay Buccaneers,17,NO,Home,6,2,10,5,6,0,18%,3.2%
Calvin Austin,Pittsburgh Steelers,1,SF,Home,6,6,37,6.17,13,0,13%,15.9%
Calvin Austin,Pittsburgh Steelers,2,CLE,Home,4,1,10,10,10,0,14%,4.5%
Calvin Austin,Pittsburgh Steelers,3,LV,Away,6,2,72,36,72,1,22%,30.6%
Calvin Austin,Pittsburgh Steelers,4,HOU,Away,5,3,24,8,12,0,19%,18.2%
Calvin Austin,Pittsburgh Steelers,5,BAL,Home,1,0,0,0,0,0,3%,0.0%
Calvin Austin,Pittsburgh Steelers,8,JAX,Home,2,2,19,9.5,12,0,5%,9.0%
Calvin Austin,Pittsburgh Steelers,9,TEN,Home,1,0,0,0,0,0,3%,0.0%
Calvin Austin,Pittsburgh Steelers,10,GB,Home,1,1,3,3,3,0,5%,2.4%
Calvin Austin,Pittsburgh Steelers,12,CIN,Away,1,1,5,5,5,0,3%,1.8%
Calvin Austin,Pittsburgh Steelers,13,ARI,Home,1,1,10,10,10,0,4%,5.3%
Calvin Austin,Pittsburgh Steelers,16,CIN,Home,2,0,0,0,0,0,8%,0.0%
Calvin Ridley,Jacksonville Jaguars,1,IND,Away,11,8,101,12.62,29,1,34%,41.9%
Calvin Ridley,Jacksonville Jaguars,2,KC,Home,8,2,32,16,26,0,20%,14.9%
Calvin Ridley,Jacksonville Jaguars,3,HOU,Home,7,3,40,13.33,21,0,18%,13.9%
Calvin Ridley,Jacksonville Jaguars,4,ATL,Home,2,2,38,19,30,1,7%,18.4%
Calvin Ridley,Jacksonville Jaguars,5,BUF,Away,8,7,122,17.43,32,0,22%,38.7%
Calvin Ridley,Jacksonville Jaguars,6,IND,Home,8,4,30,7.5,10,0,29%,16.6%
Calvin Ridley,Jacksonville Jaguars,7,NO,Away,4,1,5,5,5,0,13%,2.3%
Calvin Ridley,Jacksonville Jaguars,8,PIT,Away,10,6,83,13.83,27,0,31%,28.4%
Calvin Ridley,Jacksonville Jaguars,10,SF,Home,3,2,20,10,11,0,10%,10.5%
Calvin Ridley,Jacksonville Jaguars,11,TEN,Home,9,7,103,14.71,34,2,29%,39.3%
Calvin Ridley,Jacksonville Jaguars,12,HOU,Away,6,5,89,17.8,45,1,16%,24.5%
Calvin Ridley,Jacksonville Jaguars,13,CIN,Home,8,4,26,6.5,21,0,21%,8.1%
Calvin Ridley,Jacksonville Jaguars,14,CLE,Away,13,4,53,13.25,16,0,27%,20.6%
Calvin Ridley,Jacksonville Jaguars,15,BAL,Home,12,5,39,7.8,13,0,29%,14.8%
Calvin Ridley,Jacksonville Jaguars,16,TB,Away,9,6,90,15,25,2,21%,29.5%
Calvin Ridley,Jacksonville Jaguars,17,CAR,Home,8,4,39,9.75,14,0,35%,21.9%
Cam Akers,Minnesota Vikings,4,CAR,Away,2,2,11,5.5,9,0,11%,7.9%
Cam Akers,Minnesota Vikings,5,KC,Home,2,2,3,1.5,3,0,4%,1.1%
Cam Akers,Minnesota Vikings,6,CHI,Away,1,1,7,7,7,0,3%,3.9%
Cam Akers,Minnesota Vikings,7,SF,Home,3,2,30,15,30,0,7%,7.9%
Cam Akers,Minnesota Vikings,8,GB,Away,1,1,6,6,6,0,3%,2.0%
Cam Akers,Minnesota Vikings,9,ATL,Away,3,3,13,4.33,11,0,9%,5.5%
Cartavious Bigsby,Jacksonville Jaguars,1,IND,Away,1,0,0,0,0,0,3%,0.0%
Cartavious Bigsby,Jacksonville Jaguars,3,HOU,Home,1,0,0,0,0,0,3%,0.0%
Cartavious Bigsby,Jacksonville Jaguars,6,IND,Home,1,1,6,6,6,0,4%,3.3%
Cartavious Bigsby,Jacksonville Jaguars,10,SF,Home,1,0,0,0,0,0,3%,0.0%
Cedric Tillman,Cleveland Browns,4,BAL,Home,3,1,5,5,5,0,9%,4.1%
Cedric Tillman,Cleveland Browns,9,ARI,Home,1,1,3,3,3,0,4%,1.4%
Cedric Tillman,Cleveland Browns,10,BAL,Away,3,0,0,0,0,0,9%,0.0%
Cedric Tillman,Cleveland Browns,11,PIT,Home,2,1,2,2,2,0,5%,1.2%
Cedric Tillman,Cleveland Browns,12,DEN,Away,5,4,55,13.75,23,0,13%,28.9%
Cedric Tillman,Cleveland Browns,13,LAR,Away,6,2,20,10,13,0,15%,7.9%
Cedric Tillman,Cleveland Browns,14,JAX,Home,4,2,23,11.5,14,0,9%,7.4%
Cedric Tillman,Cleveland Browns,15,CHI,Home,8,4,52,13,19,0,18%,13.7%
Cedric Tillman,Cleveland Browns,16,HOU,Away,2,2,13,6.5,7,0,5%,3.5%
Cedric Tillman,Cleveland Browns,17,NYJ,Home,4,1,8,8,8,0,14%,2.6%
Cedrick Wilson,Miami Dolphins,4,BUF,Away,2,1,16,16,16,0,6%,5.7%
Cedrick Wilson,Miami Dolphins,5,NYG,Home,4,4,52,13,23,0,14%,16.9%
Cedrick Wilson,Miami Dolphins,7,PHI,Away,3,2,48,24,29,0,9%,22.2%
Cedrick Wilson,Miami Dolphins,8,NE,Home,1,1,1,1,1,1,2%,0.3%
Cedrick Wilson,Miami Dolphins,9,KC,Away,5,1,31,31,31,1,15%,16.1%
Cedrick Wilson,Miami Dolphins,11,LV,Home,4,3,23,7.67,12,0,11%,7.1%
Cedrick Wilson,Miami Dolphins,14,TEN,Home,4,2,30,15,22,0,12%,12.5%
Cedrick Wilson,Miami Dolphins,15,NYJ,Home,3,2,2,1,3,0,12%,0.9%
Cedrick Wilson,Miami Dolphins,16,DAL,Home,5,3,42,14,18,0,14%,14.3%
Cedrick Wilson,Miami Dolphins,17,BAL,Away,4,2,27,13.5,19,1,11%,11.4%
CeeDee Lamb,Dallas Cowboys,1,NYG,Away,4,4,77,19.25,49,0,16%,53.8%
CeeDee Lamb,Dallas Cowboys,2,NYJ,Home,13,11,143,13,31,0,35%,56.1%
CeeDee Lamb,Dallas Cowboys,3,ARI,Away,7,4,53,13.25,32,0,19%,21.3%
CeeDee Lamb,Dallas Cowboys,4,NE,Home,6,4,36,9,20,1,17%,12.8%
CeeDee Lamb,Dallas Cowboys,5,SF,Away,5,4,49,12.25,29,0,19%,30.4%
CeeDee Lamb,Dallas Cowboys,6,LAC,Away,7,7,117,16.71,23,0,23%,43.0%
CeeDee Lamb,Dallas Cowboys,8,LAR,Home,14,12,158,13.17,26,2,41%,51.5%
CeeDee Lamb,Dallas Cowboys,9,PHI,Away,16,11,191,17.36,29,0,36%,51.1%
CeeDee Lamb,Dallas Cowboys,10,NYG,Home,14,11,151,13.73,30,1,32%,32.0%
CeeDee Lamb,Dallas Cowboys,11,CAR,Away,9,6,38,6.33,10,1,23%,18.6%
CeeDee Lamb,Dallas Cowboys,12,WAS,Home,9,4,53,13.25,16,1,28%,16.0%
CeeDee Lamb,Dallas Cowboys,13,SEA,Home,17,12,116,9.67,23,1,43%,38.8%
CeeDee Lamb,Dallas Cowboys,14,PHI,Home,10,6,71,11.83,26,1,26%,26.2%
CeeDee Lamb,Dallas Cowboys,15,BUF,Away,10,7,53,7.57,16,0,31%,39.6%
CeeDee Lamb,Dallas Cowboys,16,MIA,Away,10,6,118,19.67,49,1,31%,46.6%
CeeDee Lamb,Dallas Cowboys,17,DET,Home,17,13,227,17.46,92,1,46%,65.8%
Charlie Jones,Cincinnati Bengals,3,LAR,Home,2,1,6,6,6,0,4%,2.3%
Charlie Jones,Cincinnati Bengals,15,MIN,Home,3,2,10,5,7,0,8%,3.1%
Charlie Jones,Cincinnati Bengals,16,PIT,Away,1,1,-1,-1,-1,0,3%,-0.3%
Charlie Kolar,Baltimore Ravens,1,HOU,Home,1,0,0,0,0,0,5%,0.0%
Charlie Kolar,Baltimore Ravens,11,CIN,Home,1,1,13,13,13,0,4%,4.9%
Charlie Kolar,Baltimore Ravens,15,JAX,Away,1,1,15,15,15,0,4%,8.8%
Charlie Kolar,Baltimore Ravens,16,SF,Away,1,1,17,17,17,0,3%,6.7%
Charlie Kolar,Baltimore Ravens,17,MIA,Home,1,1,19,19,19,1,5%,5.6%
Charlie Woerner,San Francisco 49ers,12,SEA,Away,1,1,9,9,9,0,3%,4.3%
Charlie Woerner,San Francisco 49ers,14,SEA,Home,1,1,3,3,3,0,4%,0.8%
Chase Brown,Cincinnati Bengals,4,TEN,Away,1,1,-3,-3,-3,0,4%,-1.8%
Chase Brown,Cincinnati Bengals,5,ARI,Away,1,1,2,2,2,0,2%,0.6%
Chase Brown,Cincinnati Bengals,6,SEA,Home,1,1,8,8,8,0,3%,4.3%
Chase Brown,Cincinnati Bengals,14,IND,Home,3,3,80,26.67,54,1,12%,29.2%
Chase Brown,Cincinnati Bengals,15,MIN,Home,3,3,28,9.33,13,0,8%,8.6%
Chase Brown,Cincinnati Bengals,16,PIT,Away,2,2,8,4,6,0,5%,2.4%
Chase Brown,Cincinnati Bengals,17,KC,Away,2,2,23,11.5,19,0,6%,11.7%
Chase Claypool,Chicago Bears,1,GB,Home,2,0,0,0,0,0,6%,0.0%
Chase Claypool,Chicago Bears,2,TB,Away,8,3,36,12,20,1,29%,17.1%
Chase Claypool,Chicago Bears,3,KC,Away,4,1,15,15,15,0,20%,15.2%
Chase Claypool,Miami Dolphins,8,NE,Home,2,1,15,15,15,0,5%,4.6%
Chase Claypool,Miami Dolphins,15,NYJ,Home,2,2,8,4,5,0,8%,3.5%
Chase Claypool,Miami Dolphins,17,BAL,Away,1,0,0,0,0,0,3%,0.0%
Chase Edmonds,Tampa Bay Buccaneers,8,BUF,Away,3,2,16,8,9,0,8%,6.8%
Chase Edmonds,Tampa Bay Buccaneers,9,HOU,Away,1,1,-1,-1,-1,0,3%,-0.4%
Chase Edmonds,Tampa Bay Buccaneers,10,TEN,Home,1,1,-2,-2,-2,0,3%,-0.7%
Chase Edmonds,Tampa Bay Buccaneers,11,SF,Away,1,1,11,11,11,0,2%,4.5%
Chase Edmonds,Tampa Bay Buccaneers,12,IND,Away,1,0,0,0,0,0,3%,0.0%
Chase Edmonds,Tampa Bay Buccaneers,13,CAR,Home,1,1,2,2,2,0,4%,1.0%
Chase Edmonds,Tampa Bay Buccaneers,14,ATL,Away,2,2,18,9,10,0,7%,12.5%
Chase Edmonds,Tampa Bay Buccaneers,17,NO,Home,6,5,40,8,14,0,18%,12.9%
Chatarius Atwell,Los Angeles Rams,1,SEA,Away,8,6,119,19.83,44,0,22%,35.6%
Chatarius Atwell,Los Angeles Rams,2,SF,Home,9,7,77,11,18,0,17%,25.1%
Chatarius Atwell,Los Angeles Rams,3,CIN,Away,9,4,50,12.5,37,1,28%,18.6%
Chatarius Atwell,Los Angeles Rams,4,IND,Away,9,5,24,4.8,11,0,23%,7.5%
Chatarius Atwell,Los Angeles Rams,5,PHI,Home,5,2,9,4.5,6,1,15%,4.1%
Chatarius Atwell,Los Angeles Rams,6,ARI,Home,1,1,30,30,30,0,5%,13.3%
Chatarius Atwell,Los Angeles Rams,7,PIT,Home,2,1,31,31,31,1,7%,13.4%
Chatarius Atwell,Los Angeles Rams,8,DAL,Away,4,2,21,10.5,20,0,13%,10.3%
Chatarius Atwell,Los Angeles Rams,9,GB,Away,7,4,13,3.25,5,0,26%,10.0%
Chatarius Atwell,Los Angeles Rams,11,SEA,Home,3,1,17,17,17,0,10%,8.9%
Chatarius Atwell,Los Angeles Rams,12,ARI,Away,3,3,76,25.33,42,0,10%,33.2%
Chatarius Atwell,Los Angeles Rams,13,CLE,Home,2,1,9,9,9,0,6%,3.2%
Chatarius Atwell,Los Angeles Rams,14,BAL,Away,1,0,0,0,0,0,3%,0.0%
Chauncey Golston,Dallas Cowboys,4,NE,Home,0,0,0,0,0,0,0%,0.0%
Chigoziem Okonkwo,Tennessee Titans,1,NO,Away,2,0,0,0,0,0,6%,0.0%
Chigoziem Okonkwo,Tennessee Titans,2,LAC,Home,4,4,35,8.75,20,0,17%,14.2%
Chigoziem Okonkwo,Tennessee Titans,3,CLE,Away,4,3,7,2.33,6,0,17%,6.7%
Chigoziem Okonkwo,Tennessee Titans,4,CIN,Home,3,3,29,9.67,13,0,12%,12.0%
Chigoziem Okonkwo,Tennessee Titans,5,IND,Away,9,5,33,6.6,11,0,26%,12.5%
Chigoziem Okonkwo,Tennessee Titans,6,BAL,Home,4,2,18,9,11,0,20%,12.0%
Chigoziem Okonkwo,Tennessee Titans,8,ATL,Home,6,4,23,5.75,12,0,22%,9.7%
Chigoziem Okonkwo,Tennessee Titans,9,PIT,Away,4,3,28,9.33,12,0,11%,10.7%
Chigoziem Okonkwo,Tennessee Titans,10,TB,Away,6,3,27,9,15,0,16%,13.6%
Chigoziem Okonkwo,Tennessee Titans,11,JAX,Away,2,1,6,6,6,0,12%,3.8%
Chigoziem Okonkwo,Tennessee Titans,12,CAR,Home,5,4,45,11.25,25,0,19%,24.3%
Chigoziem Okonkwo,Tennessee Titans,13,IND,Home,6,3,62,20.67,39,0,18%,27.7%
Chigoziem Okonkwo,Tennessee Titans,14,MIA,Away,6,5,46,9.2,16,0,17%,14.1%
Chigoziem Okonkwo,Tennessee Titans,15,HOU,Home,3,3,36,12,22,0,12%,18.1%
Chigoziem Okonkwo,Tennessee Titans,16,SEA,Home,6,6,63,10.5,17,1,25%,38.4%
Chigoziem Okonkwo,Tennessee Titans,17,HOU,Away,4,3,34,11.33,21,0,16%,18.5%
Chris Evans,Cincinnati Bengals,1,CLE,Away,1,1,-1,-1,-1,0,3%,-1.2%
Chris Godwin,Tampa Bay Buccaneers,1,MIN,Away,6,5,51,10.2,16,0,19%,29.5%
Chris Godwin,Tampa Bay Buccaneers,2,CHI,Home,8,5,58,11.6,24,0,25%,18.3%
Chris Godwin,Tampa Bay Buccaneers,3,PHI,Home,5,3,32,10.67,18,0,20%,21.9%
Chris Godwin,Tampa Bay Buccaneers,4,NO,Away,11,8,114,14.25,42,0,37%,46.3%
Chris Godwin,Tampa Bay Buccaneers,6,DET,Home,7,6,77,12.83,23,0,19%,37.4%
Chris Godwin,Tampa Bay Buccaneers,7,ATL,Home,12,6,66,11,33,0,29%,24.0%
Chris Godwin,Tampa Bay Buccaneers,8,BUF,Away,7,5,54,10.8,31,1,18%,22.8%
Chris Godwin,Tampa Bay Buccaneers,9,HOU,Away,6,2,16,8,15,0,20%,6.0%
Chris Godwin,Tampa Bay Buccaneers,10,TEN,Home,6,4,54,13.5,17,0,21%,19.4%
Chris Godwin,Tampa Bay Buccaneers,11,SF,Away,7,6,39,6.5,11,0,16%,15.9%
Chris Godwin,Tampa Bay Buccaneers,12,IND,Away,7,3,45,15,21,0,23%,22.6%
Chris Godwin,Tampa Bay Buccaneers,13,CAR,Home,3,0,0,0,0,0,11%,0.0%
Chris Godwin,Tampa Bay Buccaneers,14,ATL,Away,11,5,53,10.6,32,0,38%,36.8%
Chris Godwin,Tampa Bay Buccaneers,15,GB,Away,12,10,155,15.5,25,0,44%,40.7%
Chris Godwin,Tampa Bay Buccaneers,16,JAX,Home,11,6,78,13,22,0,31%,27.6%
Chris Godwin,Tampa Bay Buccaneers,17,NO,Home,5,3,81,27,47,1,15%,26.2%
Chris Manhertz,Denver Broncos,3,MIA,Away,1,0,0,0,0,0,3%,0.0%
Chris Manhertz,Denver Broncos,4,CHI,Away,1,1,10,10,10,0,4%,4.5%
Chris Manhertz,Denver Broncos,6,KC,Away,1,0,0,0,0,0,5%,0.0%
Chris Manhertz,Denver Broncos,10,BUF,Away,1,1,6,6,6,0,3%,3.1%
Chris Moore,Tennessee Titans,1,NO,Away,1,0,0,0,0,0,3%,0.0%
Chris Moore,Tennessee Titans,2,LAC,Home,1,1,49,49,49,0,4%,19.9%
Chris Moore,Tennessee Titans,3,CLE,Away,3,2,41,20.5,33,0,13%,39.4%
Chris Moore,Tennessee Titans,4,CIN,Home,3,1,44,44,44,0,12%,18.2%
Chris Moore,Tennessee Titans,6,BAL,Home,1,1,6,6,6,0,5%,4.0%
Chris Moore,Tennessee Titans,9,PIT,Away,2,1,29,29,29,0,5%,11.1%
Chris Moore,Tennessee Titans,10,TB,Away,4,2,21,10.5,11,0,11%,10.6%
Chris Moore,Tennessee Titans,11,JAX,Away,1,1,49,49,49,0,6%,31.0%
Chris Moore,Tennessee Titans,12,CAR,Home,4,3,41,13.67,22,0,15%,22.2%
Chris Moore,Tennessee Titans,13,IND,Home,1,1,12,12,12,0,3%,5.4%
Chris Moore,Tennessee Titans,14,MIA,Away,1,1,22,22,22,0,3%,6.7%
Chris Moore,Tennessee Titans,15,HOU,Home,4,3,39,13,23,0,15%,19.6%
Chris Moore,Tennessee Titans,16,SEA,Home,2,1,9,9,9,0,8%,5.5%
Chris Moore,Tennessee Titans,17,HOU,Away,3,1,32,32,32,0,12%,17.4%
Chris Olave,New Orleans Saints,1,TEN,Home,10,8,112,14,45,0,30%,36.7%
Chris Olave,New Orleans Saints,2,CAR,Away,11,6,86,14.33,42,0,32%,36.4%
Chris Olave,New Orleans Saints,3,GB,Away,11,8,104,13,28,0,32%,51.0%
Chris Olave,New Orleans Saints,4,TB,Home,6,1,4,4,4,0,16%,2.9%
Chris Olave,New Orleans Saints,5,NE,Away,5,2,12,6,7,1,20%,6.6%
Chris Olave,New Orleans Saints,6,HOU,Away,10,7,96,13.71,24,0,22%,26.9%
Chris Olave,New Orleans Saints,7,JAX,Home,15,7,57,8.14,14,0,28%,18.9%
Chris Olave,New Orleans Saints,8,IND,Away,9,5,46,9.2,15,0,31%,13.0%
Chris Olave,New Orleans Saints,9,CHI,Home,8,6,46,7.67,14,1,25%,21.5%
Chris Olave,New Orleans Saints,10,MIN,Away,9,6,94,15.67,26,1,23%,40.5%
Chris Olave,New Orleans Saints,12,ATL,Away,9,7,114,16.29,51,0,24%,37.5%
Chris Olave,New Orleans Saints,13,DET,Home,8,5,119,23.8,33,0,28%,44.6%
Chris Olave,New Orleans Saints,14,CAR,Home,5,4,28,7,8,1,23%,23.5%
Chris Olave,New Orleans Saints,16,LAR,Away,13,9,123,13.67,28,0,33%,38.6%
Chris Olave,New Orleans Saints,17,TB,Away,6,3,26,8.67,14,0,18%,12.5%
Christian Kirk,Jacksonville Jaguars,1,IND,Away,3,1,9,9,9,0,9%,3.7%
Christian Kirk,Jacksonville Jaguars,2,KC,Home,14,11,110,10,45,0,34%,51.2%
Christian Kirk,Jacksonville Jaguars,3,HOU,Home,6,4,54,13.5,26,1,15%,18.8%
Christian Kirk,Jacksonville Jaguars,4,ATL,Home,12,8,84,10.5,30,0,40%,40.6%
Christian Kirk,Jacksonville Jaguars,5,BUF,Away,8,6,78,13,30,0,22%,24.8%
Christian Kirk,Jacksonville Jaguars,6,IND,Home,6,3,49,16.33,29,1,21%,27.1%
Christian Kirk,Jacksonville Jaguars,7,NO,Away,6,6,90,15,44,1,20%,41.5%
Christian Kirk,Jacksonville Jaguars,8,PIT,Away,5,4,46,11.5,29,0,16%,15.8%
Christian Kirk,Jacksonville Jaguars,10,SF,Home,11,6,104,17.33,39,0,35%,54.7%
Christian Kirk,Jacksonville Jaguars,11,TEN,Home,6,3,48,16,20,0,19%,18.3%
Christian Kirk,Jacksonville Jaguars,12,HOU,Away,7,4,89,22.25,57,0,19%,24.5%
Christian Kirk,Jacksonville Jaguars,13,CIN,Home,1,1,26,26,26,0,3%,8.1%
Christian McCaffrey,San Francisco 49ers,1,PIT,Away,5,3,17,5.67,7,0,18%,7.7%
Christian McCaffrey,San Francisco 49ers,2,LAR,Away,3,3,19,6.33,9,0,13%,9.2%
Christian McCaffrey,San Francisco 49ers,3,NYG,Home,5,5,34,6.8,17,0,15%,11.0%
Christian McCaffrey,San Francisco 49ers,4,ARI,Home,8,7,71,10.14,13,1,38%,25.1%
Christian McCaffrey,San Francisco 49ers,5,DAL,Home,3,2,27,13.5,19,0,12%,10.7%
Christian McCaffrey,San Francisco 49ers,6,CLE,Away,3,3,9,3,13,1,13%,7.2%
Christian McCaffrey,San Francisco 49ers,7,MIN,Away,3,3,51,17,35,1,10%,18.8%
Christian McCaffrey,San Francisco 49ers,8,CIN,Home,7,6,64,10.67,28,1,23%,17.5%
Christian McCaffrey,San Francisco 49ers,10,JAX,Away,10,6,47,7.83,17,0,37%,15.6%
Christian McCaffrey,San Francisco 49ers,11,TB,Home,5,5,25,5,11,1,20%,7.5%
Christian McCaffrey,San Francisco 49ers,12,SEA,Away,6,5,25,5,14,0,20%,12.0%
Christian McCaffrey,San Francisco 49ers,13,PHI,Away,4,3,40,13.33,33,0,16%,12.7%
Christian McCaffrey,San Francisco 49ers,14,SEA,Home,1,1,8,8,8,0,4%,2.2%
Christian McCaffrey,San Francisco 49ers,15,ARI,Away,5,5,72,14.4,41,2,19%,27.5%
Christian McCaffrey,San Francisco 49ers,16,BAL,Home,10,6,28,4.67,12,0,23%,8.3%
Christian McCaffrey,San Francisco 49ers,17,WAS,Away,5,4,27,6.75,12,0,19%,11.7%
Christian Watson,Green Bay Packers,4,DET,Home,4,2,25,12.5,24,1,12%,10.2%
Christian Watson,Green Bay Packers,5,LV,Away,7,3,91,30.33,77,0,24%,50.0%
Christian Watson,Green Bay Packers,7,DEN,Away,5,3,27,9,23,0,16%,13.9%
Christian Watson,Green Bay Packers,8,MIN,Home,8,3,33,11,17,0,20%,14.4%
Christian Watson,Green Bay Packers,9,LAR,Home,2,1,37,37,37,0,8%,16.2%
Christian Watson,Green Bay Packers,10,PIT,Away,7,2,23,11.5,14,0,19%,8.0%
Christian Watson,Green Bay Packers,11,LAC,Home,4,2,21,10.5,11,1,11%,6.5%
Christian Watson,Green Bay Packers,12,DET,Away,7,5,94,18.8,53,1,23%,35.1%
Christian Watson,Green Bay Packers,13,KC,Home,9,7,71,10.14,19,2,26%,26.6%
Christopher Rodriguez,Washington Commanders,11,NYG,Home,1,1,5,5,5,0,2%,2.0%
Christopher Rodriguez,Washington Commanders,16,NYJ,Away,1,1,7,7,7,0,3%,4.5%
Chuba Hubbard,Carolina Panthers,1,ATL,Away,2,2,9,4.5,7,0,6%,6.2%
Chuba Hubbard,Carolina Panthers,2,NO,Home,5,5,34,6.8,11,0,16%,22.2%
Chuba Hubbard,Carolina Panthers,3,SEA,Away,3,2,2,1,1,0,5%,0.6%
Chuba Hubbard,Carolina Panthers,4,MIN,Home,2,2,12,6,12,0,6%,5.9%
Chuba Hubbard,Carolina Panthers,5,DET,Away,2,1,0,0,0,0,6%,0.0%
Chuba Hubbard,Carolina Panthers,6,MIA,Away,1,1,2,2,2,0,3%,0.9%
Chuba Hubbard,Carolina Panthers,8,HOU,Home,2,2,26,13,14,0,6%,11.1%
Chuba Hubbard,Carolina Panthers,9,IND,Home,6,4,9,2.25,4,0,16%,5.2%
Chuba Hubbard,Carolina Panthers,10,CHI,Away,2,2,16,8,10,0,6%,8.6%
Chuba Hubbard,Carolina Panthers,11,DAL,Home,2,2,8,4,6,0,8%,6.5%
Chuba Hubbard,Carolina Panthers,12,TEN,Away,5,5,47,9.4,25,0,21%,24.2%
Chuba Hubbard,Carolina Panthers,14,NO,Away,2,2,9,4.5,6,0,6%,6.6%
Chuba Hubbard,Carolina Panthers,15,ATL,Home,2,2,16,8,10,0,9%,9.6%
Chuba Hubbard,Carolina Panthers,16,GB,Home,1,1,8,8,8,0,3%,2.6%
Chuba Hubbard,Carolina Panthers,17,JAX,Away,5,4,26,6.5,8,0,16%,23.2%
Clyde Edwards-Helaire,Kansas City Chiefs,1,DET,Home,1,1,7,7,7,0,3%,3.1%
Clyde Edwards-Helaire,Kansas City Chiefs,2,JAX,Away,2,2,17,8.5,10,0,5%,5.6%
Clyde Edwards-Helaire,Kansas City Chiefs,3,CHI,Home,1,1,2,2,2,0,3%,0.7%
Clyde Edwards-Helaire,Kansas City Chiefs,4,NYJ,Away,1,1,1,1,1,0,3%,0.5%
Clyde Edwards-Helaire,Kansas City Chiefs,6,DEN,Home,1,1,9,9,9,0,3%,2.9%
Clyde Edwards-Helaire,Kansas City Chiefs,7,LAC,Home,1,0,0,0,0,0,3%,0.0%
Clyde Edwards-Helaire,Kansas City Chiefs,13,GB,Away,2,1,8,8,8,0,7%,3.8%
Clyde Edwards-Helaire,Kansas City Chiefs,14,BUF,Home,4,2,29,14.5,20,0,10%,10.7%
Clyde Edwards-Helaire,Kansas City Chiefs,15,NE,Away,4,4,64,16,48,1,11%,20.7%
Clyde Edwards-Helaire,Kansas City Chiefs,16,LV,Home,3,3,42,14,32,0,7%,17.1%
Cody Thompson,Seattle Seahawks,4,NYG,Away,1,1,10,10,10,0,4%,5.8%
Colby Parkinson,Seattle Seahawks,1,LAR,Home,2,1,8,8,8,0,8%,7.1%
Colby Parkinson,Seattle Seahawks,2,DET,Away,3,2,41,20.5,21,0,8%,12.5%
Colby Parkinson,Seattle Seahawks,3,CAR,Home,4,3,38,12.67,17,0,11%,12.8%
Colby Parkinson,Seattle Seahawks,4,NYG,Away,1,0,0,0,0,0,4%,0.0%
Colby Parkinson,Seattle Seahawks,6,CIN,Away,4,3,16,5.33,8,0,11%,5.0%
Colby Parkinson,Seattle Seahawks,7,ARI,Home,2,2,26,13,27,0,8%,11.9%
Colby Parkinson,Seattle Seahawks,9,BAL,Away,1,1,6,6,6,0,4%,3.8%
Colby Parkinson,Seattle Seahawks,10,WAS,Home,1,1,3,3,3,0,2%,0.8%
Colby Parkinson,Seattle Seahawks,12,SF,Home,1,1,9,9,9,0,4%,5.0%
Colby Parkinson,Seattle Seahawks,14,SF,Away,2,2,28,14,25,1,6%,10.4%
Colby Parkinson,Seattle Seahawks,15,PHI,Home,1,1,6,6,6,0,3%,2.9%
Colby Parkinson,Seattle Seahawks,16,TEN,Away,4,3,17,5.67,7,1,11%,7.5%
Colby Parkinson,Seattle Seahawks,17,PIT,Home,3,2,38,19,20,0,9%,13.1%
Cole Fotheringham,Las Vegas Raiders,16,KC,Away,1,1,6,6,6,0,5%,9.7%
Cole Kmet,Chicago Bears,1,GB,Home,7,5,44,8.8,15,0,19%,20.4%
Cole Kmet,Chicago Bears,2,TB,Away,6,4,38,9.5,11,0,21%,18.0%
Cole Kmet,Chicago Bears,3,KC,Away,2,2,22,11,14,0,10%,22.2%
Cole Kmet,Chicago Bears,4,DEN,Home,9,7,85,12.14,22,2,28%,25.4%
Cole Kmet,Chicago Bears,5,WAS,Away,5,5,42,8.4,23,1,20%,14.9%
Cole Kmet,Chicago Bears,6,MIN,Home,3,2,9,4.5,7,0,13%,6.4%
Cole Kmet,Chicago Bears,8,LAC,Away,10,10,79,7.9,17,0,27%,34.1%
Cole Kmet,Chicago Bears,9,NO,Away,8,6,55,9.17,18,2,31%,25.0%
Cole Kmet,Chicago Bears,10,CAR,Home,7,5,45,9,14,0,22%,27.8%
Cole Kmet,Chicago Bears,11,DET,Away,4,3,20,6.67,11,0,18%,11.8%
Cole Kmet,Chicago Bears,12,MIN,Away,7,7,43,6.14,24,0,22%,19.8%
Cole Kmet,Chicago Bears,14,DET,Home,7,5,66,13.2,41,0,23%,29.6%
Cole Kmet,Chicago Bears,15,CLE,Away,7,5,23,4.6,8,1,20%,13.9%
Cole Kmet,Chicago Bears,16,ARI,Home,5,4,107,26.75,53,0,22%,62.9%
Cole Strange,New England Patriots,2,MIA,Home,0,0,3,0,3,0,0%,1.3%
Cole Turner,Washington Commanders,1,ARI,Home,2,1,17,17,17,0,7%,8.4%
Cole Turner,Washington Commanders,2,DEN,Away,2,2,21,10.5,12,0,6%,7.0%
Cole Turner,Washington Commanders,3,BUF,Home,7,4,35,8.75,21,0,24%,20.6%
Cole Turner,Washington Commanders,5,CHI,Home,1,1,9,9,9,0,2%,2.3%
Cole Turner,Washington Commanders,11,NYG,Home,1,1,7,7,7,0,2%,2.7%
Cole Turner,Washington Commanders,12,DAL,Away,1,1,29,29,29,0,2%,9.7%
Cole Turner,Washington Commanders,13,MIA,Home,1,1,2,2,2,0,5%,1.6%
Collin Johnson,Chicago Bears,17,ATL,Home,1,1,11,11,11,0,3%,4.1%
Colton Dowell,Tennessee Titans,4,CIN,Home,1,0,0,0,0,0,4%,0.0%
Colton Dowell,Tennessee Titans,16,SEA,Home,1,1,3,3,3,0,4%,1.8%
Connor Heyward,Pittsburgh Steelers,1,SF,Home,4,2,19,9.5,11,0,9%,8.2%
Connor Heyward,Pittsburgh Steelers,3,LV,Away,2,0,0,0,0,0,7%,0.0%
Connor Heyward,Pittsburgh Steelers,5,BAL,Home,4,3,23,7.67,12,0,13%,10.3%
Connor Heyward,Pittsburgh Steelers,7,LAR,Away,3,2,23,11.5,12,0,13%,10.0%
Connor Heyward,Pittsburgh Steelers,8,JAX,Home,6,5,24,4.8,9,0,15%,11.4%
Connor Heyward,Pittsburgh Steelers,9,TEN,Home,3,2,16,8,11,0,10%,10.0%
Connor Heyward,Pittsburgh Steelers,10,GB,Home,4,3,32,10.67,13,0,18%,25.4%
Connor Heyward,Pittsburgh Steelers,12,CIN,Away,2,2,11,5.5,10,0,6%,4.0%
Connor Heyward,Pittsburgh Steelers,13,ARI,Home,2,0,0,0,0,0,7%,0.0%
Connor Heyward,Pittsburgh Steelers,14,NE,Home,2,2,15,7.5,10,0,6%,7.9%
Cooper Kupp,Los Angeles Rams,5,PHI,Home,12,8,118,14.75,39,0,35%,53.2%
Cooper Kupp,Los Angeles Rams,6,ARI,Home,9,7,148,21.14,49,1,43%,65.5%
Cooper Kupp,Los Angeles Rams,7,PIT,Home,7,2,29,14.5,24,0,26%,12.6%
Cooper Kupp,Los Angeles Rams,8,DAL,Away,10,4,21,5.25,9,0,31%,10.3%
Cooper Kupp,Los Angeles Rams,9,GB,Away,7,2,48,24,34,0,26%,36.9%
Cooper Kupp,Los Angeles Rams,11,SEA,Home,1,1,11,11,11,0,3%,5.8%
Cooper Kupp,Los Angeles Rams,12,ARI,Away,5,3,18,6,7,0,16%,7.9%
Cooper Kupp,Los Angeles Rams,13,CLE,Home,8,6,39,6.5,13,1,24%,14.0%
Cooper Kupp,Los Angeles Rams,14,BAL,Away,10,8,115,14.38,34,1,26%,39.1%
Cooper Kupp,Los Angeles Rams,15,WAS,Home,8,8,111,13.88,62,1,25%,43.0%
Cooper Kupp,Los Angeles Rams,16,NO,Home,12,6,52,8.67,12,0,38%,15.9%
Cooper Kupp,Los Angeles Rams,17,NYG,Away,6,4,27,6.75,8,1,18%,8.5%
Cordarrelle Patterson,Atlanta Falcons,5,HOU,Home,1,1,7,7,7,0,3%,2.0%
Cordarrelle Patterson,Atlanta Falcons,6,WAS,Home,1,1,6,6,6,0,2%,2.0%
Cordarrelle Patterson,Atlanta Falcons,9,MIN,Home,1,1,3,3,3,0,3%,1.1%
Cordarrelle Patterson,Atlanta Falcons,10,ARI,Away,2,2,7,3.5,5,0,11%,7.4%
Cordarrelle Patterson,Atlanta Falcons,13,NYJ,Away,2,1,6,6,6,0,8%,5.0%
Cordarrelle Patterson,Atlanta Falcons,15,CAR,Away,3,1,2,2,2,1,16%,1.3%
Cordarrelle Patterson,Atlanta Falcons,16,IND,Home,2,2,7,3.5,11,0,6%,3.1%
Courtland Sutton,Denver Broncos,1,LV,Home,5,4,32,8,15,1,16%,18.1%
Courtland Sutton,Denver Broncos,2,WAS,Home,7,5,66,13.2,21,0,26%,21.4%
Courtland Sutton,Denver Broncos,3,MIA,Away,11,8,91,11.38,25,1,31%,29.7%
Courtland Sutton,Denver Broncos,4,CHI,Away,5,3,27,9,13,1,19%,12.1%
Courtland Sutton,Denver Broncos,5,NYJ,Home,3,1,13,13,13,0,11%,6.6%
Courtland Sutton,Denver Broncos,6,KC,Away,6,4,46,11.5,21,1,27%,48.4%
Courtland Sutton,Denver Broncos,7,GB,Home,6,6,76,12.67,33,1,25%,39.2%
Courtland Sutton,Denver Broncos,8,KC,Home,3,2,29,14.5,23,1,17%,25.4%
Courtland Sutton,Denver Broncos,10,BUF,Away,11,8,53,6.62,30,1,38%,27.5%
Courtland Sutton,Denver Broncos,11,MIN,Home,5,4,66,16.5,33,1,16%,25.5%
Courtland Sutton,Denver Broncos,12,CLE,Home,6,3,61,20.33,31,0,29%,45.5%
Courtland Sutton,Denver Broncos,13,HOU,Away,7,2,77,38.5,45,1,29%,41.4%
Courtland Sutton,Denver Broncos,14,LAC,Away,4,3,62,20.67,46,1,13%,27.7%
Courtland Sutton,Denver Broncos,15,DET,Away,6,5,71,14.2,23,0,19%,31.8%
Courtland Sutton,Denver Broncos,16,NE,Home,1,0,0,0,0,0,3%,0.0%
Craig Reynolds,Detroit Lions,2,SEA,Home,1,1,-2,-2,-2,0,3%,-0.6%
Craig Reynolds,Detroit Lions,6,TB,Away,2,2,28,14,28,0,5%,7.9%
Craig Reynolds,Detroit Lions,7,BAL,Away,1,1,9,9,9,0,2%,3.2%
Craig Reynolds,Detroit Lions,8,LV,Home,1,1,12,12,12,0,3%,4.4%
Curtis Samuel,Washington Commanders,1,ARI,Home,5,5,54,10.8,32,0,17%,26.7%
Curtis Samuel,Washington Commanders,2,DEN,Away,3,3,19,6.33,14,0,9%,6.4%
Curtis Samuel,Washington Commanders,3,BUF,Home,4,2,54,27,37,0,14%,31.8%
Curtis Samuel,Washington Commanders,4,PHI,Away,8,7,51,7.29,15,0,21%,17.6%
Curtis Samuel,Washington Commanders,5,CHI,Home,7,6,65,10.83,25,1,15%,16.8%
Curtis Samuel,Washington Commanders,6,ATL,Away,4,4,42,10.5,16,1,19%,27.8%
Curtis Samuel,Washington Commanders,7,NYG,Away,8,4,25,6.25,18,0,22%,10.0%
Curtis Samuel,Washington Commanders,8,PHI,Home,4,4,22,5.5,9,0,8%,5.5%
Curtis Samuel,Washington Commanders,10,SEA,Away,6,2,6,3,6,0,14%,1.9%
Curtis Samuel,Washington Commanders,11,NYG,Home,2,1,5,5,5,0,5%,2.0%
Curtis Samuel,Washington Commanders,12,DAL,Away,12,9,100,11.11,30,0,27%,33.3%
Curtis Samuel,Washington Commanders,13,MIA,Home,5,4,65,16.25,33,0,23%,51.2%
Curtis Samuel,Washington Commanders,15,LAR,Away,9,5,41,8.2,19,2,26%,18.1%
Curtis Samuel,Washington Commanders,16,NYJ,Away,6,1,16,16,16,0,19%,10.3%
Curtis Samuel,Washington Commanders,17,SF,Home,4,3,33,11,25,0,15%,19.5%
D.J. Chark,Carolina Panthers,2,NO,Home,1,1,15,15,15,0,3%,9.8%
D.J. Chark,Carolina Panthers,3,SEA,Away,11,4,86,21.5,47,1,19%,23.8%
D.J. Chark,Carolina Panthers,4,MIN,Home,3,2,28,14,18,0,10%,13.7%
D.J. Chark,Carolina Panthers,5,DET,Away,6,3,42,14,18,1,17%,17.0%
D.J. Chark,Carolina Panthers,6,MIA,Away,6,3,26,8.67,24,0,17%,11.6%
D.J. Chark,Carolina Panthers,8,HOU,Home,4,2,23,11.5,20,0,13%,9.8%
D.J. Chark,Carolina Panthers,9,IND,Home,3,2,9,4.5,5,1,8%,5.2%
D.J. Chark,Carolina Panthers,12,TEN,Away,4,3,34,11.33,19,0,17%,17.5%
D.J. Chark,Carolina Panthers,13,TB,Away,4,3,56,18.67,30,0,15%,31.5%
D.J. Chark,Carolina Panthers,14,NO,Away,4,2,26,13,18,0,13%,19.0%
D.J. Chark,Carolina Panthers,15,ATL,Home,2,1,18,18,18,0,9%,10.8%
D.J. Chark,Carolina Panthers,16,GB,Home,8,6,98,16.33,22,2,25%,31.4%
D.J. Chark,Carolina Panthers,17,JAX,Away,6,1,18,18,18,0,19%,16.1%
D.J. Montgomery,Indianapolis Colts,15,PIT,Home,4,2,48,24,34,1,15%,22.3%
D.J. Montgomery,Indianapolis Colts,16,ATL,Away,4,1,8,8,8,0,11%,4.0%
D.J. Moore,Chicago Bears,1,GB,Home,2,2,25,12.5,14,0,6%,11.6%
D.J. Moore,Chicago Bears,2,TB,Away,7,6,104,17.33,33,0,25%,49.3%
D.J. Moore,Chicago Bears,3,KC,Away,6,3,41,13.67,29,1,30%,41.4%
D.J. Moore,Chicago Bears,4,DEN,Home,9,8,131,16.38,29,1,28%,39.1%
D.J. Moore,Chicago Bears,5,WAS,Away,10,8,230,28.75,58,3,40%,81.6%
D.J. Moore,Chicago Bears,6,MIN,Home,8,5,51,10.2,24,0,33%,36.2%
D.J. Moore,Chicago Bears,7,LV,Home,9,8,54,6.75,15,0,32%,33.3%
D.J. Moore,Chicago Bears,8,LAC,Away,6,4,55,13.75,18,0,16%,23.7%
D.J. Moore,Chicago Bears,9,NO,Away,5,3,44,14.67,18,0,19%,20.0%
D.J. Moore,Chicago Bears,10,CAR,Home,9,5,58,11.6,16,0,28%,35.8%
D.J. Moore,Chicago Bears,11,DET,Away,9,7,96,13.71,39,1,41%,56.8%
D.J. Moore,Chicago Bears,12,MIN,Away,13,11,114,10.36,36,0,41%,52.5%
D.J. Moore,Chicago Bears,14,DET,Home,10,6,68,11.33,38,1,32%,30.5%
D.J. Moore,Chicago Bears,15,CLE,Away,8,4,52,13,27,0,23%,31.3%
D.J. Moore,Chicago Bears,16,ARI,Home,6,3,18,6,7,0,26%,10.6%
D.J. Moore,Chicago Bears,17,ATL,Home,13,9,159,17.67,32,1,43%,59.3%
D.K. Metcalf,Seattle Seahawks,1,LAR,Home,5,3,47,15.67,28,1,21%,42.0%
D.K. Metcalf,Seattle Seahawks,2,DET,Away,6,6,75,12.5,18,0,16%,22.9%
D.K. Metcalf,Seattle Seahawks,3,CAR,Home,8,6,112,18.67,34,0,23%,37.8%
D.K. Metcalf,Seattle Seahawks,4,NYG,Away,4,3,34,11.33,16,1,15%,19.7%
D.K. Metcalf,Seattle Seahawks,6,CIN,Away,10,4,69,17.25,30,0,27%,21.4%
D.K. Metcalf,Seattle Seahawks,8,CLE,Home,14,5,67,13.4,43,0,39%,26.4%
D.K. Metcalf,Seattle Seahawks,9,BAL,Away,4,1,50,50,50,0,16%,31.8%
D.K. Metcalf,Seattle Seahawks,10,WAS,Home,12,7,98,14,27,0,29%,26.6%
D.K. Metcalf,Seattle Seahawks,11,LAR,Away,9,5,94,18.8,53,1,24%,39.8%
D.K. Metcalf,Seattle Seahawks,12,SF,Home,9,3,32,10.67,14,0,33%,17.8%
D.K. Metcalf,Seattle Seahawks,13,DAL,Away,8,6,134,22.33,73,3,21%,40.1%
D.K. Metcalf,Seattle Seahawks,14,SF,Away,5,2,52,26,31,1,16%,19.3%
D.K. Metcalf,Seattle Seahawks,15,PHI,Home,6,5,78,15.6,34,0,19%,37.5%
D.K. Metcalf,Seattle Seahawks,16,TEN,Away,6,4,56,14,26,1,17%,24.7%
D.K. Metcalf,Seattle Seahawks,17,PIT,Home,8,5,106,21.2,33,0,24%,36.6%
D'Andre Swift,Philadelphia Eagles,1,NE,Away,2,1,0,0,0,0,7%,0.0%
D'Andre Swift,Philadelphia Eagles,2,MIN,Home,3,3,6,2,5,0,14%,3.1%
D'Andre Swift,Philadelphia Eagles,3,TB,Away,2,1,8,8,8,0,6%,2.9%
D'Andre Swift,Philadelphia Eagles,4,WAS,Home,4,4,23,5.75,11,0,12%,7.2%
D'Andre Swift,Philadelphia Eagles,5,LAR,Away,6,6,38,6.33,9,0,18%,12.5%
D'Andre Swift,Philadelphia Eagles,6,NYJ,Away,10,8,40,5,11,1,23%,14.3%
D'Andre Swift,Philadelphia Eagles,7,MIA,Home,3,3,13,4.33,8,0,10%,4.7%
D'Andre Swift,Philadelphia Eagles,8,WAS,Away,3,2,7,3.5,5,0,9%,2.2%
D'Andre Swift,Philadelphia Eagles,9,DAL,Home,2,2,31,15.5,20,0,10%,15.0%
D'Andre Swift,Philadelphia Eagles,11,KC,Away,3,3,31,10.33,20,0,14%,20.7%
D'Andre Swift,Philadelphia Eagles,12,BUF,Home,1,1,4,4,4,0,4%,2.0%
D'Andre Swift,Philadelphia Eagles,13,SF,Home,6,2,7,3.5,4,0,14%,2.2%
D'Andre Swift,Philadelphia Eagles,15,SEA,Away,3,2,1,0.5,6,0,10%,0.7%
D'Andre Swift,Philadelphia Eagles,17,ARI,Home,1,1,5,5,5,0,4%,2.7%
D'Ernest Johnson,Jacksonville Jaguars,2,KC,Home,1,1,9,9,9,0,2%,4.2%
D'Ernest Johnson,Jacksonville Jaguars,3,HOU,Home,2,2,6,3,6,0,5%,2.1%
D'Ernest Johnson,Jacksonville Jaguars,10,SF,Home,2,2,28,14,15,0,6%,14.7%
D'Ernest Johnson,Jacksonville Jaguars,11,TEN,Home,1,1,34,34,34,0,3%,13.0%
D'Ernest Johnson,Jacksonville Jaguars,12,HOU,Away,2,1,42,42,42,0,5%,11.5%
D'Ernest Johnson,Jacksonville Jaguars,13,CIN,Home,1,1,5,5,5,0,3%,1.6%
D'Ernest Johnson,Jacksonville Jaguars,14,CLE,Away,3,2,16,8,10,0,6%,6.2%
D'Onta Foreman,Chicago Bears,1,GB,Home,3,2,8,4,5,0,8%,3.7%
D'Onta Foreman,Chicago Bears,6,MIN,Home,1,1,2,2,2,0,4%,1.4%
D'Onta Foreman,Chicago Bears,7,LV,Home,5,3,31,10.33,17,1,18%,19.1%
D'Onta Foreman,Chicago Bears,8,LAC,Away,2,1,2,2,2,0,5%,0.9%
D'Onta Foreman,Chicago Bears,10,CAR,Home,2,2,12,6,12,0,6%,7.4%
D'Onta Foreman,Chicago Bears,14,DET,Home,3,2,22,11,16,0,10%,9.9%
D'Wayne Eskridge,Seattle Seahawks,11,LAR,Away,1,0,0,0,0,0,3%,0.0%
Dallas Goedert,Philadelphia Eagles,1,NE,Away,1,0,0,0,0,0,3%,0.0%
Dallas Goedert,Philadelphia Eagles,2,MIN,Home,7,6,22,3.67,9,0,32%,11.4%
Dallas Goedert,Philadelphia Eagles,3,TB,Away,7,5,41,8.2,13,0,20%,14.8%
Dallas Goedert,Philadelphia Eagles,4,WAS,Home,4,2,25,12.5,17,0,12%,7.8%
Dallas Goedert,Philadelphia Eagles,5,LAR,Away,9,8,117,14.62,49,1,26%,38.6%
Dallas Goedert,Philadelphia Eagles,6,NYJ,Away,8,5,42,8.4,13,0,19%,15.0%
Dallas Goedert,Philadelphia Eagles,7,MIA,Home,5,5,77,15.4,22,1,17%,27.6%
Dallas Goedert,Philadelphia Eagles,8,WAS,Away,7,4,36,9,16,0,20%,11.3%
Dallas Goedert,Philadelphia Eagles,9,DAL,Home,4,3,50,16.67,28,0,19%,24.2%
Dallas Goedert,Philadelphia Eagles,14,DAL,Away,4,4,30,7.5,15,0,14%,13.3%
Dallas Goedert,Philadelphia Eagles,15,SEA,Away,9,4,30,7.5,18,0,30%,21.0%
Dallas Goedert,Philadelphia Eagles,16,NYG,Home,9,7,71,10.14,21,0,25%,23.6%
Dallas Goedert,Philadelphia Eagles,17,ARI,Home,6,5,47,9.4,23,1,26%,25.5%
Dalton Kincaid,Buffalo Bills,1,NYJ,Away,4,4,26,6.5,9,0,10%,11.0%
Dalton Kincaid,Buffalo Bills,2,LV,Home,6,5,43,8.6,14,0,17%,15.7%
Dalton Kincaid,Buffalo Bills,3,WAS,Away,2,2,3,1.5,4,0,6%,1.4%
Dalton Kincaid,Buffalo Bills,4,MIA,Home,5,4,27,6.75,9,0,20%,8.4%
Dalton Kincaid,Buffalo Bills,5,JAX,Home,2,2,19,9.5,14,0,6%,5.3%
Dalton Kincaid,Buffalo Bills,7,NE,Away,8,8,75,9.38,15,0,21%,28.3%
Dalton Kincaid,Buffalo Bills,8,TB,Home,7,5,65,13,22,1,18%,20.1%
Dalton Kincaid,Buffalo Bills,9,CIN,Away,11,10,81,8.1,13,0,34%,31.4%
Dalton Kincaid,Buffalo Bills,10,DEN,Home,6,5,51,10.2,22,1,24%,28.8%
Dalton Kincaid,Buffalo Bills,11,NYJ,Home,7,6,46,7.67,16,0,24%,16.7%
Dalton Kincaid,Buffalo Bills,12,PHI,Away,6,5,38,7.6,14,0,12%,11.2%
Dalton Kincaid,Buffalo Bills,14,KC,Away,8,5,21,4.2,8,0,22%,9.0%
Dalton Kincaid,Buffalo Bills,15,DAL,Home,2,0,0,0,0,0,15%,0.0%
Dalton Kincaid,Buffalo Bills,16,LAC,Away,2,1,7,7,7,0,10%,3.0%
Dalton Kincaid,Buffalo Bills,17,NE,Home,7,4,87,21.75,51,0,25%,51.5%
Dalton Schultz,Houston Texans,1,BAL,Away,4,2,4,2,5,0,9%,1.7%
Dalton Schultz,Houston Texans,2,IND,Home,7,4,34,8.5,14,0,16%,8.9%
Dalton Schultz,Houston Texans,3,JAX,Away,3,1,9,9,9,0,10%,3.2%
Dalton Schultz,Houston Texans,4,PIT,Home,3,3,42,14,29,1,11%,13.5%
Dalton Schultz,Houston Texans,5,ATL,Away,10,7,65,9.29,18,1,31%,26.1%
Dalton Schultz,Houston Texans,6,NO,Home,7,4,61,15.25,31,1,29%,30.7%
Dalton Schultz,Houston Texans,8,CAR,Away,5,2,5,2.5,9,0,21%,3.6%
Dalton Schultz,Houston Texans,9,TB,Home,11,10,130,13,26,1,29%,27.7%
Dalton Schultz,Houston Texans,10,CIN,Away,6,4,71,17.75,25,0,15%,19.9%
Dalton Schultz,Houston Texans,11,ARI,Home,3,2,32,16,20,1,8%,9.5%
Dalton Schultz,Houston Texans,12,JAX,Home,2,1,2,2,2,0,6%,0.7%
Dalton Schultz,Houston Texans,15,TEN,Away,5,4,58,14.5,19,0,15%,25.3%
Dalton Schultz,Houston Texans,16,CLE,Home,11,8,61,7.62,14,0,23%,28.9%
Dalton Schultz,Houston Texans,17,TEN,Home,4,2,19,9.5,12,0,13%,8.9%
Dalvin Cook,New York Jets,1,BUF,Home,3,3,26,8.67,15,0,17%,18.6%
Dalvin Cook,New York Jets,2,DAL,Away,1,1,5,5,5,0,4%,2.9%
Dalvin Cook,New York Jets,3,NE,Home,3,3,11,3.67,8,0,11%,7.0%
Dalvin Cook,New York Jets,4,KC,Home,1,1,2,2,2,0,3%,0.8%
Dalvin Cook,New York Jets,6,PHI,Home,1,1,2,2,2,0,3%,1.1%
Dalvin Cook,New York Jets,9,LAC,Home,2,1,1,1,1,0,4%,0.4%
Dalvin Cook,New York Jets,10,LV,Away,1,0,0,0,0,0,3%,0.0%
Dalvin Cook,New York Jets,11,BUF,Away,1,0,0,0,0,0,4%,0.0%
Dalvin Cook,New York Jets,12,MIA,Home,3,2,19,9.5,12,0,8%,10.6%
Dalvin Cook,New York Jets,13,ATL,Home,2,1,11,11,11,0,6%,5.1%
Dalvin Cook,New York Jets,14,HOU,Home,1,1,-5,-5,-5,0,3%,-1.7%
Dalvin Cook,New York Jets,15,MIA,Away,1,1,6,6,6,0,3%,4.4%
Dameon Pierce,Houston Texans,1,BAL,Away,3,2,9,4.5,9,0,7%,3.7%
Dameon Pierce,Houston Texans,2,IND,Home,3,2,4,2,9,0,7%,1.0%
Dameon Pierce,Houston Texans,3,JAX,Away,3,3,28,9.33,11,0,10%,10.0%
Dameon Pierce,Houston Texans,4,PIT,Home,2,1,27,27,27,0,7%,8.7%
Dameon Pierce,Houston Texans,5,ATL,Away,1,1,16,16,16,0,3%,6.4%
Dameon Pierce,Houston Texans,12,JAX,Home,1,1,4,4,4,0,3%,1.3%
Dameon Pierce,Houston Texans,14,NYJ,Away,1,1,-2,-2,-2,0,4%,-2.1%
Dameon Pierce,Houston Texans,16,CLE,Home,2,1,10,10,10,0,4%,4.7%
Dameon Pierce,Houston Texans,17,TEN,Home,1,1,5,5,5,0,3%,2.3%
Damien Harris,Buffalo Bills,1,NYJ,Away,2,2,16,8,13,0,5%,6.8%
Damien Williams,Arizona Cardinals,6,LAR,Away,1,1,8,8,8,0,3%,3.4%
Damien Williams,Arizona Cardinals,8,BAL,Home,1,1,4,4,4,0,3%,1.9%
Damiere Byrd,Atlanta Falcons,9,MIN,Home,2,0,0,0,0,0,6%,0.0%
Daniel Bellinger,New York Giants,1,DAL,Home,1,1,1,1,1,0,3%,0.9%
Daniel Bellinger,New York Giants,3,SF,Away,1,1,8,8,8,0,3%,5.8%
Daniel Bellinger,New York Giants,4,SEA,Home,1,1,6,6,6,0,3%,3.0%
Daniel Bellinger,New York Giants,5,MIA,Away,1,1,7,7,7,0,3%,3.4%
Daniel Bellinger,New York Giants,8,NYJ,Home,1,0,0,0,0,0,8%,0.0%
Daniel Bellinger,New York Giants,9,LV,Away,3,3,43,14.33,23,0,10%,21.5%
Daniel Bellinger,New York Giants,10,DAL,Away,3,2,34,17,26,0,12%,39.5%
Daniel Bellinger,New York Giants,11,WAS,Away,3,3,38,12.67,26,0,12%,15.4%
Daniel Bellinger,New York Giants,12,NE,Home,1,1,8,8,8,0,4%,4.2%
Daniel Bellinger,New York Giants,14,GB,Home,2,2,15,7.5,9,0,10%,9.5%
Daniel Bellinger,New York Giants,15,NO,Away,2,2,13,6.5,8,0,6%,6.8%
Daniel Bellinger,New York Giants,16,PHI,Away,5,4,43,10.75,20,0,19%,22.9%
Daniel Bellinger,New York Giants,17,LAR,Home,4,4,39,9.75,18,0,10%,12.2%
Dare Ogunbowale,Houston Texans,13,DEN,Home,1,1,14,14,14,0,4%,4.8%
Dare Ogunbowale,Houston Texans,14,NYJ,Away,2,1,4,4,4,0,7%,4.2%
Dare Ogunbowale,Houston Texans,15,TEN,Away,1,0,0,0,0,0,3%,0.0%
Dare Ogunbowale,Houston Texans,16,CLE,Home,3,0,0,0,0,0,6%,0.0%
Darius Slayton,New York Giants,1,DAL,Home,5,3,15,5,8,0,17%,13.6%
Darius Slayton,New York Giants,2,ARI,Away,6,3,62,20.67,29,0,17%,19.3%
Darius Slayton,New York Giants,3,SF,Away,6,3,32,10.67,17,0,19%,23.4%
Darius Slayton,New York Giants,4,SEA,Home,3,2,23,11.5,12,0,9%,11.3%
Darius Slayton,New York Giants,5,MIA,Away,4,2,35,17.5,20,0,13%,17.1%
Darius Slayton,New York Giants,6,BUF,Away,6,4,69,17.25,31,0,19%,34.5%
Darius Slayton,New York Giants,7,WAS,Home,2,1,22,22,22,0,7%,7.9%
Darius Slayton,New York Giants,8,NYJ,Home,2,1,-1,-1,-1,0,17%,-14.3%
Darius Slayton,New York Giants,9,LV,Away,7,4,59,14.75,34,0,24%,29.5%
Darius Slayton,New York Giants,10,DAL,Away,4,3,21,7,9,0,15%,24.4%
Darius Slayton,New York Giants,11,WAS,Away,5,4,82,20.5,40,1,19%,33.3%
Darius Slayton,New York Giants,12,NE,Home,3,2,16,8,9,0,13%,8.4%
Darius Slayton,New York Giants,14,GB,Home,2,2,14,7,9,0,10%,8.9%
Darius Slayton,New York Giants,15,NO,Away,8,4,63,15.75,33,0,24%,33.2%
Darius Slayton,New York Giants,16,PHI,Away,3,3,90,30,69,1,11%,47.9%
Darius Slayton,New York Giants,17,LAR,Home,6,4,106,26.5,80,1,15%,33.2%
Darnell Mooney,Chicago Bears,1,GB,Home,7,4,53,13.25,23,1,19%,24.5%
Darnell Mooney,Chicago Bears,3,KC,Away,1,0,0,0,0,0,5%,0.0%
Darnell Mooney,Chicago Bears,4,DEN,Home,4,4,51,12.75,17,0,13%,15.2%
Darnell Mooney,Chicago Bears,5,WAS,Away,4,0,0,0,0,0,16%,0.0%
Darnell Mooney,Chicago Bears,6,MIN,Home,3,2,48,24,39,0,13%,34.0%
Darnell Mooney,Chicago Bears,7,LV,Home,4,4,32,8,11,0,14%,19.8%
Darnell Mooney,Chicago Bears,8,LAC,Away,4,1,41,41,41,0,11%,17.7%
Darnell Mooney,Chicago Bears,9,NO,Away,6,5,82,16.4,38,0,23%,37.3%
Darnell Mooney,Chicago Bears,10,CAR,Home,4,2,14,7,8,0,13%,8.6%
Darnell Mooney,Chicago Bears,11,DET,Away,1,1,24,24,24,0,5%,14.2%
Darnell Mooney,Chicago Bears,12,MIN,Away,3,2,6,3,10,0,9%,2.8%
Darnell Mooney,Chicago Bears,14,DET,Home,7,2,44,22,28,0,23%,19.7%
Darnell Mooney,Chicago Bears,15,CLE,Away,8,2,14,7,9,0,23%,8.4%
Darnell Mooney,Chicago Bears,16,ARI,Home,4,2,5,2.5,6,0,17%,2.9%
Darnell Washington,Pittsburgh Steelers,4,HOU,Away,1,1,10,10,10,0,4%,7.6%
Darnell Washington,Pittsburgh Steelers,5,BAL,Home,2,0,0,0,0,0,6%,0.0%
Darnell Washington,Pittsburgh Steelers,9,TEN,Home,1,1,7,7,7,0,3%,4.4%
Darnell Washington,Pittsburgh Steelers,10,GB,Home,1,1,6,6,6,0,5%,4.8%
Darnell Washington,Pittsburgh Steelers,11,CLE,Away,1,1,8,8,8,0,4%,7.5%
Darnell Washington,Pittsburgh Steelers,12,CIN,Away,1,1,10,10,10,0,3%,3.6%
Darnell Washington,Pittsburgh Steelers,14,NE,Home,2,1,12,12,12,0,6%,6.3%
Darnell Washington,Pittsburgh Steelers,16,CIN,Home,1,1,8,8,8,0,4%,2.8%
Darrell Henderson,Los Angeles Rams,7,PIT,Home,2,1,5,5,5,0,7%,2.2%
Darrell Henderson,Los Angeles Rams,8,DAL,Away,3,3,54,18,32,0,9%,26.5%
Darrell Henderson,Los Angeles Rams,9,GB,Away,2,2,16,8,8,0,7%,12.3%
Darrell Henderson,Los Angeles Rams,11,SEA,Home,7,4,28,7,14,0,24%,14.7%
Darren Waller,New York Giants,1,DAL,Home,5,3,36,12,22,0,17%,32.7%
Darren Waller,New York Giants,2,ARI,Away,8,6,76,12.67,25,0,23%,23.7%
Darren Waller,New York Giants,3,SF,Away,7,3,20,6.67,9,0,22%,14.6%
Darren Waller,New York Giants,4,SEA,Home,3,3,21,7,8,0,9%,10.3%
Darren Waller,New York Giants,5,MIA,Away,11,8,86,10.75,21,0,37%,42.0%
Darren Waller,New York Giants,6,BUF,Away,7,5,43,8.6,20,0,23%,21.5%
Darren Waller,New York Giants,7,WAS,Home,8,7,98,14,27,1,30%,35.1%
Darren Waller,New York Giants,8,NYJ,Home,2,1,4,4,4,0,17%,57.1%
Darren Waller,New York Giants,15,NO,Away,6,4,40,10,29,0,18%,21.1%
Darren Waller,New York Giants,16,PHI,Away,5,2,32,16,20,0,19%,17.0%
Darren Waller,New York Giants,17,LAR,Home,6,5,51,10.2,18,0,15%,16.0%
Darrynton Evans,Chicago Bears,6,MIN,Home,1,1,2,2,2,0,4%,1.4%
Darrynton Evans,Chicago Bears,7,LV,Home,3,1,6,6,6,0,11%,3.7%
Darrynton Evans,Chicago Bears,8,LAC,Away,4,3,22,7.33,8,0,11%,9.5%
Darrynton Evans,Chicago Bears,9,NO,Away,2,2,19,9.5,17,0,8%,8.6%
Darrynton Evans,Chicago Bears,10,CAR,Home,2,0,0,0,0,0,6%,0.0%
Davante Adams,Las Vegas Raiders,1,DEN,Away,9,6,66,11,18,0,35%,33.0%
Davante Adams,Las Vegas Raiders,2,BUF,Away,8,6,84,14,21,1,35%,45.4%
Davante Adams,Las Vegas Raiders,3,PIT,Home,20,13,172,13.23,32,2,45%,53.1%
Davante Adams,Las Vegas Raiders,4,LAC,Away,13,8,75,9.38,19,0,34%,31.5%
Davante Adams,Las Vegas Raiders,5,GB,Home,4,4,45,11.25,21,0,14%,21.6%
Davante Adams,Las Vegas Raiders,6,NE,Home,5,2,29,14.5,21,0,16%,11.0%
Davante Adams,Las Vegas Raiders,7,CHI,Away,12,7,57,8.14,15,0,27%,27.9%
Davante Adams,Las Vegas Raiders,8,DET,Away,7,1,11,11,11,0,33%,8.7%
Davante Adams,Las Vegas Raiders,9,NYG,Home,7,4,34,8.5,12,0,29%,16.3%
Davante Adams,Las Vegas Raiders,10,NYJ,Home,13,6,86,14.33,42,0,52%,56.2%
Davante Adams,Las Vegas Raiders,11,MIA,Away,13,7,82,11.71,46,1,34%,30.3%
Davante Adams,Las Vegas Raiders,12,KC,Home,7,5,73,14.6,33,0,22%,29.4%
Davante Adams,Las Vegas Raiders,14,MIN,Home,10,7,53,7.57,24,0,34%,31.0%
Davante Adams,Las Vegas Raiders,15,LAC,Home,12,8,101,12.62,24,1,35%,38.8%
Davante Adams,Las Vegas Raiders,16,KC,Away,6,1,4,4,4,0,32%,6.5%
Davante Adams,Las Vegas Raiders,17,IND,Away,21,13,126,9.69,24,2,46%,42.1%
David Bell,Cleveland Browns,1,CIN,Home,1,0,0,0,0,0,3%,0.0%
David Bell,Cleveland Browns,2,PIT,Away,3,3,27,9,14,0,8%,11.5%
David Bell,Cleveland Browns,6,SF,Home,3,1,6,6,6,0,9%,3.1%
David Bell,Cleveland Browns,12,DEN,Away,2,0,0,0,0,0,5%,0.0%
David Bell,Cleveland Browns,13,LAR,Away,2,2,12,6,6,0,5%,4.7%
David Bell,Cleveland Browns,14,JAX,Home,3,1,41,41,41,1,7%,13.2%
David Bell,Cleveland Browns,16,HOU,Away,2,1,6,6,6,0,5%,1.6%
David Bell,Cleveland Browns,17,NYJ,Home,3,2,7,3.5,6,0,10%,2.3%
David Montgomery,Detroit Lions,2,SEA,Home,1,1,7,7,7,0,3%,2.2%
David Montgomery,Detroit Lions,4,GB,Away,2,2,20,10,12,0,7%,9.5%
David Montgomery,Detroit Lions,5,CAR,Home,6,2,20,10,11,0,22%,8.5%
David Montgomery,Detroit Lions,6,TB,Away,1,1,19,19,19,0,2%,5.4%
David Montgomery,Detroit Lions,11,CHI,Home,2,2,22,11,13,0,6%,9.3%
David Montgomery,Detroit Lions,12,GB,Home,1,0,0,0,0,0,2%,0.0%
David Montgomery,Detroit Lions,13,NO,Away,2,1,-1,-1,-1,0,8%,-0.5%
David Montgomery,Detroit Lions,14,CHI,Away,3,3,19,6.33,10,0,9%,11.8%
David Montgomery,Detroit Lions,15,DEN,Home,3,2,-3,-1.5,4,0,9%,-1.1%
David Montgomery,Detroit Lions,16,MIN,Away,2,2,14,7,9,0,5%,5.4%
David Montgomery,Detroit Lions,17,DAL,Away,1,0,0,0,0,0,3%,0.0%
David Moore,Tampa Bay Buccaneers,12,IND,Away,1,0,0,0,0,0,3%,0.0%
David Moore,Tampa Bay Buccaneers,14,ATL,Away,1,1,11,11,11,0,3%,7.6%
David Moore,Tampa Bay Buccaneers,15,GB,Away,2,2,68,34,52,1,7%,17.8%
David Moore,Tampa Bay Buccaneers,16,JAX,Home,1,1,7,7,7,0,3%,2.5%
David Moore,Tampa Bay Buccaneers,17,NO,Home,1,0,0,0,0,0,3%,0.0%
David Njoku,Cleveland Browns,1,CIN,Home,3,2,24,12,15,0,10%,15.6%
David Njoku,Cleveland Browns,2,PIT,Away,4,4,48,12,29,0,10%,20.4%
David Njoku,Cleveland Browns,3,TEN,Home,4,4,20,5,7,0,13%,6.9%
David Njoku,Cleveland Browns,4,BAL,Home,7,6,46,7.67,15,0,21%,38.0%
David Njoku,Cleveland Browns,6,SF,Home,4,3,24,8,10,0,12%,12.5%
David Njoku,Cleveland Browns,7,IND,Away,9,5,54,10.8,26,0,26%,29.5%
David Njoku,Cleveland Browns,8,SEA,Away,8,4,77,19.25,41,1,27%,30.0%
David Njoku,Cleveland Browns,9,ARI,Home,6,4,26,6.5,15,1,21%,11.9%
David Njoku,Cleveland Browns,10,BAL,Away,9,6,58,9.67,23,0,28%,27.2%
David Njoku,Cleveland Browns,11,PIT,Home,15,7,56,8,18,0,37%,33.9%
David Njoku,Cleveland Browns,12,DEN,Away,9,6,59,9.83,17,0,23%,31.1%
David Njoku,Cleveland Browns,13,LAR,Away,6,2,17,8.5,9,0,15%,6.7%
David Njoku,Cleveland Browns,14,JAX,Home,8,6,91,15.17,34,2,19%,29.3%
David Njoku,Cleveland Browns,15,CHI,Home,14,10,104,10.4,34,1,32%,27.4%
David Njoku,Cleveland Browns,16,HOU,Away,9,6,44,7.33,21,1,21%,11.8%
David Njoku,Cleveland Browns,17,NYJ,Home,8,6,134,22.33,43,0,28%,43.4%
David Wells,Tampa Bay Buccaneers,2,CHI,Home,2,2,-10,-5,1,0,6%,-3.2%
Davis Allen,Los Angeles Rams,12,ARI,Away,1,1,6,6,6,0,3%,2.6%
Davis Allen,Los Angeles Rams,14,BAL,Away,5,4,50,12.5,21,1,13%,17.0%
Davis Allen,Los Angeles Rams,15,WAS,Home,1,1,14,14,14,0,3%,5.4%
Dawson Knox,Buffalo Bills,1,NYJ,Away,4,3,25,8.33,15,0,10%,10.6%
Dawson Knox,Buffalo Bills,2,LV,Home,5,3,10,3.33,7,1,14%,3.6%
Dawson Knox,Buffalo Bills,3,WAS,Away,2,1,11,11,11,0,6%,5.0%
Dawson Knox,Buffalo Bills,4,MIA,Home,1,1,12,12,12,0,4%,3.8%
Dawson Knox,Buffalo Bills,5,JAX,Home,6,3,17,5.67,11,0,17%,4.7%
Dawson Knox,Buffalo Bills,6,NYG,Home,6,3,17,5.67,10,0,21%,10.1%
Dawson Knox,Buffalo Bills,7,NE,Away,3,1,10,10,10,0,8%,3.8%
Dawson Knox,Buffalo Bills,14,KC,Away,3,3,36,12,13,0,8%,15.5%
Dawson Knox,Buffalo Bills,16,LAC,Away,2,2,26,13,17,0,10%,11.0%
De'Von Achane,Miami Dolphins,4,BUF,Away,5,3,19,6.33,7,0,15%,6.7%
De'Von Achane,Miami Dolphins,5,NYG,Home,1,1,14,14,14,0,4%,4.5%
De'Von Achane,Miami Dolphins,11,LV,Home,1,1,4,4,4,0,3%,1.2%
De'Von Achane,Miami Dolphins,13,WAS,Away,4,3,30,10,21,0,16%,10.6%
De'Von Achane,Miami Dolphins,14,TEN,Home,9,5,24,4.8,11,0,27%,10.0%
De'Von Achane,Miami Dolphins,15,NYJ,Home,3,3,30,10,13,0,12%,13.2%
De'Von Achane,Miami Dolphins,16,DAL,Home,3,1,7,7,7,0,8%,2.4%
De'Von Achane,Miami Dolphins,17,BAL,Away,5,4,30,7.5,23,1,14%,12.7%
DeAndre Carter,Las Vegas Raiders,1,DEN,Away,1,1,5,5,5,0,4%,2.5%
DeAndre Carter,Las Vegas Raiders,2,BUF,Away,1,0,0,0,0,0,4%,0.0%
DeAndre Carter,Las Vegas Raiders,3,PIT,Home,1,1,16,16,16,0,2%,4.9%
DeAndre Carter,Las Vegas Raiders,5,GB,Home,1,0,0,0,0,0,3%,0.0%
DeAndre Carter,Las Vegas Raiders,6,NE,Home,1,0,0,0,0,0,3%,0.0%
DeAndre Carter,Las Vegas Raiders,9,NYG,Home,1,1,15,15,15,0,4%,7.2%
DeAndre Hopkins,Tennessee Titans,1,NO,Away,13,7,65,9.29,16,0,39%,32.8%
DeAndre Hopkins,Tennessee Titans,2,LAC,Home,5,4,40,10,14,0,21%,16.3%
DeAndre Hopkins,Tennessee Titans,3,CLE,Away,7,3,48,16,26,0,29%,46.2%
DeAndre Hopkins,Tennessee Titans,4,CIN,Home,6,4,63,15.75,38,0,23%,26.0%
DeAndre Hopkins,Tennessee Titans,5,IND,Away,11,8,140,17.5,36,0,32%,53.0%
DeAndre Hopkins,Tennessee Titans,6,BAL,Home,5,1,20,20,20,0,25%,13.3%
DeAndre Hopkins,Tennessee Titans,8,ATL,Home,6,4,128,32,61,3,22%,53.8%
DeAndre Hopkins,Tennessee Titans,9,PIT,Away,11,4,60,15,29,0,30%,22.9%
DeAndre Hopkins,Tennessee Titans,10,TB,Away,8,3,27,9,15,0,21%,13.6%
DeAndre Hopkins,Tennessee Titans,11,JAX,Away,5,4,59,14.75,43,1,29%,37.3%
DeAndre Hopkins,Tennessee Titans,12,CAR,Home,5,3,49,16.33,19,0,19%,26.5%
DeAndre Hopkins,Tennessee Titans,13,IND,Home,12,5,75,15,27,1,36%,33.5%
DeAndre Hopkins,Tennessee Titans,14,MIA,Away,12,7,124,17.71,45,1,33%,37.9%
DeAndre Hopkins,Tennessee Titans,15,HOU,Home,9,2,21,10.5,17,0,35%,10.6%
DeAndre Hopkins,Tennessee Titans,16,SEA,Home,4,2,20,10,13,0,17%,12.2%
DeAndre Hopkins,Tennessee Titans,17,HOU,Away,7,7,72,10.29,18,0,28%,39.1%
Deebo Samuel,San Francisco 49ers,1,PIT,Away,7,5,55,11,22,0,25%,25.0%
Deebo Samuel,San Francisco 49ers,2,LAR,Away,9,6,63,10.5,23,0,38%,30.6%
Deebo Samuel,San Francisco 49ers,3,NYG,Home,12,6,129,21.5,40,1,35%,41.6%
Deebo Samuel,San Francisco 49ers,5,DAL,Home,3,3,55,18.33,42,0,12%,21.7%
Deebo Samuel,San Francisco 49ers,6,CLE,Away,1,0,0,0,0,0,4%,0.0%
Deebo Samuel,San Francisco 49ers,10,JAX,Away,4,4,30,7.5,9,0,15%,9.9%
Deebo Samuel,San Francisco 49ers,11,TB,Home,4,3,63,21,40,0,16%,18.9%
Deebo Samuel,San Francisco 49ers,12,SEA,Away,9,7,79,11.29,24,0,30%,37.8%
Deebo Samuel,San Francisco 49ers,13,PHI,Away,4,4,116,29,48,2,16%,36.9%
Deebo Samuel,San Francisco 49ers,14,SEA,Home,9,7,149,21.29,54,1,33%,40.5%
Deebo Samuel,San Francisco 49ers,15,ARI,Away,7,4,48,12,19,2,27%,18.3%
Deebo Samuel,San Francisco 49ers,16,BAL,Home,12,4,47,11.75,20,0,27%,14.0%
Deebo Samuel,San Francisco 49ers,17,WAS,Away,6,5,37,7.4,16,1,22%,16.1%
DeeJay Dallas,Seattle Seahawks,1,LAR,Home,1,1,14,14,14,0,4%,12.5%
DeeJay Dallas,Seattle Seahawks,3,CAR,Home,1,1,-2,-2,-2,0,3%,-0.7%
DeeJay Dallas,Seattle Seahawks,4,NYG,Away,1,0,0,0,0,0,4%,0.0%
DeeJay Dallas,Seattle Seahawks,6,CIN,Away,1,1,-1,-1,-1,0,3%,-0.3%
DeeJay Dallas,Seattle Seahawks,7,ARI,Home,1,1,0,0,0,0,4%,0.0%
DeeJay Dallas,Seattle Seahawks,11,LAR,Away,1,1,10,10,10,0,3%,4.2%
DeeJay Dallas,Seattle Seahawks,12,SF,Home,1,1,5,5,5,0,4%,2.8%
DeeJay Dallas,Seattle Seahawks,13,DAL,Away,2,0,0,0,0,0,5%,0.0%
Demarcus Robinson,Los Angeles Rams,9,GB,Away,1,1,15,15,15,0,4%,11.5%
Demarcus Robinson,Los Angeles Rams,11,SEA,Home,2,2,24,12,23,0,7%,12.6%
Demarcus Robinson,Los Angeles Rams,12,ARI,Away,2,2,13,6.5,7,0,6%,5.7%
Demarcus Robinson,Los Angeles Rams,13,CLE,Home,5,4,55,13.75,30,1,15%,19.7%
Demarcus Robinson,Los Angeles Rams,14,BAL,Away,10,3,46,15.33,22,1,26%,15.6%
Demarcus Robinson,Los Angeles Rams,15,WAS,Home,3,2,44,22,23,1,9%,17.1%
Demarcus Robinson,Los Angeles Rams,16,NO,Home,6,6,82,13.67,32,1,19%,25.0%
Demarcus Robinson,Los Angeles Rams,17,NYG,Away,10,6,92,15.33,37,0,29%,29.0%
Demario Douglas,New England Patriots,1,PHI,Home,7,4,40,10,23,0,13%,12.7%
Demario Douglas,New England Patriots,2,MIA,Home,2,2,19,9.5,10,0,5%,8.2%
Demario Douglas,New England Patriots,3,NYJ,Away,3,1,15,15,15,0,11%,7.5%
Demario Douglas,New England Patriots,4,DAL,Away,3,2,45,22.5,42,0,10%,21.7%
Demario Douglas,New England Patriots,5,NO,Home,2,1,24,24,24,0,6%,18.2%
Demario Douglas,New England Patriots,7,BUF,Home,6,4,54,13.5,19,0,20%,19.9%
Demario Douglas,New England Patriots,8,MIA,Away,7,5,25,5,13,0,25%,15.5%
Demario Douglas,New England Patriots,9,WAS,Home,7,5,55,11,18,0,16%,25.0%
Demario Douglas,New England Patriots,10,IND,Home,9,6,84,14,30,0,35%,43.1%
Demario Douglas,New England Patriots,12,NYG,Away,9,6,49,8.17,14,0,26%,34.3%
Demario Douglas,New England Patriots,15,KC,Home,5,3,33,11,16,0,16%,18.3%
Demario Douglas,New England Patriots,16,DEN,Away,8,5,74,14.8,41,0,26%,28.9%
Demario Douglas,New England Patriots,17,BUF,Away,5,3,31,10.33,17,0,21%,14.8%
Deon Jackson,Indianapolis Colts,1,JAX,Home,6,5,14,2.8,8,0,15%,6.3%
Deonte Harty,Buffalo Bills,1,NYJ,Away,4,3,9,3,5,0,10%,3.8%
Deonte Harty,Buffalo Bills,2,LV,Home,3,2,4,2,8,0,8%,1.5%
Deonte Harty,Buffalo Bills,3,WAS,Away,3,2,15,7.5,8,0,10%,6.9%
Deonte Harty,Buffalo Bills,4,MIA,Home,2,2,10,5,7,0,8%,3.1%
Deonte Harty,Buffalo Bills,5,JAX,Home,2,2,62,31,43,0,6%,17.3%
Deonte Harty,Buffalo Bills,6,NYG,Home,1,1,3,3,3,1,3%,1.8%
Deonte Harty,Buffalo Bills,7,NE,Away,1,1,10,10,10,0,3%,3.8%
Deonte Harty,Buffalo Bills,9,CIN,Away,1,0,0,0,0,0,3%,0.0%
Deonte Harty,Buffalo Bills,10,DEN,Home,1,0,0,0,0,0,4%,0.0%
Deonte Harty,Buffalo Bills,11,NYJ,Home,1,0,0,0,0,0,3%,0.0%
Deonte Harty,Buffalo Bills,14,KC,Away,1,1,25,25,25,0,3%,10.7%
Derius Davis,Los Angeles Chargers,1,MIA,Home,1,1,5,5,5,0,3%,2.2%
Derius Davis,Los Angeles Chargers,3,MIN,Away,1,1,3,3,3,0,2%,0.7%
Derius Davis,Los Angeles Chargers,4,LV,Home,2,2,16,8,11,0,8%,9.6%
Derius Davis,Los Angeles Chargers,7,KC,Away,2,1,10,10,10,0,7%,3.9%
Derius Davis,Los Angeles Chargers,8,CHI,Home,2,2,4,2,5,0,5%,1.3%
Derius Davis,Los Angeles Chargers,9,NYJ,Away,1,1,0,0,0,0,4%,0.0%
Derius Davis,Los Angeles Chargers,10,DET,Home,2,2,7,3.5,9,0,5%,2.2%
Derius Davis,Los Angeles Chargers,11,GB,Away,1,1,-3,-3,-3,0,3%,-1.2%
Derius Davis,Los Angeles Chargers,12,BAL,Home,1,1,2,2,2,0,2%,0.9%
Derius Davis,Los Angeles Chargers,15,LV,Away,2,1,-2,-2,-2,0,6%,-0.8%
Derius Davis,Los Angeles Chargers,16,BUF,Home,1,1,6,6,6,0,3%,2.8%
Derrick Henry,Tennessee Titans,1,NO,Away,3,2,56,28,46,0,9%,28.3%
Derrick Henry,Tennessee Titans,2,LAC,Home,4,3,15,5,9,0,17%,6.1%
Derrick Henry,Tennessee Titans,4,CIN,Home,1,1,11,11,11,0,4%,4.5%
Derrick Henry,Tennessee Titans,5,IND,Away,3,3,19,6.33,13,0,9%,7.2%
Derrick Henry,Tennessee Titans,6,BAL,Home,2,2,16,8,9,0,10%,10.7%
Derrick Henry,Tennessee Titans,8,ATL,Home,4,4,21,5.25,8,0,15%,8.8%
Derrick Henry,Tennessee Titans,9,PIT,Away,4,3,27,9,23,0,11%,10.3%
Derrick Henry,Tennessee Titans,10,TB,Away,1,1,-4,-4,-4,0,3%,-2.0%
Derrick Henry,Tennessee Titans,11,JAX,Away,2,1,6,6,6,0,12%,3.8%
Derrick Henry,Tennessee Titans,12,CAR,Home,2,1,0,0,0,0,7%,0.0%
Derrick Henry,Tennessee Titans,13,IND,Home,2,1,18,18,18,0,6%,8.0%
Derrick Henry,Tennessee Titans,14,MIA,Away,2,1,17,17,17,0,6%,5.2%
Derrick Henry,Tennessee Titans,15,HOU,Home,4,4,1,0.25,3,0,15%,0.5%
Derrick Henry,Tennessee Titans,16,SEA,Home,1,1,11,11,11,0,4%,6.7%
Derrick Henry,Tennessee Titans,17,HOU,Away,1,0,0,0,0,0,4%,0.0%
Desmond Ridder,Atlanta Falcons,1,CAR,Home,1,1,-6,-6,-6,0,6%,-5.2%
Deuce Vaughn,Dallas Cowboys,2,NYJ,Home,3,3,16,5.33,11,0,8%,6.3%
Deuce Vaughn,Dallas Cowboys,4,NE,Home,1,1,2,2,2,0,3%,0.7%
Deuce Vaughn,Dallas Cowboys,5,SF,Away,1,1,1,1,1,0,4%,0.6%
Deuce Vaughn,Dallas Cowboys,10,NYG,Home,1,1,11,11,11,0,2%,2.3%
Deuce Vaughn,Dallas Cowboys,17,DET,Home,1,1,10,10,10,0,3%,2.9%
DeVante Parker,New England Patriots,2,MIA,Home,8,6,57,9.5,14,0,19%,24.7%
DeVante Parker,New England Patriots,3,NYJ,Away,3,2,19,9.5,16,0,11%,9.5%
DeVante Parker,New England Patriots,4,DAL,Away,4,2,33,16.5,22,0,14%,15.9%
DeVante Parker,New England Patriots,5,NO,Home,4,2,20,10,14,0,13%,15.2%
DeVante Parker,New England Patriots,6,LV,Away,3,1,7,7,7,0,10%,3.5%
DeVante Parker,New England Patriots,7,BUF,Home,1,1,8,8,8,0,3%,2.9%
DeVante Parker,New England Patriots,8,MIA,Away,2,1,14,14,14,0,7%,8.7%
DeVante Parker,New England Patriots,12,NYG,Away,5,3,42,14,19,0,14%,29.4%
DeVante Parker,New England Patriots,13,LAC,Home,9,4,64,16,27,0,38%,45.4%
DeVante Parker,New England Patriots,15,KC,Home,5,5,44,8.8,20,0,16%,24.4%
DeVante Parker,New England Patriots,16,DEN,Away,5,4,65,16.25,30,0,16%,25.4%
DeVante Parker,New England Patriots,17,BUF,Away,2,1,15,15,15,0,8%,7.2%
Deven Thompkins,Tampa Bay Buccaneers,1,MIN,Away,3,2,10,5,8,0,9%,5.8%
Deven Thompkins,Tampa Bay Buccaneers,3,PHI,Home,4,2,6,3,5,0,16%,4.1%
Deven Thompkins,Tampa Bay Buccaneers,4,NO,Away,4,4,45,11.25,26,1,13%,18.3%
Deven Thompkins,Tampa Bay Buccaneers,6,DET,Home,4,2,-2,-1,0,0,11%,-1.0%
Deven Thompkins,Tampa Bay Buccaneers,7,ATL,Home,3,3,14,4.67,9,0,7%,5.1%
Deven Thompkins,Tampa Bay Buccaneers,10,TEN,Home,2,1,5,5,5,0,7%,1.8%
Deven Thompkins,Tampa Bay Buccaneers,11,SF,Away,1,0,0,0,0,0,2%,0.0%
Deven Thompkins,Tampa Bay Buccaneers,13,CAR,Home,1,1,4,4,4,0,4%,2.0%
Deven Thompkins,Tampa Bay Buccaneers,17,NO,Home,2,1,0,0,0,0,6%,0.0%
Devin Duvernay,Baltimore Ravens,2,CIN,Away,3,0,0,0,0,0,9%,0.0%
Devin Duvernay,Baltimore Ravens,3,IND,Home,1,0,0,0,0,0,3%,0.0%
Devin Duvernay,Baltimore Ravens,4,CLE,Away,2,2,8,4,10,0,11%,4.3%
Devin Duvernay,Baltimore Ravens,5,PIT,Away,1,0,0,0,0,0,3%,0.0%
Devin Duvernay,Baltimore Ravens,9,SEA,Home,2,2,10,5,7,0,6%,4.4%
Devin Singletary,Houston Texans,2,IND,Home,1,1,10,10,10,0,2%,2.6%
Devin Singletary,Houston Texans,3,JAX,Away,2,2,4,2,7,0,7%,1.4%
Devin Singletary,Houston Texans,4,PIT,Home,1,1,11,11,11,0,4%,3.5%
Devin Singletary,Houston Texans,5,ATL,Away,1,0,0,0,0,0,3%,0.0%
Devin Singletary,Houston Texans,6,NO,Home,2,1,4,4,4,0,8%,2.0%
Devin Singletary,Houston Texans,8,CAR,Away,2,2,13,6.5,10,0,8%,9.3%
Devin Singletary,Houston Texans,9,TB,Home,2,2,0,0,3,0,5%,0.0%
Devin Singletary,Houston Texans,10,CIN,Away,2,1,11,11,11,0,5%,3.1%
Devin Singletary,Houston Texans,11,ARI,Home,2,2,6,3,4,0,5%,1.8%
Devin Singletary,Houston Texans,12,JAX,Home,7,6,54,9,33,0,19%,17.8%
Devin Singletary,Houston Texans,13,DEN,Home,1,1,4,4,4,0,4%,1.4%
Devin Singletary,Houston Texans,14,NYJ,Away,3,0,0,0,0,0,11%,0.0%
Devin Singletary,Houston Texans,15,TEN,Away,5,4,49,12.25,41,0,15%,21.4%
Devin Singletary,Houston Texans,16,CLE,Home,3,3,19,6.33,8,0,6%,9.0%
Devin Singletary,Houston Texans,17,TEN,Home,3,3,6,2,3,0,10%,2.8%
Devine Ozigbo,Detroit Lions,6,TB,Away,1,1,8,8,8,0,2%,2.3%
Devon Achane,Miami Dolphins,2,NE,Away,1,1,4,4,4,0,3%,1.6%
Devon Achane,Miami Dolphins,3,DEN,Home,4,4,30,7.5,17,2,14%,8.0%
DeVonta Smith,Philadelphia Eagles,1,NE,Away,10,7,47,6.71,13,1,33%,27.6%
DeVonta Smith,Philadelphia Eagles,2,MIN,Home,5,4,131,32.75,63,1,23%,67.9%
DeVonta Smith,Philadelphia Eagles,3,TB,Away,5,4,28,7,15,0,14%,10.1%
DeVonta Smith,Philadelphia Eagles,4,WAS,Home,9,7,78,11.14,37,0,26%,24.5%
DeVonta Smith,Philadelphia Eagles,5,LAR,Away,5,1,6,6,6,0,15%,2.0%
DeVonta Smith,Philadelphia Eagles,6,NYJ,Away,11,5,44,8.8,22,0,26%,15.7%
DeVonta Smith,Philadelphia Eagles,7,MIA,Home,5,4,49,12.25,25,0,17%,17.6%
DeVonta Smith,Philadelphia Eagles,8,WAS,Away,7,7,99,14.14,38,1,20%,31.0%
DeVonta Smith,Philadelphia Eagles,9,DAL,Home,3,3,51,17,29,1,14%,24.6%
DeVonta Smith,Philadelphia Eagles,11,KC,Away,8,6,99,16.5,41,0,38%,66.0%
DeVonta Smith,Philadelphia Eagles,12,BUF,Home,8,7,106,15.14,33,1,29%,53.0%
DeVonta Smith,Philadelphia Eagles,13,SF,Home,11,9,96,10.67,21,1,26%,30.6%
DeVonta Smith,Philadelphia Eagles,14,DAL,Away,10,5,73,14.6,30,0,36%,32.4%
DeVonta Smith,Philadelphia Eagles,15,SEA,Away,5,5,50,10,17,0,17%,35.0%
DeVonta Smith,Philadelphia Eagles,16,NYG,Home,5,4,79,19.75,36,1,14%,26.2%
DeVonta Smith,Philadelphia Eagles,17,ARI,Home,5,3,30,10,17,0,22%,16.3%
Diontae Johnson,Pittsburgh Steelers,1,SF,Home,6,3,48,16,26,0,13%,20.7%
Diontae Johnson,Pittsburgh Steelers,7,LAR,Away,6,5,79,15.8,39,0,26%,34.3%
Diontae Johnson,Pittsburgh Steelers,8,JAX,Home,14,8,85,10.62,16,0,35%,40.3%
Diontae Johnson,Pittsburgh Steelers,9,TEN,Home,9,7,90,12.86,32,1,31%,56.3%
Diontae Johnson,Pittsburgh Steelers,10,GB,Home,4,1,17,17,17,0,18%,13.5%
Diontae Johnson,Pittsburgh Steelers,11,CLE,Away,8,2,16,8,7,0,32%,15.1%
Diontae Johnson,Pittsburgh Steelers,12,CIN,Away,8,4,50,12.5,39,0,25%,18.0%
Diontae Johnson,Pittsburgh Steelers,13,ARI,Home,5,4,33,8.25,26,1,19%,17.6%
Diontae Johnson,Pittsburgh Steelers,14,NE,Home,7,3,57,19,25,1,20%,30.0%
Diontae Johnson,Pittsburgh Steelers,15,IND,Away,6,4,62,15.5,25,1,23%,36.0%
Diontae Johnson,Pittsburgh Steelers,16,CIN,Home,5,2,15,7.5,10,0,20%,5.2%
Diontae Johnson,Pittsburgh Steelers,17,SEA,Away,4,4,76,19,42,0,19%,27.7%
Donald Parham,Los Angeles Chargers,1,MIA,Home,3,3,21,7,15,1,10%,9.2%
Donald Parham,Los Angeles Chargers,2,TEN,Away,2,1,7,7,7,0,5%,2.3%
Donald Parham,Los Angeles Chargers,3,MIN,Away,2,2,4,2,3,2,4%,0.9%
Donald Parham,Los Angeles Chargers,4,LV,Home,1,0,0,0,0,0,4%,0.0%
Donald Parham,Los Angeles Chargers,6,DAL,Home,3,2,19,9.5,13,0,8%,8.4%
Donald Parham,Los Angeles Chargers,7,KC,Away,3,1,9,9,9,0,10%,3.5%
Donald Parham,Los Angeles Chargers,8,CHI,Home,5,4,43,10.75,17,1,13%,14.4%
Donald Parham,Los Angeles Chargers,9,NYJ,Away,2,0,0,0,0,0,7%,0.0%
Donald Parham,Los Angeles Chargers,10,DET,Home,2,2,18,9,16,0,5%,5.6%
Donald Parham,Los Angeles Chargers,11,GB,Away,6,4,57,14.25,21,0,17%,21.9%
Donald Parham,Los Angeles Chargers,13,NE,Away,4,2,12,6,7,0,11%,5.7%
Donald Parham,Los Angeles Chargers,14,DEN,Home,2,1,11,11,11,0,5%,4.0%
Donovan Peoples-Jones,Cleveland Browns,1,CIN,Home,2,1,12,12,12,0,7%,7.8%
Donovan Peoples-Jones,Cleveland Browns,2,PIT,Away,4,1,7,7,7,0,10%,3.0%
Donovan Peoples-Jones,Cleveland Browns,3,TEN,Home,4,3,49,16.33,29,0,13%,17.0%
Donovan Peoples-Jones,Cleveland Browns,4,BAL,Home,4,1,7,7,7,0,12%,5.8%
Donovan Peoples-Jones,Cleveland Browns,6,SF,Home,1,0,0,0,0,0,3%,0.0%
Donovan Peoples-Jones,Cleveland Browns,7,IND,Away,3,2,22,11,17,0,9%,12.0%
Donovan Peoples-Jones,Detroit Lions,11,CHI,Home,1,0,0,0,0,0,3%,0.0%
Donovan Peoples-Jones,Detroit Lions,13,NO,Away,1,0,0,0,0,0,4%,0.0%
Donovan Peoples-Jones,Detroit Lions,14,CHI,Away,1,1,17,17,17,0,3%,10.6%
Donovan Peoples-Jones,Detroit Lions,15,DEN,Home,1,1,5,5,5,0,3%,1.8%
Donovan Peoples-Jones,Detroit Lions,16,MIN,Away,1,1,11,11,11,0,3%,4.3%
Donovan Smith,Kansas City Chiefs,2,JAX,Away,1,1,0,0,0,0,3%,0.0%
Dontayvion Wicks,Green Bay Packers,1,CHI,Away,2,0,0,0,0,0,7%,0.0%
Dontayvion Wicks,Green Bay Packers,2,ATL,Away,4,2,40,20,32,1,16%,26.5%
Dontayvion Wicks,Green Bay Packers,3,NO,Home,6,4,45,11.25,18,0,14%,17.4%
Dontayvion Wicks,Green Bay Packers,4,DET,Home,1,0,0,0,0,0,3%,0.0%
Dontayvion Wicks,Green Bay Packers,5,LV,Away,1,1,10,10,10,0,3%,5.5%
Dontayvion Wicks,Green Bay Packers,7,DEN,Away,1,1,17,17,17,0,3%,8.8%
Dontayvion Wicks,Green Bay Packers,8,MIN,Home,4,2,28,14,17,0,10%,12.2%
Dontayvion Wicks,Green Bay Packers,9,LAR,Home,4,4,49,12.25,18,0,16%,21.5%
Dontayvion Wicks,Green Bay Packers,10,PIT,Away,4,3,51,17,32,0,11%,17.6%
Dontayvion Wicks,Green Bay Packers,11,LAC,Home,5,3,91,30.33,35,0,13%,28.3%
Dontayvion Wicks,Green Bay Packers,13,KC,Home,4,3,43,14.33,27,0,11%,16.1%
Dontayvion Wicks,Green Bay Packers,14,NYG,Away,6,2,20,10,19,0,16%,9.2%
Dontayvion Wicks,Green Bay Packers,15,TB,Home,7,6,97,16.17,22,0,19%,34.2%
Dontayvion Wicks,Green Bay Packers,16,CAR,Away,2,2,29,14.5,21,1,8%,13.2%
Drake London,Atlanta Falcons,1,CAR,Home,1,0,0,0,0,0,6%,0.0%
Drake London,Atlanta Falcons,2,GB,Home,7,6,67,11.17,24,1,24%,28.3%
Drake London,Atlanta Falcons,3,DET,Away,6,2,31,15.5,28,0,16%,15.4%
Drake London,Atlanta Falcons,4,JAX,Away,7,3,28,9.33,15,1,23%,14.7%
Drake London,Atlanta Falcons,5,HOU,Home,9,6,78,13,32,0,24%,22.2%
Drake London,Atlanta Falcons,6,WAS,Home,12,9,125,13.89,32,0,27%,40.7%
Drake London,Atlanta Falcons,7,TB,Away,7,6,54,9,15,0,32%,21.6%
Drake London,Atlanta Falcons,8,TEN,Away,7,5,55,11,21,0,21%,22.4%
Drake London,Atlanta Falcons,10,ARI,Away,4,3,36,12,18,0,22%,38.3%
Drake London,Atlanta Falcons,12,NO,Home,7,5,91,18.2,29,0,35%,54.2%
Drake London,Atlanta Falcons,13,NYJ,Away,5,1,8,8,8,0,20%,6.6%
Drake London,Atlanta Falcons,14,TB,Home,11,10,172,17.2,45,0,28%,49.6%
Drake London,Atlanta Falcons,15,CAR,Away,3,2,24,12,13,0,16%,15.8%
Drake London,Atlanta Falcons,16,IND,Home,4,3,39,13,19,0,13%,17.0%
Drake London,Atlanta Falcons,17,CHI,Away,10,4,56,14,22,0,31%,31.1%
Drew Sample,Cincinnati Bengals,3,LAR,Home,1,1,7,7,7,0,2%,2.7%
Drew Sample,Cincinnati Bengals,4,TEN,Away,1,1,-1,-1,-1,0,4%,-0.6%
Drew Sample,Cincinnati Bengals,6,SEA,Home,1,1,4,4,4,0,3%,2.2%
Drew Sample,Cincinnati Bengals,8,SF,Away,1,0,0,0,0,0,3%,0.0%
Drew Sample,Cincinnati Bengals,9,BUF,Home,4,3,30,10,22,1,10%,8.6%
Drew Sample,Cincinnati Bengals,10,HOU,Home,3,2,12,6,9,0,8%,3.5%
Drew Sample,Cincinnati Bengals,11,BAL,Away,2,2,19,9.5,13,0,6%,11.2%
Drew Sample,Cincinnati Bengals,12,PIT,Home,1,1,11,11,11,1,4%,4.8%
Drew Sample,Cincinnati Bengals,13,JAX,Away,1,1,11,11,11,0,3%,3.2%
Drew Sample,Cincinnati Bengals,14,IND,Home,2,2,4,2,3,0,8%,1.5%
Drew Sample,Cincinnati Bengals,15,MIN,Home,1,0,0,0,0,0,3%,0.0%
Drew Sample,Cincinnati Bengals,16,PIT,Away,3,3,38,12.67,16,0,8%,11.3%
Drew Sample,Cincinnati Bengals,17,KC,Away,4,3,21,7,11,0,13%,10.7%
Durham Smythe,Miami Dolphins,1,LAC,Away,7,3,44,14.67,18,0,16%,9.4%
Durham Smythe,Miami Dolphins,2,NE,Away,3,3,23,7.67,9,0,10%,9.2%
Durham Smythe,Miami Dolphins,3,DEN,Home,1,1,15,15,15,0,4%,4.0%
Durham Smythe,Miami Dolphins,4,BUF,Away,4,4,41,10.25,22,0,12%,14.5%
Durham Smythe,Miami Dolphins,6,CAR,Home,1,0,0,0,0,0,3%,0.0%
Durham Smythe,Miami Dolphins,8,NE,Home,3,3,28,9.33,15,0,7%,8.6%
Durham Smythe,Miami Dolphins,9,KC,Away,3,3,17,5.67,8,0,9%,8.8%
Durham Smythe,Miami Dolphins,12,NYJ,Away,3,1,10,10,10,0,11%,4.1%
Durham Smythe,Miami Dolphins,14,TEN,Home,3,2,16,8,9,0,9%,6.7%
Durham Smythe,Miami Dolphins,15,NYJ,Home,4,4,32,8,11,0,15%,14.0%
Durham Smythe,Miami Dolphins,16,DAL,Home,5,5,56,11.2,21,0,14%,19.1%
Durham Smythe,Miami Dolphins,17,BAL,Away,3,3,54,18,22,0,8%,22.8%
Dyami Brown,Washington Commanders,2,DEN,Away,3,3,25,8.33,9,0,9%,8.4%
Dyami Brown,Washington Commanders,3,BUF,Home,1,0,0,0,0,0,3%,0.0%
Dyami Brown,Washington Commanders,4,PHI,Away,3,2,51,25.5,35,0,8%,17.6%
Dyami Brown,Washington Commanders,5,CHI,Home,3,1,11,11,11,0,6%,2.8%
Dyami Brown,Washington Commanders,6,ATL,Away,1,0,0,0,0,0,5%,0.0%
Dyami Brown,Washington Commanders,9,NE,Away,4,2,33,16.5,19,0,9%,10.2%
Dyami Brown,Washington Commanders,10,SEA,Away,2,2,41,20.5,35,1,5%,13.1%
Dyami Brown,Washington Commanders,11,NYG,Home,3,1,7,7,7,0,7%,2.7%
Dyami Brown,Washington Commanders,12,DAL,Away,1,0,0,0,0,0,2%,0.0%
Dyami Brown,Washington Commanders,13,MIA,Home,1,1,0,0,0,0,5%,0.0%
Dyami Brown,Washington Commanders,15,LAR,Away,1,0,0,0,0,0,3%,0.0%
Easton Stick,Los Angeles Chargers,16,BUF,Home,0,0,-5,0,-5,0,0%,-2.3%
Elijah Cooks,Jacksonville Jaguars,15,BAL,Home,1,0,0,0,0,0,2%,0.0%
Elijah Cooks,Jacksonville Jaguars,16,TB,Away,3,3,38,12.67,23,0,7%,12.5%
Elijah Dotson,Los Angeles Chargers,2,TEN,Away,2,2,13,6.5,7,0,5%,4.3%
Elijah Higgins,Arizona Cardinals,7,SEA,Away,1,1,0,0,0,0,3%,0.0%
Elijah Higgins,Arizona Cardinals,10,ATL,Home,1,0,0,0,0,0,3%,0.0%
Elijah Higgins,Arizona Cardinals,11,HOU,Away,2,1,2,2,2,0,7%,0.9%
Elijah Higgins,Arizona Cardinals,12,LAR,Home,2,1,26,26,26,0,5%,10.2%
Elijah Higgins,Arizona Cardinals,13,PIT,Away,2,1,21,21,21,0,9%,14.5%
Elijah Higgins,Arizona Cardinals,15,SF,Home,4,4,44,11,17,1,11%,20.9%
Elijah Higgins,Arizona Cardinals,16,CHI,Away,3,2,17,8.5,12,0,8%,7.4%
Elijah Higgins,Arizona Cardinals,17,PHI,Away,2,2,21,10.5,14,0,6%,9.1%
Elijah Mitchell,San Francisco 49ers,1,PIT,Away,1,0,0,0,0,0,4%,0.0%
Elijah Mitchell,San Francisco 49ers,3,NYG,Home,3,3,2,0.67,9,0,9%,0.6%
Elijah Mitchell,San Francisco 49ers,8,CIN,Home,1,0,0,0,0,0,3%,0.0%
Elijah Mitchell,San Francisco 49ers,12,SEA,Away,1,1,-3,-3,-3,0,3%,-1.4%
Elijah Moore,Cleveland Browns,1,CIN,Home,7,3,43,14.33,33,0,24%,27.9%
Elijah Moore,Cleveland Browns,2,PIT,Away,9,3,36,12,16,0,23%,15.3%
Elijah Moore,Cleveland Browns,3,TEN,Home,9,9,49,5.44,14,0,29%,17.0%
Elijah Moore,Cleveland Browns,4,BAL,Home,4,2,20,10,13,0,12%,16.5%
Elijah Moore,Cleveland Browns,6,SF,Home,7,4,19,4.75,9,0,21%,9.9%
Elijah Moore,Cleveland Browns,7,IND,Away,7,4,59,14.75,30,0,20%,32.2%
Elijah Moore,Cleveland Browns,8,SEA,Away,5,2,30,15,21,0,17%,11.7%
Elijah Moore,Cleveland Browns,9,ARI,Home,2,2,14,7,11,0,7%,6.4%
Elijah Moore,Cleveland Browns,10,BAL,Away,7,5,44,8.8,19,1,22%,20.7%
Elijah Moore,Cleveland Browns,11,PIT,Home,7,6,60,10,15,0,17%,36.4%
Elijah Moore,Cleveland Browns,12,DEN,Away,9,3,44,14.67,26,0,23%,23.2%
Elijah Moore,Cleveland Browns,13,LAR,Away,12,4,83,20.75,42,0,29%,32.7%
Elijah Moore,Cleveland Browns,14,JAX,Home,6,3,42,14,20,0,14%,13.5%
Elijah Moore,Cleveland Browns,15,CHI,Home,3,2,17,8.5,11,0,7%,4.5%
Elijah Moore,Cleveland Browns,16,HOU,Away,4,2,19,9.5,18,0,9%,5.1%
Elijah Moore,Cleveland Browns,17,NYJ,Home,6,5,61,12.2,24,1,21%,19.7%
Emanuel Wilson,Green Bay Packers,3,NO,Home,1,1,6,6,6,0,2%,2.3%
Emanuel Wilson,Green Bay Packers,7,DEN,Away,2,2,8,4,4,0,6%,4.1%
Emanuel Wilson,Green Bay Packers,11,LAC,Home,2,1,9,9,9,0,5%,2.8%
Emari Demercado,Arizona Cardinals,2,NYG,Home,2,2,7,3.5,4,0,7%,3.1%
Emari Demercado,Arizona Cardinals,4,SF,Away,4,3,21,7,13,0,10%,7.9%
Emari Demercado,Arizona Cardinals,5,CIN,Home,3,1,12,12,12,0,10%,7.2%
Emari Demercado,Arizona Cardinals,6,LAR,Away,1,1,6,6,6,0,3%,2.6%
Emari Demercado,Arizona Cardinals,7,SEA,Away,5,4,17,4.25,8,0,15%,11.3%
Emari Demercado,Arizona Cardinals,8,BAL,Home,1,1,1,1,1,0,3%,0.5%
Emari Demercado,Arizona Cardinals,15,SF,Home,3,1,6,6,6,0,8%,2.8%
Emari Demercado,Arizona Cardinals,16,CHI,Away,8,7,40,5.71,22,0,22%,17.4%
Emari Demercado,Arizona Cardinals,17,PHI,Away,3,1,9,9,9,0,10%,3.9%
Equanimeous St. Brown,Chicago Bears,4,DEN,Home,1,1,21,21,21,0,3%,6.3%
Equanimeous St. Brown,Chicago Bears,5,WAS,Away,1,0,0,0,0,0,4%,0.0%
Equanimeous St. Brown,Chicago Bears,10,CAR,Home,1,1,4,4,4,0,3%,2.5%
Equanimeous St. Brown,Chicago Bears,11,DET,Away,2,2,19,9.5,13,0,9%,11.2%
Eric Gray,New York Giants,5,MIA,Away,1,1,1,1,1,0,3%,0.5%
Eric Gray,New York Giants,15,NO,Away,4,3,6,2,3,0,12%,3.2%
Eric Gray,New York Giants,17,LAR,Home,1,1,6,6,6,0,3%,1.9%
Eric Saubert,Houston Texans,13,DEN,Home,1,1,5,5,5,0,4%,1.7%
Eric Saubert,Houston Texans,17,TEN,Home,1,1,2,2,2,0,3%,0.9%
Erik Ezukanma,Miami Dolphins,2,NE,Away,1,0,0,0,0,0,3%,0.0%
Evan Engram,Jacksonville Jaguars,1,IND,Away,5,5,49,9.8,26,0,16%,20.3%
Evan Engram,Jacksonville Jaguars,2,KC,Home,8,6,57,9.5,17,0,20%,26.5%
Evan Engram,Jacksonville Jaguars,3,HOU,Home,8,7,67,9.57,28,0,20%,23.3%
Evan Engram,Jacksonville Jaguars,4,ATL,Home,8,7,59,8.43,19,0,27%,28.5%
Evan Engram,Jacksonville Jaguars,5,BUF,Away,8,4,28,7,9,0,22%,8.9%
Evan Engram,Jacksonville Jaguars,6,IND,Home,7,7,41,5.86,19,0,25%,22.7%
Evan Engram,Jacksonville Jaguars,7,NO,Away,7,5,45,9,21,0,23%,20.7%
Evan Engram,Jacksonville Jaguars,8,PIT,Away,10,10,88,8.8,34,0,31%,30.1%
Evan Engram,Jacksonville Jaguars,10,SF,Home,7,4,12,3,6,0,23%,6.3%
Evan Engram,Jacksonville Jaguars,11,TEN,Home,6,4,29,7.25,13,0,19%,11.1%
Evan Engram,Jacksonville Jaguars,12,HOU,Away,8,5,49,9.8,21,0,22%,13.5%
Evan Engram,Jacksonville Jaguars,13,CIN,Home,9,9,82,9.11,22,1,23%,25.5%
Evan Engram,Jacksonville Jaguars,14,CLE,Away,12,11,95,8.64,23,2,24%,37.0%
Evan Engram,Jacksonville Jaguars,15,BAL,Home,6,4,28,7,11,0,14%,10.6%
Evan Engram,Jacksonville Jaguars,16,TB,Away,15,10,95,9.5,14,0,35%,31.1%
Evan Engram,Jacksonville Jaguars,17,CAR,Home,6,6,60,10,22,0,26%,33.7%
Evan Hull,Indianapolis Colts,1,JAX,Home,1,1,6,6,6,0,3%,2.7%
Ezekiel Elliott,New England Patriots,1,PHI,Home,7,5,14,2.8,6,0,13%,4.4%
Ezekiel Elliott,New England Patriots,3,NYJ,Away,1,1,7,7,7,0,4%,3.5%
Ezekiel Elliott,New England Patriots,4,DAL,Away,3,2,6,3,4,0,10%,2.9%
Ezekiel Elliott,New England Patriots,5,NO,Home,4,4,17,4.25,8,0,13%,12.9%
Ezekiel Elliott,New England Patriots,6,LV,Away,1,1,15,15,15,0,3%,7.5%
Ezekiel Elliott,New England Patriots,7,BUF,Home,1,0,0,0,0,0,3%,0.0%
Ezekiel Elliott,New England Patriots,9,WAS,Home,5,3,15,5,6,0,12%,6.8%
Ezekiel Elliott,New England Patriots,10,IND,Home,2,2,34,17,19,0,8%,17.4%
Ezekiel Elliott,New England Patriots,12,NYG,Away,2,2,6,3,5,0,6%,4.2%
Ezekiel Elliott,New England Patriots,13,LAC,Home,5,4,40,10,23,0,21%,28.4%
Ezekiel Elliott,New England Patriots,14,PIT,Away,8,7,72,10.29,16,1,31%,30.0%
Ezekiel Elliott,New England Patriots,15,KC,Home,6,5,21,4.2,7,0,19%,11.7%
Ezekiel Elliott,New England Patriots,16,DEN,Away,11,9,33,3.67,15,1,35%,12.9%
Ezekiel Elliott,New England Patriots,17,BUF,Away,2,1,6,6,6,0,8%,2.9%
Foster Moreau,New Orleans Saints,2,CAR,Away,2,2,20,10,14,0,6%,8.5%
Foster Moreau,New Orleans Saints,5,NE,Away,1,1,6,6,6,1,4%,3.3%
Foster Moreau,New Orleans Saints,6,HOU,Away,4,4,33,8.25,17,0,9%,9.2%
Foster Moreau,New Orleans Saints,7,JAX,Home,4,3,33,11,18,0,8%,11.0%
Foster Moreau,New Orleans Saints,9,CHI,Home,1,1,23,23,23,0,3%,10.7%
Foster Moreau,New Orleans Saints,13,DET,Home,2,2,28,14,19,0,7%,10.5%
Foster Moreau,New Orleans Saints,14,CAR,Home,2,2,8,4,7,0,9%,6.7%
Foster Moreau,New Orleans Saints,15,NYG,Home,5,3,13,4.33,8,0,18%,6.0%
Foster Moreau,New Orleans Saints,16,LAR,Away,2,1,13,13,13,0,5%,4.1%
Foster Moreau,New Orleans Saints,17,TB,Away,1,1,13,13,13,0,3%,6.3%
Gabriel Davis,Buffalo Bills,1,NYJ,Away,4,2,32,16,26,0,10%,13.6%
Gabriel Davis,Buffalo Bills,2,LV,Home,7,6,92,15.33,40,1,19%,33.6%
Gabriel Davis,Buffalo Bills,3,WAS,Away,4,1,35,35,35,1,13%,16.1%
Gabriel Davis,Buffalo Bills,4,MIA,Home,3,3,61,20.33,34,1,12%,19.1%
Gabriel Davis,Buffalo Bills,5,JAX,Home,8,6,100,16.67,29,1,22%,27.9%
Gabriel Davis,Buffalo Bills,6,NYG,Home,4,3,21,7,9,0,14%,12.4%
Gabriel Davis,Buffalo Bills,7,NE,Away,5,1,6,6,6,0,13%,2.3%
Gabriel Davis,Buffalo Bills,8,TB,Home,12,9,87,9.67,16,1,31%,26.9%
Gabriel Davis,Buffalo Bills,9,CIN,Away,2,0,0,0,0,0,6%,0.0%
Gabriel Davis,Buffalo Bills,10,DEN,Home,6,2,56,28,38,0,24%,31.6%
Gabriel Davis,Buffalo Bills,12,PHI,Away,12,6,105,17.5,25,1,24%,31.0%
Gabriel Davis,Buffalo Bills,14,KC,Away,2,0,0,0,0,0,6%,0.0%
Gabriel Davis,Buffalo Bills,15,DAL,Home,1,0,0,0,0,0,8%,0.0%
Gabriel Davis,Buffalo Bills,16,LAC,Away,6,4,130,32.5,57,1,29%,54.9%
Gabriel Davis,Buffalo Bills,17,NE,Home,3,2,21,10.5,15,0,11%,12.4%
Garrett Wilson,New York Jets,1,BUF,Home,5,5,34,6.8,14,1,28%,24.3%
Garrett Wilson,New York Jets,2,DAL,Away,8,2,83,41.5,68,1,32%,48.8%
Garrett Wilson,New York Jets,3,NE,Home,9,5,48,9.6,29,0,32%,30.6%
Garrett Wilson,New York Jets,4,KC,Home,14,9,60,6.67,14,0,36%,24.5%
Garrett Wilson,New York Jets,5,DEN,Away,7,3,54,18,32,0,27%,27.1%
Garrett Wilson,New York Jets,6,PHI,Home,12,8,90,11.25,33,0,36%,48.4%
Garrett Wilson,New York Jets,8,NYG,Away,13,7,100,14.29,29,0,38%,41.7%
Garrett Wilson,New York Jets,9,LAC,Home,13,7,80,11.43,31,0,27%,30.4%
Garrett Wilson,New York Jets,10,LV,Away,14,9,93,10.33,41,0,38%,35.4%
Garrett Wilson,New York Jets,11,BUF,Away,8,2,9,4.5,5,0,29%,6.8%
Garrett Wilson,New York Jets,12,MIA,Home,10,7,44,6.29,11,1,28%,24.6%
Garrett Wilson,New York Jets,13,ATL,Home,7,3,50,16.67,31,0,19%,23.4%
Garrett Wilson,New York Jets,14,HOU,Home,14,9,108,12,25,0,40%,35.9%
Garrett Wilson,New York Jets,15,MIA,Away,4,3,29,9.67,18,0,12%,21.3%
Garrett Wilson,New York Jets,16,WAS,Home,15,9,76,8.44,16,0,33%,35.0%
Garrett Wilson,New York Jets,17,CLE,Away,10,5,50,10,22,0,23%,19.2%
Gary Brightwell,New York Giants,1,DAL,Home,2,2,6,3,9,0,7%,5.5%
Gary Brightwell,New York Giants,3,SF,Away,3,2,31,15.5,18,0,9%,22.6%
Gary Brightwell,New York Giants,4,SEA,Home,2,1,10,10,10,0,6%,4.9%
Geno Smith,Seattle Seahawks,4,NYG,Away,1,1,-2,-2,-2,0,4%,-1.2%
Geoff Swaim,Arizona Cardinals,4,SF,Away,1,0,0,0,0,0,2%,0.0%
Geoff Swaim,Arizona Cardinals,5,CIN,Home,2,2,22,11,11,0,7%,13.3%
Geoff Swaim,Arizona Cardinals,7,SEA,Away,1,1,8,8,8,0,3%,5.3%
Geoff Swaim,Arizona Cardinals,10,ATL,Home,2,2,13,6.5,7,0,6%,5.2%
Geoff Swaim,Arizona Cardinals,11,HOU,Away,2,2,15,7.5,8,0,7%,7.0%
Geoff Swaim,Arizona Cardinals,13,PIT,Away,2,2,10,5,9,0,9%,6.9%
Geoff Swaim,Arizona Cardinals,15,SF,Home,1,1,26,26,26,0,3%,12.3%
George Kittle,San Francisco 49ers,1,PIT,Away,6,3,19,6.33,11,0,21%,8.6%
George Kittle,San Francisco 49ers,2,LAR,Away,3,3,30,10,12,0,13%,14.6%
George Kittle,San Francisco 49ers,3,NYG,Home,9,7,90,12.86,29,0,26%,29.0%
George Kittle,San Francisco 49ers,4,ARI,Home,1,1,9,9,9,0,5%,3.2%
George Kittle,San Francisco 49ers,5,DAL,Home,4,3,67,22.33,38,3,16%,26.5%
George Kittle,San Francisco 49ers,6,CLE,Away,2,1,1,1,1,0,8%,0.8%
George Kittle,San Francisco 49ers,7,MIN,Away,7,5,78,15.6,28,0,24%,28.7%
George Kittle,San Francisco 49ers,8,CIN,Home,11,9,149,16.56,34,0,37%,40.8%
George Kittle,San Francisco 49ers,10,JAX,Away,4,3,116,38.67,66,1,15%,38.4%
George Kittle,San Francisco 49ers,11,TB,Home,9,8,89,11.12,24,1,36%,26.7%
George Kittle,San Francisco 49ers,12,SEA,Away,5,3,19,6.33,11,0,17%,9.1%
George Kittle,San Francisco 49ers,13,PHI,Away,6,4,68,17,32,0,24%,21.7%
George Kittle,San Francisco 49ers,14,SEA,Home,5,3,76,25.33,44,1,19%,20.7%
George Kittle,San Francisco 49ers,15,ARI,Away,4,2,54,27,35,0,15%,20.6%
George Kittle,San Francisco 49ers,16,BAL,Home,10,7,126,18,58,0,23%,37.5%
George Kittle,San Francisco 49ers,17,WAS,Away,4,3,29,9.67,18,0,15%,12.6%
George Pickens,Pittsburgh Steelers,1,SF,Home,7,5,36,7.2,9,0,16%,15.5%
George Pickens,Pittsburgh Steelers,2,CLE,Home,10,4,127,31.75,71,1,34%,57.2%
George Pickens,Pittsburgh Steelers,3,LV,Away,6,4,75,18.75,32,0,22%,31.9%
George Pickens,Pittsburgh Steelers,4,HOU,Away,7,3,25,8.33,17,0,26%,18.9%
George Pickens,Pittsburgh Steelers,5,BAL,Home,10,6,130,21.67,41,1,32%,58.0%
George Pickens,Pittsburgh Steelers,7,LAR,Away,8,5,107,21.4,31,0,35%,46.5%
George Pickens,Pittsburgh Steelers,8,JAX,Home,5,1,22,22,22,1,13%,10.4%
George Pickens,Pittsburgh Steelers,9,TEN,Home,5,2,-1,-0.5,2,0,17%,-0.6%
George Pickens,Pittsburgh Steelers,10,GB,Home,4,3,45,15,28,0,18%,35.7%
George Pickens,Pittsburgh Steelers,11,CLE,Away,6,4,38,9.5,14,0,24%,35.8%
George Pickens,Pittsburgh Steelers,12,CIN,Away,5,3,58,19.33,43,0,16%,20.9%
George Pickens,Pittsburgh Steelers,13,ARI,Home,5,4,86,21.5,38,0,19%,46.0%
George Pickens,Pittsburgh Steelers,14,NE,Home,6,5,19,3.8,7,0,17%,10.0%
George Pickens,Pittsburgh Steelers,15,IND,Away,7,3,47,15.67,17,0,27%,27.3%
George Pickens,Pittsburgh Steelers,16,CIN,Home,6,4,195,48.75,86,2,24%,67.2%
George Pickens,Pittsburgh Steelers,17,SEA,Away,9,7,131,18.71,37,0,43%,47.8%
Gerald Everett,Los Angeles Chargers,1,MIA,Home,3,2,21,10.5,11,0,10%,9.2%
Gerald Everett,Los Angeles Chargers,2,TEN,Away,3,3,47,15.67,29,0,8%,15.4%
Gerald Everett,Los Angeles Chargers,3,MIN,Away,6,6,30,5,13,0,13%,6.6%
Gerald Everett,Los Angeles Chargers,4,LV,Home,2,2,9,4.5,6,0,8%,5.4%
Gerald Everett,Los Angeles Chargers,6,DAL,Home,5,3,16,5.33,15,1,14%,7.0%
Gerald Everett,Los Angeles Chargers,7,KC,Away,4,3,26,8.67,11,1,13%,10.0%
Gerald Everett,Los Angeles Chargers,9,NYJ,Away,2,2,18,9,17,0,7%,13.2%
Gerald Everett,Los Angeles Chargers,10,DET,Home,2,0,0,0,0,0,5%,0.0%
Gerald Everett,Los Angeles Chargers,12,BAL,Home,4,4,43,10.75,31,1,10%,19.8%
Gerald Everett,Los Angeles Chargers,13,NE,Away,5,4,44,11,26,0,14%,20.8%
Gerald Everett,Los Angeles Chargers,14,DEN,Home,8,5,39,7.8,12,0,20%,14.2%
Gerald Everett,Los Angeles Chargers,15,LV,Away,8,5,41,8.2,13,0,26%,16.0%
Gerald Everett,Los Angeles Chargers,16,BUF,Home,8,7,42,6,15,0,25%,19.5%
Gerald Everett,Los Angeles Chargers,17,DEN,Away,9,4,31,7.75,22,0,24%,14.1%
Giovanni Ricci,Carolina Panthers,1,ATL,Away,1,1,2,2,2,0,3%,1.4%
Grant Calcaterra,Philadelphia Eagles,16,NYG,Home,2,2,21,10.5,12,0,6%,7.0%
Greg Dortch,Arizona Cardinals,6,LAR,Away,1,0,0,0,0,0,3%,0.0%
Greg Dortch,Arizona Cardinals,9,CLE,Away,1,1,2,2,2,0,5%,3.4%
Greg Dortch,Arizona Cardinals,11,HOU,Away,8,6,76,12.67,31,0,28%,35.5%
Greg Dortch,Arizona Cardinals,12,LAR,Home,9,3,27,9,14,1,20%,10.5%
Greg Dortch,Arizona Cardinals,13,PIT,Away,3,1,19,19,19,0,13%,13.1%
Greg Dortch,Arizona Cardinals,15,SF,Home,3,2,15,7.5,10,0,8%,7.1%
Greg Dortch,Arizona Cardinals,16,CHI,Away,5,2,45,22.5,38,1,14%,19.6%
Greg Dortch,Arizona Cardinals,17,PHI,Away,7,7,82,11.71,36,0,23%,35.3%
Greg Dulcich,Denver Broncos,1,LV,Home,2,2,22,11,13,0,6%,12.4%
Greg Dulcich,Denver Broncos,6,KC,Away,2,1,3,3,3,0,9%,3.2%
Greg Van Roten,Las Vegas Raiders,14,MIN,Home,0,0,5,0,5,0,0%,2.9%
Gunner Olszewski,Pittsburgh Steelers,2,CLE,Home,1,1,0,0,0,0,3%,0.0%
Gus Edwards,Baltimore Ravens,4,CLE,Away,3,2,1,0.5,7,0,17%,0.5%
Gus Edwards,Baltimore Ravens,6,TEN,Away,1,1,12,12,12,0,3%,5.4%
Gus Edwards,Baltimore Ravens,7,DET,Home,1,1,80,80,80,0,4%,22.4%
Gus Edwards,Baltimore Ravens,8,ARI,Away,2,2,14,7,9,0,8%,8.9%
Gus Edwards,Baltimore Ravens,10,CLE,Home,1,1,4,4,4,0,4%,1.8%
Gus Edwards,Baltimore Ravens,11,CIN,Home,2,2,8,4,4,0,9%,3.0%
Gus Edwards,Baltimore Ravens,12,LAC,Away,1,1,11,11,11,0,3%,6.2%
Gus Edwards,Baltimore Ravens,15,JAX,Away,1,1,11,11,11,0,4%,6.4%
Gus Edwards,Baltimore Ravens,16,SF,Away,1,1,39,39,39,0,3%,15.5%
Harrison Bryant,Cleveland Browns,1,CIN,Home,2,2,5,2.5,3,1,7%,3.2%
Harrison Bryant,Cleveland Browns,2,PIT,Away,2,0,0,0,0,0,5%,0.0%
Harrison Bryant,Cleveland Browns,4,BAL,Home,1,1,2,2,2,0,3%,1.7%
Harrison Bryant,Cleveland Browns,6,SF,Home,1,0,0,0,0,0,3%,0.0%
Harrison Bryant,Cleveland Browns,7,IND,Away,1,0,0,0,0,0,3%,0.0%
Harrison Bryant,Cleveland Browns,8,SEA,Away,1,0,0,0,0,0,3%,0.0%
Harrison Bryant,Cleveland Browns,10,BAL,Away,1,1,3,3,3,0,3%,1.4%
Harrison Bryant,Cleveland Browns,12,DEN,Away,1,1,2,2,2,1,3%,1.1%
Harrison Bryant,Cleveland Browns,13,LAR,Away,5,5,49,9.8,23,1,12%,19.3%
Harrison Bryant,Cleveland Browns,15,CHI,Home,1,0,0,0,0,0,2%,0.0%
Harrison Bryant,Cleveland Browns,16,HOU,Away,1,1,6,6,6,0,2%,1.6%
Harrison Bryant,Cleveland Browns,17,NYJ,Home,3,2,14,7,9,0,10%,4.5%
Hayden Hurst,Carolina Panthers,1,ATL,Away,7,5,41,8.2,14,1,23%,28.1%
Hayden Hurst,Carolina Panthers,2,NO,Home,3,3,20,6.67,9,0,10%,13.1%
Hayden Hurst,Carolina Panthers,3,SEA,Away,3,1,11,11,11,0,5%,3.0%
Hayden Hurst,Carolina Panthers,4,MIN,Home,3,1,7,7,7,0,10%,3.4%
Hayden Hurst,Carolina Panthers,5,DET,Away,3,3,21,7,9,0,9%,8.5%
Hayden Hurst,Carolina Panthers,6,MIA,Away,3,1,16,16,16,0,9%,7.1%
Hayden Hurst,Carolina Panthers,8,HOU,Home,2,0,0,0,0,0,6%,0.0%
Hayden Hurst,Carolina Panthers,9,IND,Home,4,2,54,27,48,0,11%,31.2%
Hayden Hurst,Carolina Panthers,10,CHI,Away,4,2,14,7,7,0,12%,7.6%
Hunter Henry,New England Patriots,1,PHI,Home,6,5,56,11.2,13,1,11%,17.7%
Hunter Henry,New England Patriots,2,MIA,Home,7,6,52,8.67,13,1,17%,22.5%
Hunter Henry,New England Patriots,3,NYJ,Away,5,2,17,8.5,9,0,19%,8.5%
Hunter Henry,New England Patriots,4,DAL,Away,5,4,51,12.75,21,0,17%,24.6%
Hunter Henry,New England Patriots,5,NO,Home,2,0,0,0,0,0,6%,0.0%
Hunter Henry,New England Patriots,6,LV,Away,3,1,7,7,7,0,10%,3.5%
Hunter Henry,New England Patriots,7,BUF,Home,3,2,27,13.5,14,0,10%,9.9%
Hunter Henry,New England Patriots,8,MIA,Away,3,3,28,9.33,16,0,11%,17.4%
Hunter Henry,New England Patriots,9,WAS,Home,7,4,39,9.75,14,1,16%,17.7%
Hunter Henry,New England Patriots,10,IND,Home,5,3,21,7,11,0,19%,10.8%
Hunter Henry,New England Patriots,13,LAC,Home,4,2,15,7.5,9,0,17%,10.6%
Hunter Henry,New England Patriots,14,PIT,Away,3,3,40,13.33,24,2,12%,16.7%
Hunter Henry,New England Patriots,15,KC,Home,9,7,66,9.43,16,1,29%,36.7%
Hunter Luepke,Dallas Cowboys,3,ARI,Away,1,1,12,12,12,0,3%,4.8%
Hunter Luepke,Dallas Cowboys,8,LAR,Home,1,1,-2,-2,-2,0,3%,-0.7%
Hunter Luepke,Dallas Cowboys,9,PHI,Away,1,0,0,0,0,0,2%,0.0%
Hunter Luepke,Dallas Cowboys,16,MIA,Away,1,1,8,8,8,0,3%,3.2%
Hunter Renfrow,Las Vegas Raiders,2,BUF,Away,1,1,23,23,23,0,4%,12.4%
Hunter Renfrow,Las Vegas Raiders,3,PIT,Home,2,2,17,8.5,10,0,5%,5.2%
Hunter Renfrow,Las Vegas Raiders,4,LAC,Away,4,2,12,6,12,0,11%,5.0%
Hunter Renfrow,Las Vegas Raiders,5,GB,Home,2,1,7,7,7,0,7%,3.4%
Hunter Renfrow,Las Vegas Raiders,7,CHI,Away,3,2,14,7,9,0,7%,6.9%
Hunter Renfrow,Las Vegas Raiders,8,DET,Away,4,2,19,9.5,18,0,19%,15.1%
Hunter Renfrow,Las Vegas Raiders,9,NYG,Home,3,2,32,16,19,0,13%,15.3%
Hunter Renfrow,Las Vegas Raiders,10,NYJ,Home,1,1,5,5,5,0,4%,3.3%
Hunter Renfrow,Las Vegas Raiders,11,MIA,Away,5,5,42,8.4,31,0,13%,15.5%
Hunter Renfrow,Las Vegas Raiders,12,KC,Home,4,4,38,9.5,16,0,13%,15.3%
Hunter Renfrow,Las Vegas Raiders,14,MIN,Home,5,3,46,15.33,38,0,17%,26.9%
Hunter Renfrow,Las Vegas Raiders,15,LAC,Home,2,0,0,0,0,0,6%,0.0%
Hunter Renfrow,Las Vegas Raiders,16,KC,Away,1,0,0,0,0,0,5%,0.0%
Ian Thomas,Carolina Panthers,3,SEA,Away,1,1,8,8,8,0,2%,2.2%
Ian Thomas,Carolina Panthers,4,MIN,Home,1,0,0,0,0,0,3%,0.0%
Ian Thomas,Carolina Panthers,5,DET,Away,2,1,28,28,28,0,6%,11.3%
Ian Thomas,Carolina Panthers,12,TEN,Away,1,1,9,9,9,0,4%,4.6%
Ian Thomas,Carolina Panthers,13,TB,Away,1,1,6,6,6,0,4%,3.4%
Ian Thomas,Carolina Panthers,17,JAX,Away,1,0,0,0,0,0,3%,0.0%
Ihmir Smith-Marsette,Carolina Panthers,12,TEN,Away,1,1,14,14,14,0,4%,7.2%
Ihmir Smith-Marsette,Carolina Panthers,14,NO,Away,1,0,0,0,0,0,3%,0.0%
Ihmir Smith-Marsette,Carolina Panthers,15,ATL,Home,2,2,1,0.5,8,0,9%,0.6%
Ihmir Smith-Marsette,Carolina Panthers,16,GB,Home,1,1,18,18,18,0,3%,5.8%
Ihmir Smith-Marsette,Carolina Panthers,17,JAX,Away,3,3,12,4,9,0,10%,10.7%
Irv Smith,Cincinnati Bengals,1,CLE,Away,5,3,17,5.67,8,0,16%,20.7%
Irv Smith,Cincinnati Bengals,2,BAL,Home,4,2,10,5,6,0,10%,4.5%
Irv Smith,Cincinnati Bengals,6,SEA,Home,2,1,5,5,5,0,6%,2.7%
Irv Smith,Cincinnati Bengals,8,SF,Away,4,4,25,6.25,11,0,13%,8.8%
Irv Smith,Cincinnati Bengals,9,BUF,Home,4,3,26,8.67,11,1,10%,7.5%
Irv Smith,Cincinnati Bengals,10,HOU,Home,1,1,6,6,6,0,3%,1.7%
Irv Smith,Cincinnati Bengals,11,BAL,Away,1,0,0,0,0,0,3%,0.0%
Irv Smith,Cincinnati Bengals,12,PIT,Home,2,2,8,4,6,0,8%,3.5%
Irv Smith,Cincinnati Bengals,15,MIN,Home,3,2,18,9,14,0,8%,5.6%
Isaiah Hodgins,New York Giants,1,DAL,Home,3,1,24,24,24,0,10%,21.8%
Isaiah Hodgins,New York Giants,2,ARI,Away,5,4,40,10,12,1,14%,12.5%
Isaiah Hodgins,New York Giants,3,SF,Away,1,0,0,0,0,0,3%,0.0%
Isaiah Hodgins,New York Giants,4,SEA,Home,3,3,24,8,11,0,9%,11.8%
Isaiah Hodgins,New York Giants,5,MIA,Away,2,2,19,9.5,15,0,7%,9.3%
Isaiah Hodgins,New York Giants,7,WAS,Home,4,2,13,6.5,8,0,15%,4.7%
Isaiah Hodgins,New York Giants,9,LV,Away,1,0,0,0,0,0,3%,0.0%
Isaiah Hodgins,New York Giants,10,DAL,Away,2,0,0,0,0,0,8%,0.0%
Isaiah Hodgins,New York Giants,11,WAS,Away,3,2,22,11,16,0,12%,8.9%
Isaiah Hodgins,New York Giants,12,NE,Home,1,1,12,12,12,1,4%,6.3%
Isaiah Hodgins,New York Giants,14,GB,Home,2,2,22,11,14,1,10%,13.9%
Isaiah Hodgins,New York Giants,15,NO,Away,1,0,0,0,0,0,3%,0.0%
Isaiah Hodgins,New York Giants,17,LAR,Home,2,1,18,18,18,0,5%,5.6%
Isaiah Likely,Baltimore Ravens,1,HOU,Home,1,1,4,4,4,0,5%,2.4%
Isaiah Likely,Baltimore Ravens,2,CIN,Away,1,1,8,8,8,0,3%,3.4%
Isaiah Likely,Baltimore Ravens,3,IND,Home,2,1,20,20,20,0,7%,9.9%
Isaiah Likely,Baltimore Ravens,8,ARI,Away,1,1,10,10,10,0,4%,6.4%
Isaiah Likely,Baltimore Ravens,9,SEA,Home,4,4,42,10.5,17,0,13%,18.7%
Isaiah Likely,Baltimore Ravens,10,CLE,Home,1,1,5,5,5,0,4%,2.2%
Isaiah Likely,Baltimore Ravens,11,CIN,Home,2,0,0,0,0,0,9%,0.0%
Isaiah Likely,Baltimore Ravens,12,LAC,Away,6,4,40,10,18,0,20%,22.6%
Isaiah Likely,Baltimore Ravens,14,LAR,Home,7,5,83,16.6,54,1,18%,26.3%
Isaiah Likely,Baltimore Ravens,15,JAX,Away,6,5,70,14,26,1,26%,40.9%
Isaiah Likely,Baltimore Ravens,16,SF,Away,4,3,56,18.67,34,0,12%,22.2%
Isaiah Likely,Baltimore Ravens,17,MIA,Home,3,2,42,21,35,2,14%,12.4%
Isaiah McKenzie,Indianapolis Colts,2,HOU,Away,1,1,7,7,7,0,3%,3.1%
Isaiah McKenzie,Indianapolis Colts,3,BAL,Away,1,1,3,3,3,0,2%,1.3%
Isaiah McKenzie,Indianapolis Colts,4,LAR,Home,3,1,6,6,6,0,13%,3.0%
Isaiah McKenzie,Indianapolis Colts,6,JAX,Away,2,2,23,11.5,12,0,4%,7.0%
Isaiah McKenzie,Indianapolis Colts,9,CAR,Away,3,2,12,6,11,0,13%,9.4%
Isaiah McKenzie,Indianapolis Colts,10,NE,Away,4,4,31,7.75,30,0,15%,16.0%
Isaiah Spiller,Los Angeles Chargers,4,LV,Home,2,2,15,7.5,10,0,8%,9.0%
Isaiah Spiller,Los Angeles Chargers,8,CHI,Home,1,1,5,5,5,0,3%,1.7%
Isaiah Spiller,Los Angeles Chargers,16,BUF,Home,1,1,4,4,4,0,3%,1.9%
Isaiah Spiller,Los Angeles Chargers,17,DEN,Away,2,2,10,5,8,0,5%,4.5%
Isiah Pacheco,Kansas City Chiefs,1,DET,Home,4,4,31,7.75,10,0,11%,13.7%
Isiah Pacheco,Kansas City Chiefs,2,JAX,Away,2,1,0,0,0,0,5%,0.0%
Isiah Pacheco,Kansas City Chiefs,3,CHI,Home,3,2,16,8,9,0,8%,5.3%
Isiah Pacheco,Kansas City Chiefs,4,NYJ,Away,3,3,43,14.33,33,0,10%,21.2%
Isiah Pacheco,Kansas City Chiefs,5,MIN,Away,1,1,9,9,9,0,3%,3.2%
Isiah Pacheco,Kansas City Chiefs,6,DEN,Home,6,6,36,6,9,0,15%,11.8%
Isiah Pacheco,Kansas City Chiefs,7,LAC,Home,4,4,28,7,12,1,10%,6.6%
Isiah Pacheco,Kansas City Chiefs,8,DEN,Away,4,3,-3,-1,7,0,11%,-1.2%
Isiah Pacheco,Kansas City Chiefs,9,MIA,Home,1,0,0,0,0,0,4%,0.0%
Isiah Pacheco,Kansas City Chiefs,11,PHI,Home,1,1,2,2,2,0,3%,1.1%
Isiah Pacheco,Kansas City Chiefs,12,LV,Away,5,5,34,6.8,14,0,16%,11.4%
Isiah Pacheco,Kansas City Chiefs,13,GB,Away,4,3,13,4.33,7,0,13%,6.2%
Isiah Pacheco,Kansas City Chiefs,16,LV,Home,4,4,0,0,5,0,10%,0.0%
Isiah Pacheco,Kansas City Chiefs,17,CIN,Home,7,7,35,5,21,1,25%,14.3%
Israel Abanikanda,New York Jets,11,BUF,Away,2,1,5,5,5,0,7%,3.8%
Israel Abanikanda,New York Jets,15,MIA,Away,2,2,11,5.5,13,0,6%,8.1%
Israel Abanikanda,New York Jets,17,CLE,Away,7,4,27,6.75,10,0,16%,10.3%
J.K. Dobbins,Baltimore Ravens,1,HOU,Home,3,2,15,7.5,10,0,14%,8.9%
Ja'Marr Chase,Cincinnati Bengals,1,CLE,Away,9,5,39,7.8,12,0,29%,47.6%
Ja'Marr Chase,Cincinnati Bengals,2,BAL,Home,8,5,31,6.2,13,0,21%,14.0%
Ja'Marr Chase,Cincinnati Bengals,3,LAR,Home,15,12,141,11.75,43,0,33%,54.4%
Ja'Marr Chase,Cincinnati Bengals,4,TEN,Away,9,7,73,10.43,17,0,33%,44.2%
Ja'Marr Chase,Cincinnati Bengals,5,ARI,Away,19,15,192,12.8,63,3,43%,60.6%
Ja'Marr Chase,Cincinnati Bengals,6,SEA,Home,13,6,80,13.33,31,0,37%,43.2%
Ja'Marr Chase,Cincinnati Bengals,8,SF,Away,12,10,100,10,20,1,38%,35.3%
Ja'Marr Chase,Cincinnati Bengals,9,BUF,Home,8,4,41,10.25,32,0,19%,11.8%
Ja'Marr Chase,Cincinnati Bengals,10,HOU,Home,6,5,124,24.8,64,1,15%,35.7%
Ja'Marr Chase,Cincinnati Bengals,11,BAL,Away,7,2,12,6,10,1,23%,7.1%
Ja'Marr Chase,Cincinnati Bengals,12,PIT,Home,6,4,81,20.25,31,0,24%,35.7%
Ja'Marr Chase,Cincinnati Bengals,13,JAX,Away,12,11,149,13.55,76,1,32%,42.9%
Ja'Marr Chase,Cincinnati Bengals,14,IND,Home,4,3,29,9.67,14,0,16%,10.6%
Ja'Marr Chase,Cincinnati Bengals,15,MIN,Home,4,4,64,16,25,0,10%,19.8%
Ja'Marr Chase,Cincinnati Bengals,17,KC,Away,7,3,41,13.67,24,0,23%,20.8%
Jack Stoll,Philadelphia Eagles,3,TB,Away,2,1,6,6,6,0,6%,2.2%
Jack Stoll,Philadelphia Eagles,5,LAR,Away,1,1,4,4,4,0,3%,1.3%
Jack Stoll,Philadelphia Eagles,11,KC,Away,2,1,3,3,3,0,10%,2.0%
Jack Stoll,Philadelphia Eagles,12,BUF,Home,2,1,14,14,14,0,7%,7.0%
Jahan Dotson,Washington Commanders,1,ARI,Home,7,5,40,8,14,0,24%,19.8%
Jahan Dotson,Washington Commanders,2,DEN,Away,5,3,22,7.33,18,0,15%,7.4%
Jahan Dotson,Washington Commanders,3,BUF,Home,4,2,21,10.5,15,0,14%,12.4%
Jahan Dotson,Washington Commanders,4,PHI,Away,9,4,27,6.75,10,1,23%,9.3%
Jahan Dotson,Washington Commanders,5,CHI,Home,5,3,30,10,14,0,10%,7.7%
Jahan Dotson,Washington Commanders,6,ATL,Away,1,0,0,0,0,0,5%,0.0%
Jahan Dotson,Washington Commanders,7,NYG,Away,8,5,43,8.6,10,0,22%,17.3%
Jahan Dotson,Washington Commanders,8,PHI,Home,10,8,108,13.5,23,1,20%,27.2%
Jahan Dotson,Washington Commanders,9,NE,Away,8,4,69,17.25,33,1,18%,21.2%
Jahan Dotson,Washington Commanders,10,SEA,Away,2,0,0,0,0,0,5%,0.0%
Jahan Dotson,Washington Commanders,11,NYG,Home,4,3,23,7.67,12,1,10%,9.0%
Jahan Dotson,Washington Commanders,12,DAL,Away,6,5,52,10.4,15,0,14%,17.3%
Jahan Dotson,Washington Commanders,13,MIA,Home,5,2,23,11.5,12,0,23%,18.1%
Jahan Dotson,Washington Commanders,15,LAR,Away,1,1,12,12,12,0,3%,5.3%
Jahan Dotson,Washington Commanders,16,NYJ,Away,4,2,31,15.5,21,0,13%,19.9%
Jahan Dotson,Washington Commanders,17,SF,Home,1,0,0,0,0,0,4%,0.0%
Jahmyr Gibbs,Detroit Lions,1,KC,Away,2,2,18,9,10,0,6%,7.1%
Jahmyr Gibbs,Detroit Lions,2,SEA,Home,9,7,39,5.57,7,0,26%,12.1%
Jahmyr Gibbs,Detroit Lions,3,ATL,Home,2,1,2,2,2,0,6%,0.8%
Jahmyr Gibbs,Detroit Lions,4,GB,Away,5,4,11,2.75,9,0,19%,5.2%
Jahmyr Gibbs,Detroit Lions,7,BAL,Away,10,9,58,6.44,21,0,20%,20.4%
Jahmyr Gibbs,Detroit Lions,8,LV,Home,5,5,37,7.4,14,0,15%,13.6%
Jahmyr Gibbs,Detroit Lions,10,LAC,Away,5,3,35,11.67,24,0,16%,10.5%
Jahmyr Gibbs,Detroit Lions,11,CHI,Home,6,6,59,9.83,14,0,19%,25.0%
Jahmyr Gibbs,Detroit Lions,12,GB,Home,8,4,19,4.75,7,0,19%,5.7%
Jahmyr Gibbs,Detroit Lions,13,NO,Away,2,1,-6,-6,-6,0,8%,-2.8%
Jahmyr Gibbs,Detroit Lions,14,CHI,Away,4,3,16,5.33,12,0,12%,9.9%
Jahmyr Gibbs,Detroit Lions,15,DEN,Home,2,2,8,4,9,1,6%,2.9%
Jahmyr Gibbs,Detroit Lions,16,MIN,Away,7,4,20,5,8,0,18%,7.8%
Jahmyr Gibbs,Detroit Lions,17,DAL,Away,3,1,0,0,0,0,9%,0.0%
Jake Bobo,Seattle Seahawks,2,DET,Away,1,1,3,3,3,0,3%,0.9%
Jake Bobo,Seattle Seahawks,3,CAR,Home,2,1,5,5,5,1,6%,1.7%
Jake Bobo,Seattle Seahawks,4,NYG,Away,1,0,0,0,0,0,4%,0.0%
Jake Bobo,Seattle Seahawks,6,CIN,Away,2,2,43,21.5,23,0,5%,13.3%
Jake Bobo,Seattle Seahawks,7,ARI,Home,5,4,61,15.25,31,1,21%,27.9%
Jake Bobo,Seattle Seahawks,8,CLE,Home,2,2,23,11.5,15,0,6%,9.1%
Jake Bobo,Seattle Seahawks,10,WAS,Home,2,2,13,6.5,11,0,5%,3.5%
Jake Bobo,Seattle Seahawks,11,LAR,Away,2,1,8,8,8,0,5%,3.4%
Jake Bobo,Seattle Seahawks,12,SF,Home,1,1,6,6,6,0,4%,3.3%
Jake Bobo,Seattle Seahawks,13,DAL,Away,1,1,9,9,9,0,3%,2.7%
Jake Bobo,Seattle Seahawks,15,PHI,Home,1,1,4,4,4,0,3%,1.9%
Jake Bobo,Seattle Seahawks,16,TEN,Away,3,1,8,8,8,0,8%,3.5%
Jake Bobo,Seattle Seahawks,17,PIT,Home,1,1,4,4,4,0,3%,1.4%
Jake Browning,Cincinnati Bengals,13,JAX,Away,1,1,-7,-7,-7,0,3%,-2.0%
Jake Ferguson,Dallas Cowboys,1,NYG,Away,7,2,11,5.5,9,0,28%,7.7%
Jake Ferguson,Dallas Cowboys,2,NYJ,Home,4,3,11,3.67,6,1,11%,4.3%
Jake Ferguson,Dallas Cowboys,3,ARI,Away,7,5,48,9.6,12,0,19%,19.3%
Jake Ferguson,Dallas Cowboys,4,NE,Home,7,7,77,11,21,0,19%,27.4%
Jake Ferguson,Dallas Cowboys,5,SF,Away,3,3,28,9.33,20,0,12%,17.4%
Jake Ferguson,Dallas Cowboys,6,LAC,Away,1,1,15,15,15,0,3%,5.5%
Jake Ferguson,Dallas Cowboys,8,LAR,Home,4,4,47,11.75,18,1,12%,15.3%
Jake Ferguson,Dallas Cowboys,9,PHI,Away,10,7,91,13,40,1,23%,24.3%
Jake Ferguson,Dallas Cowboys,10,NYG,Home,7,4,26,6.5,16,1,16%,5.5%
Jake Ferguson,Dallas Cowboys,11,CAR,Away,5,3,32,10.67,24,0,13%,15.7%
Jake Ferguson,Dallas Cowboys,12,WAS,Home,3,1,35,35,35,0,9%,10.6%
Jake Ferguson,Dallas Cowboys,13,SEA,Home,8,6,77,12.83,17,1,20%,25.8%
Jake Ferguson,Dallas Cowboys,14,PHI,Home,8,5,72,14.4,32,0,21%,26.6%
Jake Ferguson,Dallas Cowboys,15,BUF,Away,8,6,44,7.33,13,0,25%,32.8%
Jake Ferguson,Dallas Cowboys,16,MIA,Away,8,4,45,11.25,20,0,25%,17.8%
Jake Ferguson,Dallas Cowboys,17,DET,Home,6,4,33,8.25,9,0,16%,9.6%
Jake Funk,Indianapolis Colts,1,JAX,Home,1,1,12,12,12,0,3%,5.4%
Jakob Johnson,Las Vegas Raiders,4,LAC,Away,2,1,12,12,12,0,5%,5.0%
Jakobi Meyers,Las Vegas Raiders,1,DEN,Away,10,9,81,9,21,2,38%,40.5%
Jakobi Meyers,Las Vegas Raiders,3,PIT,Home,12,7,85,12.14,18,0,27%,26.2%
Jakobi Meyers,Las Vegas Raiders,4,LAC,Away,4,2,33,16.5,25,0,11%,13.9%
Jakobi Meyers,Las Vegas Raiders,5,GB,Home,10,7,75,10.71,18,1,34%,36.1%
Jakobi Meyers,Las Vegas Raiders,6,NE,Home,7,5,61,12.2,16,1,23%,23.1%
Jakobi Meyers,Las Vegas Raiders,7,CHI,Away,13,7,50,7.14,15,1,29%,24.5%
Jakobi Meyers,Las Vegas Raiders,8,DET,Away,1,1,19,19,19,0,5%,15.1%
Jakobi Meyers,Las Vegas Raiders,9,NYG,Home,5,2,38,19,24,0,21%,18.2%
Jakobi Meyers,Las Vegas Raiders,10,NYJ,Home,2,2,21,10.5,13,0,8%,13.7%
Jakobi Meyers,Las Vegas Raiders,11,MIA,Away,5,4,49,12.25,24,0,13%,18.1%
Jakobi Meyers,Las Vegas Raiders,12,KC,Home,7,6,79,13.17,33,1,22%,31.9%
Jakobi Meyers,Las Vegas Raiders,14,MIN,Home,6,5,25,5,12,0,21%,14.6%
Jakobi Meyers,Las Vegas Raiders,15,LAC,Home,4,2,32,16,22,1,12%,12.3%
Jakobi Meyers,Las Vegas Raiders,16,KC,Away,5,3,42,14,21,0,26%,67.7%
Jakobi Meyers,Las Vegas Raiders,17,IND,Away,10,6,56,9.33,14,0,22%,18.7%
Jaleel McLaughlin,Denver Broncos,1,LV,Home,1,1,-7,-7,-7,0,3%,-4.0%
Jaleel McLaughlin,Denver Broncos,4,CHI,Away,3,3,32,10.67,18,1,12%,14.3%
Jaleel McLaughlin,Denver Broncos,5,NYJ,Home,4,3,21,7,22,1,15%,10.7%
Jaleel McLaughlin,Denver Broncos,6,KC,Away,2,2,12,6,7,0,9%,12.6%
Jaleel McLaughlin,Denver Broncos,7,GB,Home,2,1,1,1,1,0,8%,0.5%
Jaleel McLaughlin,Denver Broncos,8,KC,Home,2,2,6,3,4,0,11%,5.3%
Jaleel McLaughlin,Denver Broncos,10,BUF,Away,2,2,4,2,3,0,7%,2.1%
Jaleel McLaughlin,Denver Broncos,11,MIN,Home,5,5,14,2.8,9,0,16%,5.4%
Jaleel McLaughlin,Denver Broncos,13,HOU,Away,2,2,6,3,5,0,8%,3.2%
Jaleel McLaughlin,Denver Broncos,14,LAC,Away,2,1,7,7,7,0,7%,3.1%
Jaleel McLaughlin,Denver Broncos,15,DET,Away,3,2,16,8,8,0,9%,7.2%
Jaleel McLaughlin,Denver Broncos,16,NE,Home,5,4,30,7.5,11,0,14%,12.6%
Jaleel McLaughlin,Denver Broncos,17,LAC,Home,3,3,18,6,10,0,10%,8.0%
Jalen Brooks,Dallas Cowboys,10,NYG,Home,4,4,39,9.75,14,0,9%,8.3%
Jalen Brooks,Dallas Cowboys,12,WAS,Home,1,1,24,24,24,0,3%,7.3%
Jalen Guyton,Los Angeles Chargers,9,NYJ,Away,2,0,0,0,0,0,7%,0.0%
Jalen Guyton,Los Angeles Chargers,10,DET,Home,6,4,41,10.25,18,1,15%,12.7%
Jalen Guyton,Los Angeles Chargers,12,BAL,Home,5,1,4,4,4,0,12%,1.8%
Jalen Guyton,Los Angeles Chargers,13,NE,Away,3,1,5,5,5,0,8%,2.4%
Jalen Guyton,Los Angeles Chargers,14,DEN,Home,1,1,8,8,8,0,2%,2.9%
Jalen Guyton,Los Angeles Chargers,15,LV,Away,2,2,19,9.5,14,0,6%,7.4%
Jalen Guyton,Los Angeles Chargers,16,BUF,Home,2,1,12,12,12,0,6%,5.6%
Jalen Nailor,Minnesota Vikings,10,NO,Home,1,1,16,16,16,0,3%,6.0%
Jalen Nailor,Minnesota Vikings,14,LV,Away,5,2,13,6.5,9,0,15%,8.9%
Jalen Reagor,New England Patriots,7,BUF,Home,1,1,11,11,11,0,3%,4.0%
Jalen Reagor,New England Patriots,8,MIA,Away,2,0,0,0,0,0,7%,0.0%
Jalen Reagor,New England Patriots,9,WAS,Home,6,1,11,11,11,0,14%,5.0%
Jalen Reagor,New England Patriots,13,LAC,Home,1,1,11,11,11,0,4%,7.8%
Jalen Reagor,New England Patriots,14,PIT,Away,1,0,0,0,0,0,4%,0.0%
Jalen Reagor,New England Patriots,15,KC,Home,2,0,0,0,0,0,6%,0.0%
Jalen Reagor,New England Patriots,16,DEN,Away,2,2,33,16.5,28,0,6%,12.9%
Jalen Reagor,New England Patriots,17,BUF,Away,3,1,39,39,39,0,13%,18.7%
Jalen Tolbert,Dallas Cowboys,1,NYG,Away,1,0,0,0,0,0,4%,0.0%
Jalen Tolbert,Dallas Cowboys,2,NYJ,Home,4,3,18,6,7,0,11%,7.1%
Jalen Tolbert,Dallas Cowboys,4,NE,Home,4,4,53,13.25,18,0,11%,18.9%
Jalen Tolbert,Dallas Cowboys,8,LAR,Home,1,0,0,0,0,0,3%,0.0%
Jalen Tolbert,Dallas Cowboys,9,PHI,Away,5,3,49,16.33,32,1,11%,13.1%
Jalen Tolbert,Dallas Cowboys,10,NYG,Home,5,2,2,1,4,0,11%,0.4%
Jalen Tolbert,Dallas Cowboys,11,CAR,Away,5,2,12,6,7,0,13%,5.9%
Jalen Tolbert,Dallas Cowboys,12,WAS,Home,3,2,49,24.5,31,0,9%,14.8%
Jalen Tolbert,Dallas Cowboys,13,SEA,Home,1,1,17,17,17,0,3%,5.7%
Jalen Tolbert,Dallas Cowboys,14,PHI,Home,1,0,0,0,0,0,3%,0.0%
Jalen Tolbert,Dallas Cowboys,16,MIA,Away,2,2,51,25.5,45,0,6%,20.2%
Jalen Tolbert,Dallas Cowboys,17,DET,Home,1,1,9,9,9,0,3%,2.6%
Jalin Hyatt,New York Giants,1,DAL,Home,1,0,0,0,0,0,3%,0.0%
Jalin Hyatt,New York Giants,2,ARI,Away,2,2,89,44.5,58,0,6%,27.7%
Jalin Hyatt,New York Giants,4,SEA,Home,2,2,10,5,7,0,6%,4.9%
Jalin Hyatt,New York Giants,6,BUF,Away,4,3,21,7,12,0,13%,10.5%
Jalin Hyatt,New York Giants,7,WAS,Home,5,2,75,37.5,42,0,19%,26.9%
Jalin Hyatt,New York Giants,9,LV,Away,5,2,19,9.5,13,0,17%,9.5%
Jalin Hyatt,New York Giants,10,DAL,Away,1,0,0,0,0,0,4%,0.0%
Jalin Hyatt,New York Giants,11,WAS,Away,2,1,7,7,7,0,8%,2.8%
Jalin Hyatt,New York Giants,12,NE,Home,6,5,109,21.8,41,0,25%,57.1%
Jalin Hyatt,New York Giants,14,GB,Home,3,2,13,6.5,8,0,15%,8.2%
Jalin Hyatt,New York Giants,15,NO,Away,3,0,0,0,0,0,9%,0.0%
Jalin Hyatt,New York Giants,17,LAR,Home,4,3,25,8.33,18,0,10%,7.8%
Jamaal Williams,New Orleans Saints,1,TEN,Home,2,2,7,3.5,5,0,6%,2.3%
Jamaal Williams,New Orleans Saints,8,IND,Away,1,1,8,8,8,0,3%,2.3%
Jamaal Williams,New Orleans Saints,9,CHI,Home,3,2,6,3,4,0,9%,2.8%
Jamaal Williams,New Orleans Saints,10,MIN,Away,1,1,3,3,3,0,3%,1.3%
Jamaal Williams,New Orleans Saints,12,ATL,Away,2,2,4,2,4,0,5%,1.3%
Jamaal Williams,New Orleans Saints,13,DET,Home,1,1,6,6,6,0,3%,2.2%
Jamaal Williams,New Orleans Saints,14,CAR,Home,1,0,0,0,0,0,5%,0.0%
Jamaal Williams,New Orleans Saints,15,NYG,Home,1,1,2,2,2,0,4%,0.9%
Jamaal Williams,New Orleans Saints,16,LAR,Away,1,1,5,5,5,0,3%,1.6%
Jamaal Williams,New Orleans Saints,17,TB,Away,4,4,13,3.25,12,0,12%,6.3%
Jamal Agnew,Jacksonville Jaguars,2,KC,Home,1,1,5,5,5,0,2%,2.3%
Jamal Agnew,Jacksonville Jaguars,3,HOU,Home,5,4,49,12.25,14,0,13%,17.0%
Jamal Agnew,Jacksonville Jaguars,7,NO,Away,6,4,36,9,14,0,20%,16.6%
Jamal Agnew,Jacksonville Jaguars,15,BAL,Home,2,2,70,35,65,1,5%,26.5%
Jamal Agnew,Jacksonville Jaguars,16,TB,Away,4,1,12,12,12,0,9%,3.9%
Jamal Agnew,Jacksonville Jaguars,17,CAR,Home,2,2,53,26.5,48,0,9%,29.8%
James Conner,Arizona Cardinals,1,WAS,Away,5,5,8,1.6,11,0,17%,6.1%
James Conner,Arizona Cardinals,2,NYG,Home,1,0,0,0,0,0,3%,0.0%
James Conner,Arizona Cardinals,3,DAL,Home,2,2,18,9,10,0,10%,9.5%
James Conner,Arizona Cardinals,4,SF,Away,2,1,4,4,4,0,5%,1.5%
James Conner,Arizona Cardinals,10,ATL,Home,0,0,0,0,0,0,0%,0.0%
James Conner,Arizona Cardinals,11,HOU,Away,3,2,1,0.5,6,0,10%,0.5%
James Conner,Arizona Cardinals,12,LAR,Home,5,4,5,1.25,8,0,11%,2.0%
James Conner,Arizona Cardinals,13,PIT,Away,2,0,0,0,0,0,9%,0.0%
James Conner,Arizona Cardinals,15,SF,Home,3,3,3,1,6,0,8%,1.4%
James Conner,Arizona Cardinals,16,CHI,Away,5,5,67,13.4,20,1,14%,29.1%
James Conner,Arizona Cardinals,17,PHI,Away,1,1,5,5,5,1,3%,2.2%
James Cook,Buffalo Bills,1,NYJ,Away,6,4,17,4.25,6,0,15%,7.2%
James Cook,Buffalo Bills,2,LV,Home,4,4,36,9,26,0,11%,13.1%
James Cook,Buffalo Bills,3,WAS,Away,3,2,14,7,10,0,10%,6.4%
James Cook,Buffalo Bills,4,MIA,Home,1,1,48,48,48,0,4%,15.0%
James Cook,Buffalo Bills,5,JAX,Home,4,3,25,8.33,18,0,11%,7.0%
James Cook,Buffalo Bills,7,NE,Away,3,3,46,15.33,28,1,8%,17.4%
James Cook,Buffalo Bills,8,TB,Home,1,1,6,6,6,0,3%,1.9%
James Cook,Buffalo Bills,9,CIN,Away,4,4,19,4.75,8,0,13%,7.4%
James Cook,Buffalo Bills,10,DEN,Home,2,2,11,5.5,8,0,8%,6.2%
James Cook,Buffalo Bills,11,NYJ,Home,4,3,29,9.67,15,1,14%,10.5%
James Cook,Buffalo Bills,12,PHI,Away,7,6,57,9.5,29,0,14%,16.8%
James Cook,Buffalo Bills,14,KC,Away,5,5,83,16.6,27,1,14%,35.6%
James Cook,Buffalo Bills,15,DAL,Home,3,2,42,21,24,1,23%,44.7%
James Cook,Buffalo Bills,17,NE,Home,3,1,-4,-4,-4,0,11%,-2.4%
James Mitchell,Detroit Lions,17,DAL,Away,1,1,4,4,4,0,3%,1.3%
James Proche,Cleveland Browns,10,BAL,Away,1,0,0,0,0,0,3%,0.0%
James Robinson,Green Bay Packers,13,KC,Home,1,1,-2,-2,-2,0,3%,-0.7%
Jameson Williams,Detroit Lions,5,CAR,Home,3,2,2,1,4,0,11%,0.8%
Jameson Williams,Detroit Lions,6,TB,Away,3,2,53,26.5,45,1,7%,15.0%
Jameson Williams,Detroit Lions,7,BAL,Away,6,0,0,0,0,0,12%,0.0%
Jameson Williams,Detroit Lions,8,LV,Home,3,2,16,8,22,0,9%,5.9%
Jameson Williams,Detroit Lions,10,LAC,Away,2,2,18,9,13,0,6%,5.4%
Jameson Williams,Detroit Lions,11,CHI,Home,3,2,44,22,32,1,9%,18.6%
Jameson Williams,Detroit Lions,12,GB,Home,3,2,51,25.5,38,0,7%,15.4%
Jameson Williams,Detroit Lions,13,NO,Away,1,1,11,11,11,0,4%,5.2%
Jameson Williams,Detroit Lions,14,CHI,Away,1,0,0,0,0,0,3%,0.0%
Jameson Williams,Detroit Lions,15,DEN,Home,7,4,47,11.75,18,0,22%,16.9%
Jameson Williams,Detroit Lions,16,MIN,Away,6,5,43,8.6,12,0,15%,16.7%
Jameson Williams,Detroit Lions,17,DAL,Away,3,2,69,34.5,63,0,9%,22.8%
Jamison Crowder,Washington Commanders,5,CHI,Home,2,2,21,10.5,11,0,4%,5.4%
Jamison Crowder,Washington Commanders,8,PHI,Home,7,7,95,13.57,26,1,14%,23.9%
Jamison Crowder,Washington Commanders,9,NE,Away,6,4,23,5.75,7,0,14%,7.1%
Jamison Crowder,Washington Commanders,10,SEA,Away,1,0,0,0,0,0,2%,0.0%
Jamison Crowder,Washington Commanders,11,NYG,Home,2,2,12,6,7,0,5%,4.7%
Jamison Crowder,Washington Commanders,16,NYJ,Away,1,0,0,0,0,0,3%,0.0%
JaMycal Hasty,Jacksonville Jaguars,4,ATL,Home,2,0,0,0,0,0,7%,0.0%
Jashaun Corbin,New York Giants,10,DAL,Away,3,3,12,4,7,0,12%,14.0%
Jason Brownlee,New York Jets,12,MIA,Home,2,2,20,10,12,0,6%,11.2%
Jason Brownlee,New York Jets,16,WAS,Home,3,1,8,8,8,1,7%,3.7%
Jason Brownlee,New York Jets,17,CLE,Away,2,2,28,14,24,0,5%,10.7%
Jauan Jennings,San Francisco 49ers,1,PIT,Away,1,0,0,0,0,0,4%,0.0%
Jauan Jennings,San Francisco 49ers,2,LAR,Away,3,2,51,25.5,31,0,13%,24.8%
Jauan Jennings,San Francisco 49ers,3,NYG,Home,3,2,31,15.5,24,0,9%,10.0%
Jauan Jennings,San Francisco 49ers,5,DAL,Home,1,1,19,19,19,0,4%,7.5%
Jauan Jennings,San Francisco 49ers,6,CLE,Away,4,2,26,13,17,0,17%,20.8%
Jauan Jennings,San Francisco 49ers,7,MIN,Away,9,5,54,10.8,18,0,31%,19.9%
Jauan Jennings,San Francisco 49ers,10,JAX,Away,2,1,8,8,8,0,7%,2.6%
Jauan Jennings,San Francisco 49ers,11,TB,Home,1,0,0,0,0,0,4%,0.0%
Jauan Jennings,San Francisco 49ers,12,SEA,Away,2,1,7,7,7,0,7%,3.3%
Jauan Jennings,San Francisco 49ers,13,PHI,Away,4,3,44,14.67,18,1,16%,14.0%
Jauan Jennings,San Francisco 49ers,14,SEA,Home,1,0,0,0,0,0,4%,0.0%
Jauan Jennings,San Francisco 49ers,15,ARI,Away,2,2,25,12.5,22,0,8%,9.5%
Javonte Williams,Denver Broncos,1,LV,Home,6,4,5,1.25,7,0,19%,2.8%
Javonte Williams,Denver Broncos,2,WAS,Home,3,2,14,7,9,0,11%,4.5%
Javonte Williams,Denver Broncos,3,MIA,Away,3,2,23,11.5,17,0,8%,7.5%
Javonte Williams,Denver Broncos,4,CHI,Away,3,3,9,3,4,0,12%,4.0%
Javonte Williams,Denver Broncos,7,GB,Home,4,3,14,4.67,7,0,17%,7.2%
Javonte Williams,Denver Broncos,8,KC,Home,3,3,13,4.33,14,1,17%,11.4%
Javonte Williams,Denver Broncos,10,BUF,Away,4,4,31,7.75,18,1,14%,16.1%
Javonte Williams,Denver Broncos,11,MIN,Home,2,2,16,8,13,0,6%,6.2%
Javonte Williams,Denver Broncos,12,CLE,Home,6,3,6,2,4,0,29%,4.5%
Javonte Williams,Denver Broncos,13,HOU,Away,3,3,24,8,15,0,13%,12.9%
Javonte Williams,Denver Broncos,14,LAC,Away,4,3,25,8.33,14,0,13%,11.2%
Javonte Williams,Denver Broncos,15,DET,Away,2,2,-7,-3.5,-2,0,6%,-3.1%
Javonte Williams,Denver Broncos,16,NE,Home,3,3,-5,-1.67,-1,0,9%,-2.1%
Javonte Williams,Denver Broncos,17,LAC,Home,3,3,17,5.67,9,0,10%,7.6%
Jaxon Smith-Njigba,Seattle Seahawks,1,LAR,Home,5,3,13,4.33,10,0,21%,11.6%
Jaxon Smith-Njigba,Seattle Seahawks,2,DET,Away,6,5,34,6.8,16,0,16%,10.4%
Jaxon Smith-Njigba,Seattle Seahawks,3,CAR,Home,3,1,10,10,10,0,9%,3.4%
Jaxon Smith-Njigba,Seattle Seahawks,4,NYG,Away,6,3,5,1.67,3,0,23%,2.9%
Jaxon Smith-Njigba,Seattle Seahawks,6,CIN,Away,5,4,48,12,18,0,14%,14.9%
Jaxon Smith-Njigba,Seattle Seahawks,7,ARI,Home,7,4,63,15.75,28,1,29%,28.8%
Jaxon Smith-Njigba,Seattle Seahawks,8,CLE,Home,4,3,36,12,19,1,11%,14.2%
Jaxon Smith-Njigba,Seattle Seahawks,9,BAL,Away,7,6,63,10.5,35,0,28%,40.1%
Jaxon Smith-Njigba,Seattle Seahawks,10,WAS,Home,5,4,53,13.25,20,0,12%,14.4%
Jaxon Smith-Njigba,Seattle Seahawks,11,LAR,Away,6,3,40,13.33,32,0,16%,16.9%
Jaxon Smith-Njigba,Seattle Seahawks,12,SF,Home,3,2,41,20.5,34,0,11%,22.8%
Jaxon Smith-Njigba,Seattle Seahawks,13,DAL,Away,11,7,62,8.86,18,0,29%,18.6%
Jaxon Smith-Njigba,Seattle Seahawks,14,SF,Away,7,4,25,6.25,11,0,23%,9.3%
Jaxon Smith-Njigba,Seattle Seahawks,15,PHI,Home,4,4,48,12,29,1,13%,23.1%
Jaxon Smith-Njigba,Seattle Seahawks,16,TEN,Away,7,6,61,10.17,20,0,19%,26.9%
Jaxon Smith-Njigba,Seattle Seahawks,17,PIT,Home,2,1,12,12,12,1,6%,4.1%
Jayden Reed,Green Bay Packers,1,CHI,Away,5,2,48,24,30,0,19%,19.6%
Jayden Reed,Green Bay Packers,2,ATL,Away,8,4,37,9.25,10,2,32%,24.5%
Jayden Reed,Green Bay Packers,3,NO,Home,7,3,63,21,30,0,16%,24.3%
Jayden Reed,Green Bay Packers,4,DET,Home,5,3,55,18.33,44,0,15%,22.4%
Jayden Reed,Green Bay Packers,5,LV,Away,2,1,7,7,7,0,7%,3.8%
Jayden Reed,Green Bay Packers,7,DEN,Away,4,3,21,7,12,1,13%,10.8%
Jayden Reed,Green Bay Packers,8,MIN,Home,6,4,83,20.75,34,0,15%,36.2%
Jayden Reed,Green Bay Packers,9,LAR,Home,3,3,19,6.33,11,0,12%,8.3%
Jayden Reed,Green Bay Packers,10,PIT,Away,5,5,84,16.8,46,1,14%,29.1%
Jayden Reed,Green Bay Packers,11,LAC,Home,6,4,46,11.5,19,0,16%,14.3%
Jayden Reed,Green Bay Packers,12,DET,Away,8,4,34,8.5,14,1,27%,12.7%
Jayden Reed,Green Bay Packers,13,KC,Home,5,4,16,4,9,0,14%,6.0%
Jayden Reed,Green Bay Packers,14,NYG,Away,10,8,27,3.38,8,0,26%,12.4%
Jayden Reed,Green Bay Packers,15,TB,Home,8,6,52,8.67,20,1,22%,18.3%
Jayden Reed,Green Bay Packers,17,MIN,Away,8,6,89,14.83,33,2,24%,30.4%
Jaylen Waddle,Miami Dolphins,1,LAC,Away,5,4,78,19.5,35,0,11%,16.7%
Jaylen Waddle,Miami Dolphins,2,NE,Away,6,4,86,21.5,32,0,21%,34.5%
Jaylen Waddle,Miami Dolphins,4,BUF,Away,5,4,46,11.5,17,0,15%,16.3%
Jaylen Waddle,Miami Dolphins,5,NYG,Home,10,5,35,7,20,1,36%,11.4%
Jaylen Waddle,Miami Dolphins,6,CAR,Home,9,7,51,7.29,17,1,30%,19.5%
Jaylen Waddle,Miami Dolphins,7,PHI,Away,6,6,63,10.5,16,0,19%,29.2%
Jaylen Waddle,Miami Dolphins,8,NE,Home,12,7,121,17.29,31,1,27%,37.3%
Jaylen Waddle,Miami Dolphins,9,KC,Away,6,3,42,14,15,0,18%,21.8%
Jaylen Waddle,Miami Dolphins,11,LV,Home,8,4,55,13.75,19,0,22%,16.9%
Jaylen Waddle,Miami Dolphins,12,NYJ,Away,8,8,114,14.25,32,0,29%,46.9%
Jaylen Waddle,Miami Dolphins,13,WAS,Away,8,5,52,10.4,16,0,32%,18.4%
Jaylen Waddle,Miami Dolphins,14,TEN,Home,8,6,79,13.17,16,0,24%,32.9%
Jaylen Waddle,Miami Dolphins,15,NYJ,Home,9,8,142,17.75,60,1,35%,62.3%
Jaylen Waddle,Miami Dolphins,16,DAL,Home,4,1,50,50,50,0,11%,17.1%
Jaylen Warren,Pittsburgh Steelers,1,SF,Home,6,5,12,2.4,9,0,13%,5.2%
Jaylen Warren,Pittsburgh Steelers,2,CLE,Home,6,4,66,16.5,30,0,21%,29.7%
Jaylen Warren,Pittsburgh Steelers,3,LV,Away,4,3,23,7.67,16,0,15%,9.8%
Jaylen Warren,Pittsburgh Steelers,4,HOU,Away,6,6,26,4.33,7,0,22%,19.7%
Jaylen Warren,Pittsburgh Steelers,5,BAL,Home,3,3,39,13,23,0,10%,17.4%
Jaylen Warren,Pittsburgh Steelers,7,LAR,Away,2,1,-1,-1,-1,0,9%,-0.4%
Jaylen Warren,Pittsburgh Steelers,8,JAX,Home,5,4,19,4.75,11,0,13%,9.0%
Jaylen Warren,Pittsburgh Steelers,9,TEN,Home,3,3,25,8.33,9,0,10%,15.6%
Jaylen Warren,Pittsburgh Steelers,10,GB,Home,4,2,9,4.5,6,0,18%,7.1%
Jaylen Warren,Pittsburgh Steelers,11,CLE,Away,3,3,16,5.33,14,0,12%,15.1%
Jaylen Warren,Pittsburgh Steelers,12,CIN,Away,3,3,13,4.33,15,0,9%,4.7%
Jaylen Warren,Pittsburgh Steelers,13,ARI,Home,3,1,-4,-4,-4,0,11%,-2.1%
Jaylen Warren,Pittsburgh Steelers,14,NE,Home,5,4,29,7.25,12,0,14%,15.3%
Jaylen Warren,Pittsburgh Steelers,15,IND,Away,6,5,28,5.6,11,0,23%,16.3%
Jaylen Warren,Pittsburgh Steelers,16,CIN,Home,6,5,30,6,18,0,24%,10.3%
Jaylen Warren,Pittsburgh Steelers,17,SEA,Away,4,4,23,5.75,10,0,19%,8.4%
Jeffery Simmons,Tennessee Titans,11,JAX,Away,1,1,2,2,2,1,6%,1.3%
Jeffery Wilson,Miami Dolphins,7,PHI,Away,1,1,4,4,4,0,3%,1.9%
Jeffery Wilson,Miami Dolphins,8,NE,Home,2,2,14,7,7,0,5%,4.3%
Jeffery Wilson,Miami Dolphins,9,KC,Away,4,3,32,10.67,12,0,12%,16.6%
Jeffery Wilson,Miami Dolphins,12,NYJ,Away,3,3,17,5.67,7,0,11%,7.0%
Jeffery Wilson,Miami Dolphins,15,NYJ,Home,2,1,1,1,1,0,8%,0.4%
Jeffery Wilson,Miami Dolphins,16,DAL,Home,1,1,4,4,4,0,3%,1.4%
Jeffery Wilson,Miami Dolphins,17,BAL,Away,4,3,13,4.33,7,0,11%,5.5%
Jeremy Ruckert,New York Jets,4,KC,Home,2,2,26,13,23,0,5%,10.6%
Jeremy Ruckert,New York Jets,5,DEN,Away,1,1,2,2,2,0,4%,1.0%
Jeremy Ruckert,New York Jets,6,PHI,Home,1,1,8,8,8,0,3%,4.3%
Jeremy Ruckert,New York Jets,8,NYG,Away,1,0,0,0,0,0,3%,0.0%
Jeremy Ruckert,New York Jets,9,LAC,Home,1,1,7,7,7,0,2%,2.7%
Jeremy Ruckert,New York Jets,11,BUF,Away,4,3,25,8.33,18,0,14%,18.9%
Jeremy Ruckert,New York Jets,12,MIA,Home,4,2,18,9,9,0,11%,10.1%
Jeremy Ruckert,New York Jets,13,ATL,Home,3,1,12,12,12,0,8%,5.6%
Jeremy Ruckert,New York Jets,14,HOU,Home,3,3,37,12.33,19,0,9%,12.3%
Jeremy Ruckert,New York Jets,15,MIA,Away,2,2,16,8,9,0,6%,11.8%
Jerick McKinnon,Kansas City Chiefs,1,DET,Home,2,1,10,10,10,0,5%,4.4%
Jerick McKinnon,Kansas City Chiefs,2,JAX,Away,3,3,24,8,11,0,8%,7.9%
Jerick McKinnon,Kansas City Chiefs,3,CHI,Home,3,3,19,6.33,10,2,8%,6.3%
Jerick McKinnon,Kansas City Chiefs,4,NYJ,Away,1,0,0,0,0,0,3%,0.0%
Jerick McKinnon,Kansas City Chiefs,5,MIN,Away,3,2,18,9,15,0,8%,6.4%
Jerick McKinnon,Kansas City Chiefs,6,DEN,Home,5,3,20,6.67,9,0,13%,6.5%
Jerick McKinnon,Kansas City Chiefs,7,LAC,Home,2,2,24,12,27,0,5%,5.7%
Jerick McKinnon,Kansas City Chiefs,8,DEN,Away,2,1,11,11,11,0,5%,4.6%
Jerick McKinnon,Kansas City Chiefs,9,MIA,Home,2,2,22,11,17,1,7%,11.9%
Jerick McKinnon,Kansas City Chiefs,11,PHI,Home,3,2,8,4,4,0,8%,4.5%
Jerick McKinnon,Kansas City Chiefs,14,BUF,Home,3,3,18,6,8,0,8%,6.6%
Jerick McKinnon,Kansas City Chiefs,15,NE,Away,3,3,19,6.33,8,1,9%,6.1%
Jerome Ford,Cleveland Browns,2,PIT,Away,4,3,25,8.33,14,1,10%,10.6%
Jerome Ford,Cleveland Browns,3,TEN,Home,3,2,33,16.5,19,1,10%,11.4%
Jerome Ford,Cleveland Browns,4,BAL,Home,6,5,19,3.8,8,0,18%,15.7%
Jerome Ford,Cleveland Browns,6,SF,Home,2,2,7,3.5,7,0,6%,3.6%
Jerome Ford,Cleveland Browns,7,IND,Away,4,2,20,10,12,0,11%,10.9%
Jerome Ford,Cleveland Browns,8,SEA,Away,2,1,2,2,2,0,7%,0.8%
Jerome Ford,Cleveland Browns,9,ARI,Home,7,5,33,6.6,17,0,25%,15.1%
Jerome Ford,Cleveland Browns,10,BAL,Away,1,1,2,2,2,0,3%,0.9%
Jerome Ford,Cleveland Browns,11,PIT,Home,5,2,8,4,5,0,12%,4.8%
Jerome Ford,Cleveland Browns,12,DEN,Away,7,4,14,3.5,11,0,18%,7.4%
Jerome Ford,Cleveland Browns,13,LAR,Away,3,3,33,11,24,1,7%,13.0%
Jerome Ford,Cleveland Browns,14,JAX,Home,6,5,31,6.2,10,0,14%,10.0%
Jerome Ford,Cleveland Browns,15,CHI,Home,5,4,11,2.75,5,0,11%,2.9%
Jerome Ford,Cleveland Browns,16,HOU,Away,2,1,-2,-2,-2,0,5%,-0.5%
Jerome Ford,Cleveland Browns,17,NYJ,Home,3,2,57,28.5,50,2,10%,18.4%
Jerry Jeudy,Denver Broncos,2,WAS,Home,5,3,25,8.33,11,0,19%,8.1%
Jerry Jeudy,Denver Broncos,3,MIA,Away,7,5,81,16.2,46,0,19%,26.5%
Jerry Jeudy,Denver Broncos,4,CHI,Away,5,3,52,17.33,25,0,19%,23.3%
Jerry Jeudy,Denver Broncos,5,NYJ,Home,7,6,50,8.33,23,0,26%,25.5%
Jerry Jeudy,Denver Broncos,6,KC,Away,5,3,14,4.67,13,0,23%,14.7%
Jerry Jeudy,Denver Broncos,7,GB,Home,5,5,64,12.8,18,0,21%,33.0%
Jerry Jeudy,Denver Broncos,8,KC,Home,6,2,50,25,39,1,33%,43.9%
Jerry Jeudy,Denver Broncos,10,BUF,Away,3,3,35,11.67,19,0,10%,18.1%
Jerry Jeudy,Denver Broncos,11,MIN,Home,7,5,58,11.6,19,0,22%,22.4%
Jerry Jeudy,Denver Broncos,12,CLE,Home,3,2,11,5.5,7,0,14%,8.2%
Jerry Jeudy,Denver Broncos,13,HOU,Away,4,3,51,17,41,0,17%,27.4%
Jerry Jeudy,Denver Broncos,14,LAC,Away,6,2,16,8,9,0,20%,7.1%
Jerry Jeudy,Denver Broncos,15,DET,Away,7,3,74,24.67,40,0,22%,33.2%
Jerry Jeudy,Denver Broncos,16,NE,Home,5,3,44,14.67,16,0,14%,18.5%
Jerry Jeudy,Denver Broncos,17,LAC,Home,6,3,54,18,41,0,20%,24.1%
Jesper Horsted,Las Vegas Raiders,7,CHI,Away,1,1,4,4,4,0,2%,2.0%
Jimmy Graham,New Orleans Saints,3,GB,Away,1,1,8,8,8,1,3%,3.9%
Jimmy Graham,New Orleans Saints,5,NE,Away,1,0,0,0,0,0,4%,0.0%
Jimmy Graham,New Orleans Saints,13,DET,Home,1,1,6,6,6,1,3%,2.2%
Jimmy Graham,New Orleans Saints,14,CAR,Home,2,2,16,8,12,1,9%,13.4%
Jimmy Graham,New Orleans Saints,15,NYG,Home,2,2,9,4.5,8,1,7%,4.1%
Joe Mixon,Cincinnati Bengals,1,CLE,Away,5,3,17,5.67,10,0,16%,20.7%
Joe Mixon,Cincinnati Bengals,2,BAL,Home,5,4,36,9,32,0,13%,16.2%
Joe Mixon,Cincinnati Bengals,3,LAR,Home,2,1,5,5,5,0,4%,1.9%
Joe Mixon,Cincinnati Bengals,4,TEN,Away,1,1,9,9,9,0,4%,5.5%
Joe Mixon,Cincinnati Bengals,5,ARI,Away,4,4,13,3.25,8,0,9%,4.1%
Joe Mixon,Cincinnati Bengals,6,SEA,Home,4,3,24,8,11,0,11%,13.0%
Joe Mixon,Cincinnati Bengals,8,SF,Away,3,3,23,7.67,12,0,9%,8.1%
Joe Mixon,Cincinnati Bengals,9,BUF,Home,6,5,31,6.2,15,0,14%,8.9%
Joe Mixon,Cincinnati Bengals,10,HOU,Home,3,2,-1,-0.5,0,0,8%,-0.3%
Joe Mixon,Cincinnati Bengals,11,BAL,Away,5,5,31,6.2,9,1,16%,18.3%
Joe Mixon,Cincinnati Bengals,12,PIT,Home,2,2,44,22,39,0,8%,19.4%
Joe Mixon,Cincinnati Bengals,13,JAX,Away,7,6,49,8.17,28,0,19%,14.1%
Joe Mixon,Cincinnati Bengals,14,IND,Home,4,3,46,15.33,45,0,16%,16.8%
Joe Mixon,Cincinnati Bengals,15,MIN,Home,3,3,14,4.67,7,0,8%,4.3%
Joe Mixon,Cincinnati Bengals,16,PIT,Away,4,2,7,3.5,9,0,10%,2.1%
Joe Mixon,Cincinnati Bengals,17,KC,Away,4,4,22,5.5,10,1,13%,11.2%
John Bates,Washington Commanders,2,DEN,Away,5,3,46,15.33,35,0,15%,15.4%
John Bates,Washington Commanders,3,BUF,Home,2,2,12,6,7,0,7%,7.1%
John Bates,Washington Commanders,4,PHI,Away,1,1,6,6,6,0,3%,2.1%
John Bates,Washington Commanders,5,CHI,Home,2,2,19,9.5,10,0,4%,4.9%
John Bates,Washington Commanders,7,NYG,Away,1,0,0,0,0,0,3%,0.0%
John Bates,Washington Commanders,8,PHI,Home,1,1,17,17,17,0,2%,4.3%
John Bates,Washington Commanders,9,NE,Away,2,1,-5,-5,-5,0,5%,-1.5%
John Bates,Washington Commanders,10,SEA,Away,3,3,21,7,12,0,7%,6.7%
John Bates,Washington Commanders,11,NYG,Home,2,2,15,7.5,8,0,5%,5.9%
John Bates,Washington Commanders,13,MIA,Home,1,0,0,0,0,0,5%,0.0%
John Bates,Washington Commanders,15,LAR,Away,1,0,0,0,0,0,3%,0.0%
John Bates,Washington Commanders,16,NYJ,Away,5,3,14,4.67,11,0,16%,9.0%
John Bates,Washington Commanders,17,SF,Home,2,1,6,6,6,0,8%,3.6%
John Metchie,Houston Texans,2,IND,Home,1,1,17,17,17,0,2%,4.4%
John Metchie,Houston Texans,3,JAX,Away,2,2,13,6.5,11,0,7%,4.6%
John Metchie,Houston Texans,4,PIT,Home,2,1,22,22,22,0,7%,7.1%
John Metchie,Houston Texans,5,ATL,Away,2,2,20,10,14,0,6%,8.0%
John Metchie,Houston Texans,9,TB,Home,1,1,14,14,14,0,3%,3.0%
John Metchie,Houston Texans,10,CIN,Away,2,2,25,12.5,19,0,5%,7.0%
John Metchie,Houston Texans,11,ARI,Home,1,1,12,12,12,0,3%,3.6%
John Metchie,Houston Texans,12,JAX,Home,2,1,6,6,6,0,6%,2.0%
John Metchie,Houston Texans,13,DEN,Home,3,1,9,9,9,0,12%,3.1%
John Metchie,Houston Texans,14,NYJ,Away,5,1,6,6,6,0,19%,6.3%
John Metchie,Houston Texans,15,TEN,Away,1,1,1,1,1,0,3%,0.4%
John Metchie,Houston Texans,16,CLE,Home,3,0,0,0,0,0,6%,0.0%
John Metchie,Houston Texans,17,TEN,Home,3,1,8,8,8,0,10%,3.8%
John Mundt,Minnesota Vikings,5,KC,Home,1,1,11,11,11,0,2%,3.9%
John Mundt,Minnesota Vikings,8,GB,Away,1,1,8,8,8,0,3%,2.7%
John Mundt,Minnesota Vikings,9,ATL,Away,1,1,18,18,18,0,3%,7.6%
John Mundt,Minnesota Vikings,10,NO,Home,2,2,8,4,8,0,6%,3.0%
John Mundt,Minnesota Vikings,14,LV,Away,1,1,4,4,4,0,3%,2.7%
John Mundt,Minnesota Vikings,15,CIN,Away,1,1,3,3,3,0,3%,1.0%
John Mundt,Minnesota Vikings,16,DET,Home,3,1,23,23,23,0,9%,5.6%
John Mundt,Minnesota Vikings,17,GB,Home,7,4,39,9.75,14,1,23%,21.7%
Jonathan Mingo,Carolina Panthers,1,ATL,Away,5,2,17,8.5,9,0,16%,11.6%
Jonathan Mingo,Carolina Panthers,2,NO,Home,8,3,26,8.67,22,0,26%,17.0%
Jonathan Mingo,Carolina Panthers,3,SEA,Away,6,3,21,7,9,0,11%,5.8%
Jonathan Mingo,Carolina Panthers,5,DET,Away,7,5,48,9.6,13,0,20%,19.4%
Jonathan Mingo,Carolina Panthers,6,MIA,Away,3,2,21,10.5,11,0,9%,9.4%
Jonathan Mingo,Carolina Panthers,8,HOU,Home,5,4,62,15.5,40,0,16%,26.4%
Jonathan Mingo,Carolina Panthers,9,IND,Home,4,1,5,5,5,0,11%,2.9%
Jonathan Mingo,Carolina Panthers,10,CHI,Away,7,3,20,6.67,10,0,21%,10.8%
Jonathan Mingo,Carolina Panthers,11,DAL,Home,6,1,6,6,6,0,23%,4.9%
Jonathan Mingo,Carolina Panthers,12,TEN,Away,6,4,60,15,24,0,25%,30.9%
Jonathan Mingo,Carolina Panthers,13,TB,Away,10,6,69,11.5,31,0,38%,38.8%
Jonathan Mingo,Carolina Panthers,14,NO,Away,9,2,22,11,13,0,28%,16.1%
Jonathan Mingo,Carolina Panthers,15,ATL,Home,5,4,32,8,20,0,22%,19.2%
Jonathan Mingo,Carolina Panthers,16,GB,Home,1,1,9,9,9,0,3%,2.9%
Jonathan Mingo,Carolina Panthers,17,JAX,Away,3,2,0,0,4,0,10%,0.0%
Jonathan Taylor,Indianapolis Colts,5,TEN,Home,1,1,16,16,16,0,4%,6.3%
Jonathan Taylor,Indianapolis Colts,6,JAX,Away,6,5,46,9.2,40,0,12%,14.0%
Jonathan Taylor,Indianapolis Colts,7,CLE,Home,4,3,45,15,20,0,18%,14.8%
Jonathan Taylor,Indianapolis Colts,8,NO,Home,2,1,2,2,2,0,5%,0.9%
Jonathan Taylor,Indianapolis Colts,9,CAR,Away,5,5,22,4.4,10,1,21%,17.3%
Jonathan Taylor,Indianapolis Colts,10,NE,Away,1,1,6,6,6,0,4%,3.1%
Jonathan Taylor,Indianapolis Colts,16,ATL,Away,1,0,0,0,0,0,3%,0.0%
Jonathan Taylor,Indianapolis Colts,17,LV,Home,1,1,8,8,8,0,5%,3.6%
Jonathan Williams,Washington Commanders,15,LAR,Away,1,0,0,0,0,0,3%,0.0%
Jonnu Smith,Atlanta Falcons,2,GB,Home,6,4,47,11.75,17,0,21%,19.8%
Jonnu Smith,Atlanta Falcons,3,DET,Away,8,5,37,7.4,12,0,21%,18.4%
Jonnu Smith,Atlanta Falcons,4,JAX,Away,6,6,95,15.83,33,0,20%,49.7%
Jonnu Smith,Atlanta Falcons,5,HOU,Home,7,6,67,11.17,22,0,18%,19.1%
Jonnu Smith,Atlanta Falcons,6,WAS,Home,5,4,36,9,17,1,11%,11.7%
Jonnu Smith,Atlanta Falcons,7,TB,Away,3,3,27,9,18,0,14%,10.8%
Jonnu Smith,Atlanta Falcons,8,TEN,Away,1,1,13,13,13,0,3%,5.3%
Jonnu Smith,Atlanta Falcons,9,MIN,Home,6,5,100,20,60,1,18%,37.3%
Jonnu Smith,Atlanta Falcons,10,ARI,Away,2,1,1,1,1,0,11%,1.1%
Jonnu Smith,Atlanta Falcons,13,NYJ,Away,3,2,10,5,9,0,12%,8.3%
Jonnu Smith,Atlanta Falcons,14,TB,Home,7,4,27,6.75,9,0,18%,7.8%
Jonnu Smith,Atlanta Falcons,15,CAR,Away,2,2,61,30.5,56,0,11%,40.1%
Jonnu Smith,Atlanta Falcons,16,IND,Home,6,4,32,8,15,0,19%,14.0%
Jonnu Smith,Atlanta Falcons,17,CHI,Away,4,0,0,0,0,0,13%,0.0%
Jordan Addison,Minnesota Vikings,1,TB,Home,6,4,61,15.25,39,1,14%,17.7%
Jordan Addison,Minnesota Vikings,2,PHI,Away,5,3,72,24,62,1,12%,19.8%
Jordan Addison,Minnesota Vikings,3,LAC,Home,8,6,52,8.67,16,0,17%,14.2%
Jordan Addison,Minnesota Vikings,4,CAR,Away,1,0,0,0,0,0,6%,0.0%
Jordan Addison,Minnesota Vikings,5,KC,Home,9,6,64,10.67,16,1,20%,22.5%
Jordan Addison,Minnesota Vikings,6,CHI,Away,5,3,28,9.33,15,1,17%,15.5%
Jordan Addison,Minnesota Vikings,7,SF,Home,10,7,123,17.57,60,2,23%,32.5%
Jordan Addison,Minnesota Vikings,8,GB,Away,8,7,82,11.71,20,1,24%,27.6%
Jordan Addison,Minnesota Vikings,9,ATL,Away,7,5,52,10.4,24,0,20%,22.0%
Jordan Addison,Minnesota Vikings,10,NO,Home,7,4,69,17.25,29,0,22%,25.7%
Jordan Addison,Minnesota Vikings,11,DEN,Away,6,3,44,14.67,18,0,21%,19.9%
Jordan Addison,Minnesota Vikings,12,CHI,Home,10,6,39,6.5,14,0,33%,21.1%
Jordan Addison,Minnesota Vikings,14,LV,Away,3,2,27,13.5,20,0,9%,18.5%
Jordan Addison,Minnesota Vikings,15,CIN,Away,6,6,111,18.5,37,2,19%,36.6%
Jordan Addison,Minnesota Vikings,16,DET,Home,4,1,2,2,2,0,11%,0.5%
Jordan Addison,Minnesota Vikings,17,GB,Home,5,3,28,9.33,20,0,16%,15.6%
Jordan Akins,Cleveland Browns,1,CIN,Home,1,1,12,12,12,0,3%,7.8%
Jordan Akins,Cleveland Browns,2,PIT,Away,1,1,2,2,2,0,3%,0.9%
Jordan Akins,Cleveland Browns,4,BAL,Home,2,1,6,6,6,0,6%,5.0%
Jordan Akins,Cleveland Browns,6,SF,Home,2,0,0,0,0,0,6%,0.0%
Jordan Akins,Cleveland Browns,8,SEA,Away,1,1,6,6,6,0,3%,2.3%
Jordan Akins,Cleveland Browns,9,ARI,Home,3,1,11,11,11,0,11%,5.0%
Jordan Akins,Cleveland Browns,10,BAL,Away,1,1,8,8,8,0,3%,3.8%
Jordan Akins,Cleveland Browns,13,LAR,Away,1,1,6,6,6,0,2%,2.4%
Jordan Akins,Cleveland Browns,14,JAX,Home,1,1,3,3,3,0,2%,1.0%
Jordan Akins,Cleveland Browns,15,CHI,Home,1,1,8,8,8,0,2%,2.1%
Jordan Akins,Cleveland Browns,16,HOU,Away,2,2,18,9,13,0,5%,4.8%
Jordan Akins,Cleveland Browns,17,NYJ,Home,1,1,28,28,28,0,3%,9.1%
Jordan Mason,San Francisco 49ers,4,ARI,Home,1,1,13,13,13,0,5%,4.6%
Jordan Mason,San Francisco 49ers,5,DAL,Home,1,0,0,0,0,0,4%,0.0%
Jordan Mason,San Francisco 49ers,14,SEA,Home,1,1,6,6,6,0,4%,1.6%
Josh Downs,Indianapolis Colts,1,JAX,Home,7,3,30,10,22,0,18%,13.5%
Josh Downs,Indianapolis Colts,2,HOU,Away,5,4,37,9.25,12,0,16%,16.3%
Josh Downs,Indianapolis Colts,3,BAL,Away,12,8,57,7.12,12,0,29%,25.1%
Josh Downs,Indianapolis Colts,4,LAR,Home,3,2,34,17,30,0,13%,17.0%
Josh Downs,Indianapolis Colts,5,TEN,Home,6,6,97,16.17,38,0,25%,38.3%
Josh Downs,Indianapolis Colts,6,JAX,Away,8,5,21,4.2,9,1,15%,6.4%
Josh Downs,Indianapolis Colts,7,CLE,Home,6,5,125,25,59,1,27%,41.0%
Josh Downs,Indianapolis Colts,8,NO,Home,9,7,72,10.29,17,0,24%,33.8%
Josh Downs,Indianapolis Colts,9,CAR,Away,1,1,10,10,10,0,4%,7.9%
Josh Downs,Indianapolis Colts,10,NE,Away,3,2,40,20,28,0,12%,20.6%
Josh Downs,Indianapolis Colts,12,TB,Home,13,5,43,8.6,13,0,33%,17.1%
Josh Downs,Indianapolis Colts,13,TEN,Away,5,3,14,4.67,9,0,12%,4.5%
Josh Downs,Indianapolis Colts,14,CIN,Away,3,3,32,10.67,12,0,8%,13.3%
Josh Downs,Indianapolis Colts,15,PIT,Home,3,3,19,6.33,8,0,11%,8.8%
Josh Downs,Indianapolis Colts,16,ATL,Away,9,6,39,6.5,14,0,26%,19.4%
Josh Downs,Indianapolis Colts,17,LV,Home,2,2,53,26.5,50,0,10%,23.7%
Josh Jacobs,Las Vegas Raiders,1,DEN,Away,3,2,23,11.5,19,0,12%,11.5%
Josh Jacobs,Las Vegas Raiders,2,BUF,Away,6,5,51,10.2,12,0,26%,27.6%
Josh Jacobs,Las Vegas Raiders,3,PIT,Home,5,3,18,6,6,0,11%,5.6%
Josh Jacobs,Las Vegas Raiders,4,LAC,Away,11,8,81,10.12,21,0,29%,34.0%
Josh Jacobs,Las Vegas Raiders,5,GB,Home,5,5,20,4,11,0,17%,9.6%
Josh Jacobs,Las Vegas Raiders,6,NE,Home,5,2,16,8,12,0,16%,6.1%
Josh Jacobs,Las Vegas Raiders,7,CHI,Away,4,1,6,6,6,0,9%,2.9%
Josh Jacobs,Las Vegas Raiders,8,DET,Away,4,2,27,13.5,15,0,19%,21.4%
Josh Jacobs,Las Vegas Raiders,10,NYJ,Home,2,2,11,5.5,8,0,8%,7.2%
Josh Jacobs,Las Vegas Raiders,11,MIA,Away,1,1,12,12,12,0,3%,4.4%
Josh Jacobs,Las Vegas Raiders,12,KC,Home,6,4,15,3.75,8,0,19%,6.0%
Josh Jacobs,Las Vegas Raiders,14,MIN,Home,2,2,16,8,9,0,7%,9.4%
Josh Oliver,Minnesota Vikings,1,TB,Home,3,3,32,10.67,18,0,7%,9.3%
Josh Oliver,Minnesota Vikings,2,PHI,Away,3,2,13,6.5,13,0,7%,3.6%
Josh Oliver,Minnesota Vikings,3,LAC,Home,2,2,4,2,4,1,4%,1.1%
Josh Oliver,Minnesota Vikings,5,KC,Home,2,1,15,15,15,0,4%,5.3%
Josh Oliver,Minnesota Vikings,7,SF,Home,2,2,6,3,6,0,5%,1.6%
Josh Oliver,Minnesota Vikings,9,ATL,Away,2,2,1,0.5,2,0,6%,0.4%
Josh Oliver,Minnesota Vikings,11,DEN,Away,4,4,47,11.75,29,1,14%,21.3%
Josh Oliver,Minnesota Vikings,14,LV,Away,1,0,0,0,0,0,3%,0.0%
Josh Oliver,Minnesota Vikings,15,CIN,Away,2,2,14,7,12,0,6%,4.6%
Josh Oliver,Minnesota Vikings,16,DET,Home,2,1,33,33,33,0,6%,8.0%
Josh Oliver,Minnesota Vikings,17,GB,Home,2,1,17,17,17,0,6%,9.4%
Josh Palmer,Los Angeles Chargers,1,MIA,Home,1,1,4,4,4,0,3%,1.8%
Josh Palmer,Los Angeles Chargers,2,TEN,Away,5,3,13,4.33,6,0,13%,4.3%
Josh Palmer,Los Angeles Chargers,3,MIN,Away,7,4,66,16.5,30,1,15%,14.5%
Josh Palmer,Los Angeles Chargers,4,LV,Home,8,3,77,25.67,51,0,33%,46.1%
Josh Palmer,Los Angeles Chargers,6,DAL,Home,7,4,60,15,26,0,19%,26.4%
Josh Palmer,Los Angeles Chargers,7,KC,Away,7,5,133,26.6,60,0,23%,51.4%
Josh Palmer,Los Angeles Chargers,8,CHI,Home,4,3,24,8,9,0,11%,8.1%
Josh Palmer,Los Angeles Chargers,15,LV,Away,4,4,113,28.25,79,1,13%,44.0%
Josh Palmer,Los Angeles Chargers,16,BUF,Home,8,5,47,9.4,19,0,25%,21.9%
Josh Reynolds,Detroit Lions,1,KC,Away,7,4,80,20,33,0,22%,31.6%
Josh Reynolds,Detroit Lions,2,SEA,Home,6,5,66,13.2,22,2,18%,20.4%
Josh Reynolds,Detroit Lions,4,GB,Away,6,3,69,23,26,0,22%,32.9%
Josh Reynolds,Detroit Lions,5,CAR,Home,5,4,76,19,27,1,19%,32.2%
Josh Reynolds,Detroit Lions,6,TB,Away,3,3,50,16.67,21,0,7%,14.2%
Josh Reynolds,Detroit Lions,7,BAL,Away,3,2,43,21.5,22,0,6%,15.1%
Josh Reynolds,Detroit Lions,8,LV,Home,1,1,13,13,13,0,3%,4.8%
Josh Reynolds,Detroit Lions,10,LAC,Away,4,2,15,7.5,8,0,13%,4.5%
Josh Reynolds,Detroit Lions,11,CHI,Home,2,1,11,11,11,0,6%,4.7%
Josh Reynolds,Detroit Lions,12,GB,Home,4,2,15,7.5,12,1,10%,4.5%
Josh Reynolds,Detroit Lions,13,NO,Away,3,1,12,12,12,0,12%,5.6%
Josh Reynolds,Detroit Lions,14,CHI,Away,4,3,44,14.67,27,1,12%,27.3%
Josh Reynolds,Detroit Lions,15,DEN,Home,3,2,41,20.5,21,0,9%,14.7%
Josh Reynolds,Detroit Lions,16,MIN,Away,4,1,16,16,16,0,10%,6.2%
Josh Reynolds,Detroit Lions,17,DAL,Away,2,1,13,13,13,0,6%,4.3%
Josh Whyle,Tennessee Titans,4,CIN,Home,2,2,26,13,24,1,8%,10.7%
Josh Whyle,Tennessee Titans,5,IND,Away,1,1,7,7,7,0,3%,2.7%
Josh Whyle,Tennessee Titans,6,BAL,Home,1,1,11,11,11,0,5%,7.3%
Josh Whyle,Tennessee Titans,9,PIT,Away,1,0,0,0,0,0,3%,0.0%
Josh Whyle,Tennessee Titans,10,TB,Away,5,2,16,8,10,0,13%,8.0%
Josh Whyle,Tennessee Titans,11,JAX,Away,2,1,7,7,7,0,12%,4.4%
Josh Whyle,Tennessee Titans,12,CAR,Home,1,1,11,11,11,0,4%,5.9%
Josh Whyle,Tennessee Titans,13,IND,Home,2,1,16,16,16,0,6%,7.1%
Joshua Kelley,Los Angeles Chargers,1,MIA,Home,1,0,0,0,0,0,3%,0.0%
Joshua Kelley,Los Angeles Chargers,2,TEN,Away,1,0,0,0,0,0,3%,0.0%
Joshua Kelley,Los Angeles Chargers,3,MIN,Away,1,1,5,5,5,0,2%,1.1%
Joshua Kelley,Los Angeles Chargers,6,DAL,Home,2,1,2,2,2,0,5%,0.9%
Joshua Kelley,Los Angeles Chargers,9,NYJ,Away,1,1,4,4,4,0,4%,2.9%
Joshua Kelley,Los Angeles Chargers,12,BAL,Home,2,2,6,3,6,0,5%,2.8%
Joshua Kelley,Los Angeles Chargers,13,NE,Away,3,2,9,4.5,6,0,8%,4.2%
Joshua Kelley,Los Angeles Chargers,15,LV,Away,1,1,6,6,6,0,3%,2.3%
Josiah Deguara,Green Bay Packers,2,ATL,Away,2,2,5,2.5,4,0,8%,3.3%
Josiah Deguara,Green Bay Packers,4,DET,Home,4,4,34,8.5,13,0,12%,13.8%
Josiah Deguara,Green Bay Packers,5,LV,Away,1,1,19,19,19,0,3%,10.4%
Josiah Deguara,Green Bay Packers,9,LAR,Home,1,1,7,7,7,0,4%,3.1%
JuJu Smith-Schuster,New England Patriots,1,PHI,Home,7,4,33,8.25,15,0,13%,10.4%
JuJu Smith-Schuster,New England Patriots,2,MIA,Home,6,5,28,5.6,12,0,14%,12.1%
JuJu Smith-Schuster,New England Patriots,3,NYJ,Away,3,1,5,5,5,0,11%,2.5%
JuJu Smith-Schuster,New England Patriots,4,DAL,Away,5,1,14,14,14,0,17%,6.8%
JuJu Smith-Schuster,New England Patriots,5,NO,Home,4,3,6,2,3,0,13%,4.5%
JuJu Smith-Schuster,New England Patriots,8,MIA,Away,1,1,3,3,3,1,4%,1.9%
JuJu Smith-Schuster,New England Patriots,9,WAS,Home,7,6,51,8.5,20,0,16%,23.2%
JuJu Smith-Schuster,New England Patriots,10,IND,Home,1,1,9,9,9,0,4%,4.6%
JuJu Smith-Schuster,New England Patriots,12,NYG,Away,4,2,10,5,5,0,11%,7.0%
JuJu Smith-Schuster,New England Patriots,13,LAC,Home,3,1,11,11,11,0,13%,7.8%
JuJu Smith-Schuster,New England Patriots,14,PIT,Away,6,4,90,22.5,37,0,23%,37.5%
Julian Hill,Miami Dolphins,3,DEN,Home,1,0,0,0,0,0,4%,0.0%
Julian Hill,Miami Dolphins,8,NE,Home,2,1,4,4,4,0,5%,1.2%
Julian Hill,Miami Dolphins,11,LV,Home,1,1,10,10,10,0,3%,3.1%
Julian Hill,Miami Dolphins,13,WAS,Away,2,2,23,11.5,18,0,8%,8.1%
Julian Hill,Miami Dolphins,17,BAL,Away,1,1,9,9,9,0,3%,3.8%
Julio Jones,Philadelphia Eagles,7,MIA,Home,1,1,3,3,3,0,3%,1.1%
Julio Jones,Philadelphia Eagles,8,WAS,Away,2,1,8,8,8,1,6%,2.5%
Julio Jones,Philadelphia Eagles,11,KC,Away,2,2,5,2.5,5,0,10%,3.3%
Julio Jones,Philadelphia Eagles,12,BUF,Home,3,1,0,0,0,0,11%,0.0%
Julio Jones,Philadelphia Eagles,15,SEA,Away,1,1,6,6,6,0,3%,4.2%
Julio Jones,Philadelphia Eagles,16,NYG,Home,4,1,5,5,5,0,11%,1.7%
Julio Jones,Philadelphia Eagles,17,ARI,Home,2,2,34,17,22,2,9%,18.5%
Justice Hill,Baltimore Ravens,2,CIN,Away,3,3,12,4,8,0,9%,5.1%
Justice Hill,Baltimore Ravens,5,PIT,Away,4,4,13,3.25,10,0,11%,5.5%
Justice Hill,Baltimore Ravens,6,TEN,Away,3,3,0,0,2,0,10%,0.0%
Justice Hill,Baltimore Ravens,7,DET,Home,1,1,2,2,2,0,4%,0.6%
Justice Hill,Baltimore Ravens,8,ARI,Away,4,4,40,10,24,0,15%,25.5%
Justice Hill,Baltimore Ravens,9,SEA,Home,1,0,0,0,0,0,3%,0.0%
Justice Hill,Baltimore Ravens,11,CIN,Home,1,1,6,6,6,0,4%,2.3%
Justice Hill,Baltimore Ravens,12,LAC,Away,1,0,0,0,0,0,3%,0.0%
Justice Hill,Baltimore Ravens,14,LAR,Home,2,1,12,12,12,0,5%,3.8%
Justice Hill,Baltimore Ravens,15,JAX,Away,1,0,0,0,0,0,4%,0.0%
Justice Hill,Baltimore Ravens,16,SF,Away,3,3,31,10.33,23,0,9%,12.3%
Justice Hill,Baltimore Ravens,17,MIA,Home,5,5,64,12.8,23,1,23%,18.8%
Justin Herbert,Los Angeles Chargers,6,DAL,Home,1,1,10,10,10,0,3%,4.4%
Justin Jefferson,Minnesota Vikings,1,TB,Home,12,9,150,16.67,42,0,27%,43.6%
Justin Jefferson,Minnesota Vikings,2,PHI,Away,13,11,159,14.45,30,0,30%,43.7%
Justin Jefferson,Minnesota Vikings,3,LAC,Home,13,7,149,21.29,52,1,27%,40.6%
Justin Jefferson,Minnesota Vikings,4,CAR,Away,9,6,85,14.17,30,2,50%,61.2%
Justin Jefferson,Minnesota Vikings,5,KC,Home,6,3,28,9.33,14,0,13%,9.9%
Justin Jefferson,Minnesota Vikings,14,LV,Away,3,2,27,13.5,15,0,9%,18.5%
Justin Jefferson,Minnesota Vikings,15,CIN,Away,10,7,84,12,19,0,31%,27.7%
Justin Jefferson,Minnesota Vikings,16,DET,Home,10,6,141,23.5,29,1,29%,34.3%
Justin Jefferson,Minnesota Vikings,17,GB,Home,10,5,59,11.8,21,0,32%,32.8%
Justin Watson,Kansas City Chiefs,1,DET,Home,4,2,45,22.5,26,0,11%,19.9%
Justin Watson,Kansas City Chiefs,2,JAX,Away,5,3,62,20.67,34,0,13%,20.3%
Justin Watson,Kansas City Chiefs,3,CHI,Home,3,2,51,25.5,37,0,8%,16.8%
Justin Watson,Kansas City Chiefs,4,NYJ,Away,1,1,5,5,5,0,3%,2.5%
Justin Watson,Kansas City Chiefs,5,MIN,Away,3,2,56,28,33,0,8%,19.9%
Justin Watson,Kansas City Chiefs,6,DEN,Home,1,0,0,0,0,0,3%,0.0%
Justin Watson,Kansas City Chiefs,8,DEN,Away,3,2,42,21,27,0,8%,17.4%
Justin Watson,Kansas City Chiefs,9,MIA,Home,5,2,15,7.5,8,0,18%,8.1%
Justin Watson,Kansas City Chiefs,11,PHI,Home,11,5,53,10.6,17,1,28%,29.9%
Justin Watson,Kansas City Chiefs,12,LV,Away,3,1,3,3,3,1,9%,1.0%
Justin Watson,Kansas City Chiefs,14,BUF,Home,1,1,18,18,18,0,3%,6.6%
Justin Watson,Kansas City Chiefs,15,NE,Away,3,1,31,31,31,0,9%,10.0%
Justin Watson,Kansas City Chiefs,16,LV,Home,6,4,38,9.5,11,1,15%,15.4%
Justin Watson,Kansas City Chiefs,17,CIN,Home,3,1,41,41,41,0,11%,16.7%
Justyn Ross,Kansas City Chiefs,1,DET,Home,1,1,6,6,6,0,3%,2.7%
Justyn Ross,Kansas City Chiefs,3,CHI,Home,1,0,0,0,0,0,3%,0.0%
Justyn Ross,Kansas City Chiefs,5,MIN,Away,4,2,28,14,20,0,10%,10.0%
Justyn Ross,Kansas City Chiefs,16,LV,Home,1,1,2,2,2,0,2%,0.8%
Juwan Johnson,New Orleans Saints,1,TEN,Home,5,3,36,12,27,0,15%,11.8%
Juwan Johnson,New Orleans Saints,2,CAR,Away,3,2,13,6.5,8,0,9%,5.5%
Juwan Johnson,New Orleans Saints,3,GB,Away,4,2,12,6,7,0,12%,5.9%
Juwan Johnson,New Orleans Saints,8,IND,Away,2,1,5,5,5,0,7%,1.4%
Juwan Johnson,New Orleans Saints,9,CHI,Home,5,5,29,5.8,14,1,16%,13.6%
Juwan Johnson,New Orleans Saints,10,MIN,Away,3,1,2,2,2,0,8%,0.9%
Juwan Johnson,New Orleans Saints,12,ATL,Away,7,4,45,11.25,23,0,19%,14.8%
Juwan Johnson,New Orleans Saints,13,DET,Home,3,0,0,0,0,0,10%,0.0%
Juwan Johnson,New Orleans Saints,14,CAR,Home,2,2,10,5,7,0,9%,8.4%
Juwan Johnson,New Orleans Saints,15,NYG,Home,2,2,38,19,23,1,7%,17.4%
Juwan Johnson,New Orleans Saints,16,LAR,Away,7,4,48,12,20,1,18%,15.0%
Juwan Johnson,New Orleans Saints,17,TB,Away,12,8,90,11.25,32,1,35%,43.3%
Juwann Winfree,Indianapolis Colts,8,NO,Home,1,0,0,0,0,0,3%,0.0%
K.J. Osborn,Minnesota Vikings,1,TB,Home,6,3,31,10.33,19,0,14%,9.0%
K.J. Osborn,Minnesota Vikings,2,PHI,Away,6,3,34,11.33,18,1,14%,9.3%
K.J. Osborn,Minnesota Vikings,3,LAC,Home,3,1,36,36,36,1,6%,9.8%
K.J. Osborn,Minnesota Vikings,4,CAR,Away,2,1,16,16,16,0,11%,11.5%
K.J. Osborn,Minnesota Vikings,5,KC,Home,9,5,49,9.8,27,0,20%,17.3%
K.J. Osborn,Minnesota Vikings,6,CHI,Away,5,4,48,12,21,0,17%,26.5%
K.J. Osborn,Minnesota Vikings,7,SF,Home,6,5,47,9.4,18,0,14%,12.4%
K.J. Osborn,Minnesota Vikings,8,GB,Away,10,8,99,12.38,32,0,29%,33.3%
K.J. Osborn,Minnesota Vikings,9,ATL,Away,2,2,17,8.5,13,0,6%,7.2%
K.J. Osborn,Minnesota Vikings,11,DEN,Away,2,1,7,7,7,0,7%,3.2%
K.J. Osborn,Minnesota Vikings,12,CHI,Home,4,3,34,11.33,22,0,13%,18.4%
K.J. Osborn,Minnesota Vikings,14,LV,Away,7,4,15,3.75,12,0,21%,10.3%
K.J. Osborn,Minnesota Vikings,15,CIN,Away,2,1,3,3,3,0,6%,1.0%
K.J. Osborn,Minnesota Vikings,16,DET,Home,7,5,95,19,47,1,20%,23.1%
Kadarius Toney,Kansas City Chiefs,1,DET,Home,5,1,1,1,1,0,14%,0.4%
Kadarius Toney,Kansas City Chiefs,2,JAX,Away,5,5,35,7,17,0,13%,11.5%
Kadarius Toney,Kansas City Chiefs,3,CHI,Home,1,1,-1,-1,-1,0,3%,-0.3%
Kadarius Toney,Kansas City Chiefs,4,NYJ,Away,2,2,22,11,15,0,7%,10.8%
Kadarius Toney,Kansas City Chiefs,5,MIN,Away,6,5,26,5.2,9,0,15%,9.3%
Kadarius Toney,Kansas City Chiefs,6,DEN,Home,6,3,9,3,5,1,15%,2.9%
Kadarius Toney,Kansas City Chiefs,7,LAC,Home,1,1,13,13,13,0,3%,3.1%
Kadarius Toney,Kansas City Chiefs,8,DEN,Away,1,1,4,4,4,0,3%,1.7%
Kadarius Toney,Kansas City Chiefs,9,MIA,Home,1,1,18,18,18,0,4%,9.7%
Kadarius Toney,Kansas City Chiefs,11,PHI,Home,2,2,12,6,7,0,5%,6.8%
Kadarius Toney,Kansas City Chiefs,14,BUF,Home,4,3,25,8.33,9,0,10%,9.2%
Kadarius Toney,Kansas City Chiefs,15,NE,Away,4,2,5,2.5,3,0,11%,1.6%
Kalif Raymond,Detroit Lions,1,KC,Away,1,1,20,20,20,0,3%,7.9%
Kalif Raymond,Detroit Lions,2,SEA,Home,3,2,46,23,36,1,9%,14.2%
Kalif Raymond,Detroit Lions,3,ATL,Home,6,4,55,13.75,22,0,19%,22.6%
Kalif Raymond,Detroit Lions,4,GB,Away,1,1,-2,-2,-2,0,4%,-1.0%
Kalif Raymond,Detroit Lions,5,CAR,Home,3,3,45,15,23,0,11%,19.1%
Kalif Raymond,Detroit Lions,6,TB,Away,3,3,23,7.67,12,0,7%,6.5%
Kalif Raymond,Detroit Lions,7,BAL,Away,2,2,20,10,11,0,4%,7.0%
Kalif Raymond,Detroit Lions,8,LV,Home,4,2,24,12,14,0,12%,8.8%
Kalif Raymond,Detroit Lions,10,LAC,Away,4,2,46,23,41,0,13%,13.8%
Kalif Raymond,Detroit Lions,11,CHI,Home,2,1,5,5,5,0,6%,2.1%
Kalif Raymond,Detroit Lions,12,GB,Home,5,5,90,18,24,0,12%,27.1%
Kalif Raymond,Detroit Lions,14,CHI,Away,4,3,15,5,5,0,12%,9.3%
Kalif Raymond,Detroit Lions,15,DEN,Home,1,1,12,12,12,0,3%,4.3%
Kalif Raymond,Detroit Lions,16,MIN,Away,2,2,29,14.5,18,0,5%,11.3%
Kalif Raymond,Detroit Lions,17,DAL,Away,1,1,11,11,11,0,3%,3.6%
Kareem Hunt,Cleveland Browns,3,TEN,Home,3,2,22,11,13,0,10%,7.6%
Kareem Hunt,Cleveland Browns,6,SF,Home,3,3,24,8,11,0,9%,12.5%
Kareem Hunt,Cleveland Browns,7,IND,Away,1,0,0,0,0,0,3%,0.0%
Kareem Hunt,Cleveland Browns,8,SEA,Away,1,1,12,12,12,0,3%,4.7%
Kareem Hunt,Cleveland Browns,9,ARI,Home,1,0,0,0,0,0,4%,0.0%
Kareem Hunt,Cleveland Browns,11,PIT,Home,3,3,1,0.33,5,0,7%,0.6%
Kareem Hunt,Cleveland Browns,13,LAR,Away,1,1,0,0,0,0,2%,0.0%
Kareem Hunt,Cleveland Browns,14,JAX,Home,1,1,3,3,3,0,2%,1.0%
Kareem Hunt,Cleveland Browns,15,CHI,Home,1,1,12,12,12,0,2%,3.2%
Kareem Hunt,Cleveland Browns,16,HOU,Away,4,2,5,2.5,6,0,9%,1.3%
Kareem Hunt,Cleveland Browns,17,NYJ,Home,1,0,0,0,0,0,3%,0.0%
KaVontae Turpin,Dallas Cowboys,1,NYG,Away,3,2,11,5.5,7,0,12%,7.7%
KaVontae Turpin,Dallas Cowboys,2,NYJ,Home,1,1,9,9,9,0,3%,3.5%
KaVontae Turpin,Dallas Cowboys,4,NE,Home,1,1,5,5,5,0,3%,1.8%
KaVontae Turpin,Dallas Cowboys,5,SF,Away,1,1,26,26,26,1,4%,16.1%
KaVontae Turpin,Dallas Cowboys,8,LAR,Home,2,1,13,13,13,0,6%,4.2%
KaVontae Turpin,Dallas Cowboys,9,PHI,Away,1,1,5,5,5,1,2%,1.3%
KaVontae Turpin,Dallas Cowboys,11,CAR,Away,3,2,10,5,10,0,8%,4.9%
KaVontae Turpin,Dallas Cowboys,12,WAS,Home,1,1,34,34,34,1,3%,10.3%
KaVontae Turpin,Dallas Cowboys,13,SEA,Home,3,1,10,10,10,0,8%,3.3%
KaVontae Turpin,Dallas Cowboys,14,PHI,Home,1,0,0,0,0,0,3%,0.0%
KaVontae Turpin,Dallas Cowboys,16,MIA,Away,1,1,4,4,4,0,3%,1.6%
Kayshon Boutte,New England Patriots,1,PHI,Home,4,0,0,0,0,0,7%,0.0%
Kayshon Boutte,New England Patriots,10,IND,Home,1,1,11,11,11,0,4%,5.6%
Kayshon Boutte,New England Patriots,12,NYG,Away,2,1,8,8,8,0,6%,5.6%
Ke'Shawn Vaughn,Tampa Bay Buccaneers,4,NO,Away,1,1,3,3,3,0,3%,1.2%
Ke'Shawn Vaughn,Tampa Bay Buccaneers,6,DET,Home,2,0,0,0,0,0,5%,0.0%
Ke'Shawn Vaughn,Tampa Bay Buccaneers,7,ATL,Home,1,0,0,0,0,0,2%,0.0%
Ke'Shawn Vaughn,Tampa Bay Buccaneers,9,HOU,Away,1,1,-1,-1,-1,0,3%,-0.4%
Keaontay Ingram,Arizona Cardinals,3,DAL,Home,1,1,8,8,8,0,5%,4.2%
Keaontay Ingram,Arizona Cardinals,6,LAR,Away,2,2,11,5.5,9,0,5%,4.7%
Keaontay Ingram,Arizona Cardinals,8,BAL,Home,1,1,7,7,7,0,3%,3.4%
Keaton Mitchell,Baltimore Ravens,7,DET,Home,1,1,9,9,9,0,4%,2.5%
Keaton Mitchell,Baltimore Ravens,9,SEA,Home,1,1,-4,-4,-4,0,3%,-1.8%
Keaton Mitchell,Baltimore Ravens,10,CLE,Home,2,1,32,32,32,0,9%,14.3%
Keaton Mitchell,Baltimore Ravens,11,CIN,Home,1,1,8,8,8,0,4%,3.0%
Keaton Mitchell,Baltimore Ravens,12,LAC,Away,2,2,25,12.5,14,0,7%,14.1%
Keaton Mitchell,Baltimore Ravens,14,LAR,Home,2,1,8,8,8,0,5%,2.5%
Keaton Mitchell,Baltimore Ravens,15,JAX,Away,2,2,15,7.5,15,0,9%,8.8%
Keelan Doss,Los Angeles Chargers,17,DEN,Away,8,5,25,5,9,0,22%,11.4%
Keenan Allen,Los Angeles Chargers,1,MIA,Home,9,6,76,12.67,36,0,29%,33.3%
Keenan Allen,Los Angeles Chargers,2,TEN,Away,10,8,111,13.88,42,2,26%,36.4%
Keenan Allen,Los Angeles Chargers,3,MIN,Away,20,18,215,11.94,25,0,42%,47.4%
Keenan Allen,Los Angeles Chargers,4,LV,Home,5,3,32,10.67,22,1,21%,19.2%
Keenan Allen,Los Angeles Chargers,6,DAL,Home,11,7,85,12.14,23,1,30%,37.4%
Keenan Allen,Los Angeles Chargers,7,KC,Away,9,4,55,13.75,26,0,30%,21.2%
Keenan Allen,Los Angeles Chargers,8,CHI,Home,10,8,69,8.62,26,0,26%,23.2%
Keenan Allen,Los Angeles Chargers,9,NYJ,Away,9,8,77,9.62,23,0,32%,56.6%
Keenan Allen,Los Angeles Chargers,10,DET,Home,14,11,175,15.91,38,2,35%,54.2%
Keenan Allen,Los Angeles Chargers,11,GB,Away,16,10,116,11.6,38,1,44%,44.6%
Keenan Allen,Los Angeles Chargers,12,BAL,Home,16,14,106,7.57,21,0,39%,48.8%
Keenan Allen,Los Angeles Chargers,13,NE,Away,9,5,58,11.6,16,0,25%,27.4%
Keenan Allen,Los Angeles Chargers,14,DEN,Home,12,6,68,11.33,22,0,29%,24.7%
Keith Kirkwood,New Orleans Saints,1,TEN,Home,1,0,0,0,0,0,3%,0.0%
Keith Kirkwood,New Orleans Saints,2,CAR,Away,1,0,0,0,0,0,3%,0.0%
Keith Kirkwood,New Orleans Saints,3,GB,Away,1,0,0,0,0,0,3%,0.0%
Keith Kirkwood,New Orleans Saints,5,NE,Away,1,1,1,1,1,0,4%,0.5%
Keith Kirkwood,New Orleans Saints,12,ATL,Away,3,2,20,10,13,0,8%,6.6%
Keith Kirkwood,New Orleans Saints,15,NYG,Home,1,1,7,7,7,1,4%,3.2%
Keith Kirkwood,New Orleans Saints,16,LAR,Away,1,1,9,9,9,0,3%,2.8%
Keith Smith,Atlanta Falcons,5,HOU,Home,1,1,28,28,28,0,3%,8.0%
Keith Smith,Atlanta Falcons,7,TB,Away,1,1,-1,-1,-1,0,5%,-0.4%
Keith Smith,Atlanta Falcons,12,NO,Home,1,1,6,6,6,0,5%,3.6%
Kendre Miller,New Orleans Saints,3,GB,Away,1,1,0,0,0,0,3%,0.0%
Kendre Miller,New Orleans Saints,4,TB,Home,1,1,5,5,5,0,3%,3.6%
Kendre Miller,New Orleans Saints,5,NE,Away,4,4,53,13.25,33,0,16%,29.0%
Kendre Miller,New Orleans Saints,6,HOU,Away,2,1,13,13,13,0,4%,3.6%
Kendre Miller,New Orleans Saints,8,IND,Away,1,1,9,9,9,0,3%,2.5%
Kendre Miller,New Orleans Saints,9,CHI,Home,1,1,31,31,31,0,3%,14.5%
Kendrick Bourne,New England Patriots,1,PHI,Home,11,6,64,10.67,19,2,20%,20.3%
Kendrick Bourne,New England Patriots,2,MIA,Home,9,4,29,7.25,13,0,21%,12.6%
Kendrick Bourne,New England Patriots,3,NYJ,Away,5,4,46,11.5,18,0,19%,22.9%
Kendrick Bourne,New England Patriots,4,DAL,Away,3,2,36,18,20,0,10%,17.4%
Kendrick Bourne,New England Patriots,5,NO,Home,5,2,43,21.5,28,0,16%,32.6%
Kendrick Bourne,New England Patriots,6,LV,Away,11,10,89,8.9,36,0,35%,44.5%
Kendrick Bourne,New England Patriots,7,BUF,Home,7,6,63,10.5,33,1,23%,23.2%
Kendrick Bourne,New England Patriots,8,MIA,Away,4,3,36,12,24,1,14%,22.4%
Kenneth Walker,Seattle Seahawks,1,LAR,Home,5,4,3,0.75,6,0,21%,2.7%
Kenneth Walker,Seattle Seahawks,2,DET,Away,2,1,11,11,11,0,5%,3.4%
Kenneth Walker,Seattle Seahawks,3,CAR,Home,3,3,59,19.67,36,0,9%,19.9%
Kenneth Walker,Seattle Seahawks,6,CIN,Away,3,3,27,9,15,0,8%,8.4%
Kenneth Walker,Seattle Seahawks,7,ARI,Home,3,2,6,3,6,0,13%,2.7%
Kenneth Walker,Seattle Seahawks,8,CLE,Home,2,1,4,4,4,0,6%,1.6%
Kenneth Walker,Seattle Seahawks,9,BAL,Away,2,1,1,1,1,0,8%,0.6%
Kenneth Walker,Seattle Seahawks,10,WAS,Home,2,1,64,64,64,1,5%,17.3%
Kenneth Walker,Seattle Seahawks,11,LAR,Away,1,1,-2,-2,-2,0,3%,-0.8%
Kenneth Walker,Seattle Seahawks,14,SF,Away,5,4,33,8.25,27,0,16%,12.3%
Kenneth Walker,Seattle Seahawks,15,PHI,Home,3,3,26,8.67,15,0,9%,12.5%
Kenneth Walker,Seattle Seahawks,16,TEN,Away,2,1,2,2,2,0,6%,0.9%
Kenneth Walker,Seattle Seahawks,17,PIT,Home,3,3,22,7.33,11,0,9%,7.6%
Kenny Gainwell,Philadelphia Eagles,1,NE,Away,4,4,20,5,8,0,13%,11.8%
Kenny Gainwell,Philadelphia Eagles,3,TB,Away,2,1,5,5,5,0,6%,1.8%
Kenny Gainwell,Philadelphia Eagles,4,WAS,Home,2,2,7,3.5,4,0,6%,2.2%
Kenny Gainwell,Philadelphia Eagles,5,LAR,Away,2,1,7,7,7,0,6%,2.3%
Kenny Gainwell,Philadelphia Eagles,6,NYJ,Away,2,1,4,4,4,0,5%,1.4%
Kenny Gainwell,Philadelphia Eagles,8,WAS,Away,5,5,30,6,17,0,14%,9.4%
Kenny Gainwell,Philadelphia Eagles,9,DAL,Home,1,1,1,1,1,0,5%,0.5%
Kenny Gainwell,Philadelphia Eagles,11,KC,Away,1,1,4,4,4,0,5%,2.7%
Kenny Gainwell,Philadelphia Eagles,12,BUF,Home,3,2,10,5,6,0,11%,5.0%
Kenny Gainwell,Philadelphia Eagles,13,SF,Home,6,5,42,8.4,15,0,14%,13.4%
Kenny Gainwell,Philadelphia Eagles,15,SEA,Away,1,0,0,0,0,0,3%,0.0%
Kenny Gainwell,Philadelphia Eagles,16,NYG,Home,3,3,38,12.67,19,0,8%,12.6%
Kenny Gainwell,Philadelphia Eagles,17,ARI,Home,4,4,15,3.75,6,0,17%,8.2%
Kenny Yeboah,New York Jets,16,WAS,Home,1,0,0,0,0,0,2%,0.0%
Kenny Yeboah,New York Jets,17,CLE,Away,3,2,28,14,20,0,7%,10.7%
Kenyan Drake,Baltimore Ravens,3,IND,Home,3,2,31,15.5,24,0,10%,15.3%
Kevin Harris,New England Patriots,17,BUF,Away,2,2,54,27,48,0,8%,25.8%
Kevin Rader,Tennessee Titans,17,HOU,Away,1,1,6,6,6,0,4%,3.3%
Khadarel Hodge,Atlanta Falcons,3,DET,Away,1,1,15,15,15,0,3%,7.5%
Khadarel Hodge,Atlanta Falcons,4,JAX,Away,2,2,19,9.5,10,0,7%,9.9%
Khadarel Hodge,Atlanta Falcons,5,HOU,Home,1,1,11,11,11,0,3%,3.1%
Khadarel Hodge,Atlanta Falcons,6,WAS,Home,1,0,0,0,0,0,2%,0.0%
Khadarel Hodge,Atlanta Falcons,7,TB,Away,1,1,19,19,19,0,5%,7.6%
Khadarel Hodge,Atlanta Falcons,8,TEN,Away,3,3,75,25,52,0,9%,30.5%
Khadarel Hodge,Atlanta Falcons,9,MIN,Home,6,3,60,20,31,0,18%,22.4%
Khadarel Hodge,Atlanta Falcons,13,NYJ,Away,1,0,0,0,0,0,4%,0.0%
Khadarel Hodge,Atlanta Falcons,14,TB,Home,2,1,18,18,18,0,5%,5.2%
Khadarel Hodge,Atlanta Falcons,15,CAR,Away,1,1,10,10,10,0,5%,6.6%
Khadarel Hodge,Atlanta Falcons,16,IND,Home,1,1,5,5,5,0,3%,2.2%
Khadarel Hodge,Atlanta Falcons,17,CHI,Away,2,0,0,0,0,0,6%,0.0%
Khalil Dorsey,Detroit Lions,17,DAL,Away,1,1,31,31,31,0,3%,10.3%
Khalil Herbert,Chicago Bears,1,GB,Home,5,3,37,12.33,19,0,14%,17.1%
Khalil Herbert,Chicago Bears,2,TB,Away,3,1,23,23,23,0,11%,10.9%
Khalil Herbert,Chicago Bears,3,KC,Away,2,2,4,2,5,0,10%,4.0%
Khalil Herbert,Chicago Bears,4,DEN,Home,5,4,19,4.75,10,1,16%,5.7%
Khalil Herbert,Chicago Bears,5,WAS,Away,3,0,0,0,0,0,12%,0.0%
Khalil Herbert,Chicago Bears,11,DET,Away,3,2,6,3,5,0,14%,3.6%
Khalil Herbert,Chicago Bears,12,MIN,Away,2,2,14,7,13,0,6%,6.5%
Khalil Herbert,Chicago Bears,15,CLE,Away,1,1,4,4,4,0,3%,2.4%
Khalil Herbert,Chicago Bears,16,ARI,Home,2,1,9,9,9,0,9%,5.3%
Khalil Herbert,Chicago Bears,17,ATL,Home,3,2,5,2.5,5,0,10%,1.9%
Khalil Shakir,Buffalo Bills,2,LV,Home,1,1,11,11,11,1,3%,4.0%
Khalil Shakir,Buffalo Bills,3,WAS,Away,1,1,5,5,5,0,3%,2.3%
Khalil Shakir,Buffalo Bills,4,MIA,Home,1,0,0,0,0,0,4%,0.0%
Khalil Shakir,Buffalo Bills,5,JAX,Home,1,1,11,11,11,0,3%,3.1%
Khalil Shakir,Buffalo Bills,6,NYG,Home,1,1,13,13,13,0,3%,7.7%
Khalil Shakir,Buffalo Bills,7,NE,Away,4,4,35,8.75,13,0,10%,13.2%
Khalil Shakir,Buffalo Bills,8,TB,Home,6,6,92,15.33,30,0,15%,28.4%
Khalil Shakir,Buffalo Bills,9,CIN,Away,4,4,57,14.25,23,0,13%,22.1%
Khalil Shakir,Buffalo Bills,10,DEN,Home,2,1,24,24,24,0,8%,13.6%
Khalil Shakir,Buffalo Bills,11,NYJ,Home,4,3,115,38.33,81,1,14%,41.8%
Khalil Shakir,Buffalo Bills,12,PHI,Away,5,3,47,15.67,31,0,10%,13.9%
Khalil Shakir,Buffalo Bills,14,KC,Away,1,1,12,12,12,0,3%,5.2%
Khalil Shakir,Buffalo Bills,15,DAL,Home,1,0,0,0,0,0,8%,0.0%
Khalil Shakir,Buffalo Bills,16,LAC,Away,3,3,45,15,16,0,14%,19.0%
Khalil Shakir,Buffalo Bills,17,NE,Home,4,4,39,9.75,18,0,14%,23.1%
Khari Blasingame,Chicago Bears,1,GB,Home,1,0,0,0,0,0,3%,0.0%
Khari Blasingame,Chicago Bears,6,MIN,Home,1,1,1,1,1,0,4%,0.7%
Khari Blasingame,Chicago Bears,7,LV,Home,1,1,4,4,4,0,4%,2.5%
Khari Blasingame,Chicago Bears,8,LAC,Away,1,0,0,0,0,0,3%,0.0%
Khari Blasingame,Chicago Bears,14,DET,Home,1,1,-3,-3,-3,0,3%,-1.3%
Khari Blasingame,Chicago Bears,17,ATL,Home,1,0,0,0,0,0,3%,0.0%
Ko Kieft,Tampa Bay Buccaneers,1,MIN,Away,3,0,0,0,0,0,9%,0.0%
Ko Kieft,Tampa Bay Buccaneers,14,ATL,Away,1,0,0,0,0,0,3%,0.0%
Ko Kieft,Tampa Bay Buccaneers,15,GB,Away,1,1,2,2,2,1,4%,0.5%
Kwamie Lassiter,Cincinnati Bengals,5,ARI,Away,1,1,2,2,2,0,2%,0.6%
Kyle Juszczyk,San Francisco 49ers,4,ARI,Home,1,1,4,4,4,0,5%,1.4%
Kyle Juszczyk,San Francisco 49ers,5,DAL,Home,4,4,26,6.5,9,1,16%,10.3%
Kyle Juszczyk,San Francisco 49ers,6,CLE,Away,1,1,9,9,9,0,4%,7.2%
Kyle Juszczyk,San Francisco 49ers,10,JAX,Away,3,2,26,13,22,1,11%,8.6%
Kyle Juszczyk,San Francisco 49ers,12,SEA,Away,1,0,0,0,0,0,3%,0.0%
Kyle Juszczyk,San Francisco 49ers,15,ARI,Away,2,2,26,13,17,0,8%,9.9%
Kyle Juszczyk,San Francisco 49ers,16,BAL,Home,2,1,5,5,5,0,5%,1.5%
Kyle Juszczyk,San Francisco 49ers,17,WAS,Away,3,3,23,7.67,9,0,11%,10.0%
Kyle Philips,Tennessee Titans,5,IND,Away,1,0,0,0,0,0,3%,0.0%
Kyle Philips,Tennessee Titans,6,BAL,Home,2,1,6,6,6,0,10%,4.0%
Kyle Philips,Tennessee Titans,8,ATL,Home,3,3,24,8,10,0,11%,10.1%
Kyle Philips,Tennessee Titans,9,PIT,Away,5,4,68,17,24,0,14%,26.0%
Kyle Philips,Tennessee Titans,10,TB,Away,5,3,61,20.33,29,0,13%,30.7%
Kyle Philips,Tennessee Titans,11,JAX,Away,1,1,10,10,10,0,6%,6.3%
Kyle Philips,Tennessee Titans,12,CAR,Home,2,1,-3,-3,-3,0,7%,-1.6%
Kyle Pitts,Atlanta Falcons,1,CAR,Home,3,2,44,22,34,0,17%,38.3%
Kyle Pitts,Atlanta Falcons,2,GB,Home,5,2,15,7.5,9,0,17%,6.3%
Kyle Pitts,Atlanta Falcons,3,DET,Away,9,5,41,8.2,16,0,24%,20.4%
Kyle Pitts,Atlanta Falcons,4,JAX,Away,4,2,21,10.5,13,0,13%,11.0%
Kyle Pitts,Atlanta Falcons,5,HOU,Home,11,7,87,12.43,20,0,29%,24.8%
Kyle Pitts,Atlanta Falcons,6,WAS,Home,6,4,43,10.75,19,1,14%,14.0%
Kyle Pitts,Atlanta Falcons,7,TB,Away,4,3,47,15.67,39,0,18%,18.8%
Kyle Pitts,Atlanta Falcons,8,TEN,Away,5,3,35,11.67,14,0,15%,14.2%
Kyle Pitts,Atlanta Falcons,9,MIN,Home,5,4,56,14,27,0,15%,20.9%
Kyle Pitts,Atlanta Falcons,10,ARI,Away,5,3,30,10,17,0,28%,31.9%
Kyle Pitts,Atlanta Falcons,12,NO,Home,2,2,22,11,11,0,10%,13.1%
Kyle Pitts,Atlanta Falcons,13,NYJ,Away,8,4,51,12.75,16,0,32%,42.1%
Kyle Pitts,Atlanta Falcons,14,TB,Home,6,3,57,19,36,1,15%,16.4%
Kyle Pitts,Atlanta Falcons,15,CAR,Away,4,3,37,12.33,24,0,21%,24.3%
Kyle Pitts,Atlanta Falcons,16,IND,Home,4,3,49,16.33,24,1,13%,21.4%
Kyle Pitts,Atlanta Falcons,17,CHI,Away,5,1,5,5,5,0,16%,2.8%
Kylen Granson,Indianapolis Colts,1,JAX,Home,6,4,39,9.75,14,0,15%,17.5%
Kylen Granson,Indianapolis Colts,2,HOU,Away,4,3,16,5.33,11,1,13%,7.0%
Kylen Granson,Indianapolis Colts,3,BAL,Away,4,2,9,4.5,7,0,10%,4.0%
Kylen Granson,Indianapolis Colts,4,LAR,Home,5,2,24,12,17,0,21%,12.0%
Kylen Granson,Indianapolis Colts,5,TEN,Home,3,2,15,7.5,9,0,13%,5.9%
Kylen Granson,Indianapolis Colts,6,JAX,Away,4,3,67,22.33,45,0,8%,20.4%
Kylen Granson,Indianapolis Colts,9,CAR,Away,2,0,0,0,0,0,8%,0.0%
Kylen Granson,Indianapolis Colts,10,NE,Away,2,1,5,5,5,0,8%,2.6%
Kylen Granson,Indianapolis Colts,12,TB,Home,1,0,0,0,0,0,3%,0.0%
Kylen Granson,Indianapolis Colts,13,TEN,Away,3,3,72,24,46,0,7%,23.1%
Kylen Granson,Indianapolis Colts,14,CIN,Away,4,2,17,8.5,9,0,11%,7.1%
Kylen Granson,Indianapolis Colts,15,PIT,Home,1,1,6,6,6,0,4%,2.8%
Kylen Granson,Indianapolis Colts,16,ATL,Away,7,5,62,12.4,16,0,20%,30.8%
Kylen Granson,Indianapolis Colts,17,LV,Home,3,1,13,13,13,0,15%,5.8%
Kyren Williams,Los Angeles Rams,1,SEA,Away,2,0,2,0,2,0,5%,0.6%
Kyren Williams,Los Angeles Rams,2,SF,Home,10,6,48,8,15,1,19%,15.6%
Kyren Williams,Los Angeles Rams,3,CIN,Away,7,2,27,13.5,20,0,22%,10.0%
Kyren Williams,Los Angeles Rams,4,IND,Away,3,3,24,8,13,0,8%,7.5%
Kyren Williams,Los Angeles Rams,5,PHI,Home,2,2,4,2,7,0,6%,1.8%
Kyren Williams,Los Angeles Rams,12,ARI,Away,6,6,61,10.17,24,2,19%,26.6%
Kyren Williams,Los Angeles Rams,13,CLE,Home,5,3,24,8,14,0,15%,8.6%
Kyren Williams,Los Angeles Rams,14,BAL,Away,4,3,-1,-0.33,9,0,11%,-0.3%
Kyren Williams,Los Angeles Rams,15,WAS,Home,7,5,3,0.6,7,0,22%,1.2%
Kyren Williams,Los Angeles Rams,17,NYG,Away,2,2,14,7,9,0,6%,4.4%
Lamical Perine,Kansas City Chiefs,9,MIA,Home,1,0,0,0,0,0,4%,0.0%
Latavius Murray,Buffalo Bills,1,NYJ,Away,2,1,9,9,9,0,5%,3.8%
Latavius Murray,Buffalo Bills,2,LV,Home,2,2,9,4.5,8,0,6%,3.3%
Latavius Murray,Buffalo Bills,3,WAS,Away,1,1,6,6,6,0,3%,2.8%
Latavius Murray,Buffalo Bills,4,MIA,Home,2,2,24,12,22,0,8%,7.5%
Latavius Murray,Buffalo Bills,5,JAX,Home,1,1,1,1,1,0,3%,0.3%
Latavius Murray,Buffalo Bills,7,NE,Away,2,2,20,10,17,0,5%,7.5%
Latavius Murray,Buffalo Bills,8,TB,Home,1,1,4,4,4,0,3%,1.2%
Latavius Murray,Buffalo Bills,9,CIN,Away,1,1,6,6,6,0,3%,2.3%
Latavius Murray,Buffalo Bills,10,DEN,Home,3,2,1,0.5,2,0,12%,0.6%
Latavius Murray,Buffalo Bills,12,PHI,Away,5,3,18,6,6,0,10%,5.3%
Latavius Murray,Buffalo Bills,14,KC,Away,1,1,21,21,21,0,3%,9.0%
Latavius Murray,Buffalo Bills,17,NE,Home,1,0,0,0,0,0,4%,0.0%
Laviska Shenault,Carolina Panthers,1,ATL,Away,2,2,16,8,14,0,6%,11.0%
Laviska Shenault,Carolina Panthers,3,SEA,Away,1,1,0,0,0,0,2%,0.0%
Laviska Shenault,Carolina Panthers,4,MIN,Home,1,1,12,12,12,0,3%,5.9%
Laviska Shenault,Carolina Panthers,6,MIA,Away,3,3,15,5,8,0,9%,6.7%
Laviska Shenault,Carolina Panthers,11,DAL,Home,2,2,9,4.5,5,0,8%,7.3%
Laviska Shenault,Carolina Panthers,12,TEN,Away,1,1,8,8,8,0,4%,4.1%
Lawrence Cager,New York Giants,1,DAL,Home,2,2,17,8.5,9,0,7%,15.5%
Lawrence Cager,New York Giants,10,DAL,Away,2,1,10,10,10,1,8%,11.6%
Lawrence Cager,New York Giants,15,NO,Away,1,1,9,9,9,0,3%,4.7%
Lil'Jordan Humphrey,Denver Broncos,1,LV,Home,2,2,11,5.5,6,1,6%,6.2%
Lil'Jordan Humphrey,Denver Broncos,2,WAS,Home,2,1,4,4,4,0,7%,1.3%
Lil'Jordan Humphrey,Denver Broncos,4,CHI,Away,1,1,11,11,11,0,4%,4.9%
Lil'Jordan Humphrey,Denver Broncos,10,BUF,Away,1,1,14,14,14,0,3%,7.3%
Lil'Jordan Humphrey,Denver Broncos,11,MIN,Home,1,0,0,0,0,0,3%,0.0%
Lil'Jordan Humphrey,Denver Broncos,12,CLE,Home,1,1,13,13,13,0,5%,9.7%
Lil'Jordan Humphrey,Denver Broncos,13,HOU,Away,1,1,12,12,12,0,4%,6.5%
Lil'Jordan Humphrey,Denver Broncos,14,LAC,Away,1,1,12,12,12,0,3%,5.4%
Lil'Jordan Humphrey,Denver Broncos,15,DET,Away,4,3,16,5.33,8,1,13%,7.2%
Lil'Jordan Humphrey,Denver Broncos,17,LAC,Home,4,2,69,34.5,54,1,13%,30.8%
Logan Thomas,Washington Commanders,1,ARI,Home,8,4,43,10.75,19,0,28%,21.3%
Logan Thomas,Washington Commanders,2,DEN,Away,3,2,22,11,18,1,9%,7.4%
Logan Thomas,Washington Commanders,4,PHI,Away,3,3,41,13.67,27,0,8%,14.1%
Logan Thomas,Washington Commanders,5,CHI,Home,11,9,77,8.56,24,1,23%,19.8%
Logan Thomas,Washington Commanders,6,ATL,Away,1,1,2,2,2,0,5%,1.3%
Logan Thomas,Washington Commanders,7,NYG,Away,6,4,51,12.75,15,0,17%,20.5%
Logan Thomas,Washington Commanders,8,PHI,Home,8,6,44,7.33,16,1,16%,11.1%
Logan Thomas,Washington Commanders,9,NE,Away,6,4,31,7.75,11,0,14%,9.5%
Logan Thomas,Washington Commanders,10,SEA,Away,5,5,40,8,17,0,12%,12.8%
Logan Thomas,Washington Commanders,11,NYG,Home,8,5,58,11.6,29,0,19%,22.7%
Logan Thomas,Washington Commanders,12,DAL,Away,4,2,15,7.5,13,0,9%,5.0%
Logan Thomas,Washington Commanders,13,MIA,Home,1,0,0,0,0,0,5%,0.0%
Logan Thomas,Washington Commanders,15,LAR,Away,3,1,7,7,7,0,9%,3.1%
Logan Thomas,Washington Commanders,16,NYJ,Away,6,5,36,7.2,15,1,19%,23.1%
Logan Thomas,Washington Commanders,17,SF,Home,4,3,20,6.67,8,0,15%,11.8%
Lucas Krull,Denver Broncos,10,BUF,Away,1,0,0,0,0,0,3%,0.0%
Lucas Krull,Denver Broncos,13,HOU,Away,1,0,0,0,0,0,4%,0.0%
Lucas Krull,Denver Broncos,14,LAC,Away,1,1,35,35,35,0,3%,15.6%
Lucas Krull,Denver Broncos,15,DET,Away,3,1,18,18,18,0,9%,8.1%
Lucas Krull,Denver Broncos,16,NE,Home,5,4,28,7,9,1,14%,11.8%
Lucas Krull,Denver Broncos,17,LAC,Home,2,2,14,7,11,0,7%,6.3%
Luke Farrell,Jacksonville Jaguars,3,HOU,Home,1,1,4,4,4,0,3%,1.4%
Luke Farrell,Jacksonville Jaguars,4,ATL,Home,2,2,10,5,7,0,7%,4.8%
Luke Farrell,Jacksonville Jaguars,5,BUF,Away,1,1,16,16,16,0,3%,5.1%
Luke Farrell,Jacksonville Jaguars,8,PIT,Away,1,1,5,5,5,0,3%,1.7%
Luke Farrell,Jacksonville Jaguars,11,TEN,Home,2,2,21,10.5,14,0,6%,8.0%
Luke Farrell,Jacksonville Jaguars,12,HOU,Away,5,3,55,18.33,42,0,14%,15.1%
Luke Farrell,Jacksonville Jaguars,13,CIN,Home,1,1,9,9,9,0,3%,2.8%
Luke Farrell,Jacksonville Jaguars,15,BAL,Home,1,1,28,28,28,0,2%,10.6%
Luke Farrell,Jacksonville Jaguars,17,CAR,Home,1,1,7,7,7,0,4%,3.9%
Luke Musgrave,Green Bay Packers,1,CHI,Away,4,3,50,16.67,37,0,15%,20.4%
Luke Musgrave,Green Bay Packers,2,ATL,Away,3,2,25,12.5,17,0,12%,16.6%
Luke Musgrave,Green Bay Packers,3,NO,Home,8,6,49,8.17,12,0,19%,18.9%
Luke Musgrave,Green Bay Packers,4,DET,Home,1,1,1,1,1,0,3%,0.4%
Luke Musgrave,Green Bay Packers,5,LV,Away,7,6,34,5.67,8,0,24%,18.7%
Luke Musgrave,Green Bay Packers,7,DEN,Away,5,4,30,7.5,18,0,16%,15.5%
Luke Musgrave,Green Bay Packers,8,MIN,Home,3,2,9,4.5,7,0,8%,3.9%
Luke Musgrave,Green Bay Packers,9,LAR,Home,4,3,51,17,25,1,16%,22.4%
Luke Musgrave,Green Bay Packers,10,PIT,Away,4,2,64,32,36,0,11%,22.1%
Luke Musgrave,Green Bay Packers,11,LAC,Home,6,4,28,7,11,0,16%,8.7%
Luke Schoonmaker,Dallas Cowboys,2,NYJ,Home,1,1,1,1,1,1,3%,0.4%
Luke Schoonmaker,Dallas Cowboys,3,ARI,Away,1,0,0,0,0,0,3%,0.0%
Luke Schoonmaker,Dallas Cowboys,4,NE,Home,3,0,0,0,0,0,8%,0.0%
Luke Schoonmaker,Dallas Cowboys,5,SF,Away,1,0,0,0,0,0,4%,0.0%
Luke Schoonmaker,Dallas Cowboys,8,LAR,Home,1,1,13,13,13,0,3%,4.2%
Luke Schoonmaker,Dallas Cowboys,9,PHI,Away,1,1,0,0,0,0,2%,0.0%
Luke Schoonmaker,Dallas Cowboys,10,NYG,Home,1,0,0,0,0,0,2%,0.0%
Luke Schoonmaker,Dallas Cowboys,11,CAR,Away,2,2,23,11.5,18,1,5%,11.3%
Luke Schoonmaker,Dallas Cowboys,12,WAS,Home,2,1,12,12,12,0,6%,3.6%
Luke Schoonmaker,Dallas Cowboys,13,SEA,Home,1,1,12,12,12,0,3%,4.0%
Luke Schoonmaker,Dallas Cowboys,16,MIA,Away,1,1,4,4,4,0,3%,1.6%
Lynn Bowden,New Orleans Saints,4,TB,Home,1,0,0,0,0,0,3%,0.0%
Lynn Bowden,New Orleans Saints,10,MIN,Away,1,1,12,12,12,0,3%,5.2%
Lynn Bowden,New Orleans Saints,12,ATL,Away,2,0,0,0,0,0,5%,0.0%
Lynn Bowden,New Orleans Saints,13,DET,Home,1,1,5,5,5,0,3%,1.9%
Lynn Bowden,New Orleans Saints,14,CAR,Home,4,4,24,6,15,0,18%,20.2%
Lynn Bowden,New Orleans Saints,15,NYG,Home,5,3,31,10.33,17,0,18%,14.2%
Lynn Bowden,New Orleans Saints,17,TB,Away,1,1,6,6,6,0,3%,2.9%
Mack Hollins,Atlanta Falcons,1,CAR,Home,4,3,31,10.33,11,0,22%,27.0%
Mack Hollins,Atlanta Falcons,2,GB,Home,6,3,60,20,45,0,21%,25.3%
Mack Hollins,Atlanta Falcons,3,DET,Away,4,1,23,23,23,0,11%,11.4%
Mack Hollins,Atlanta Falcons,4,JAX,Away,3,0,0,0,0,0,10%,0.0%
Mack Hollins,Atlanta Falcons,5,HOU,Home,2,2,29,14.5,19,0,5%,8.3%
Mack Hollins,Atlanta Falcons,6,WAS,Home,4,3,41,13.67,18,0,9%,13.4%
Mack Hollins,Atlanta Falcons,8,TEN,Away,3,2,27,13.5,20,0,9%,11.0%
Mack Hollins,Atlanta Falcons,9,MIN,Home,3,3,36,12,18,0,9%,13.4%
Mack Hollins,Atlanta Falcons,14,TB,Home,1,1,4,4,4,0,3%,1.2%
Malcolm Rodriguez,Detroit Lions,12,GB,Home,1,1,6,6,6,0,2%,1.8%
Malik Heath,Green Bay Packers,1,CHI,Away,1,0,0,0,0,0,4%,0.0%
Malik Heath,Green Bay Packers,2,ATL,Away,1,0,0,0,0,0,4%,0.0%
Malik Heath,Green Bay Packers,3,NO,Home,2,0,0,0,0,0,5%,0.0%
Malik Heath,Green Bay Packers,9,LAR,Home,1,0,0,0,0,0,4%,0.0%
Malik Heath,Green Bay Packers,11,LAC,Home,1,1,7,7,7,0,3%,2.2%
Malik Heath,Green Bay Packers,12,DET,Away,4,4,46,11.5,16,0,13%,17.2%
Malik Heath,Green Bay Packers,13,KC,Home,2,1,15,15,15,0,6%,5.6%
Malik Heath,Green Bay Packers,14,NYG,Away,2,1,6,6,6,1,5%,2.8%
Malik Heath,Green Bay Packers,15,TB,Home,3,3,29,9.67,15,0,8%,10.2%
Malik Heath,Green Bay Packers,16,CAR,Away,1,1,0,0,0,0,4%,0.0%
Malik Heath,Green Bay Packers,17,MIN,Away,2,1,13,13,13,0,6%,4.4%
Malik Taylor,New York Jets,9,LAC,Home,2,1,7,7,7,0,4%,2.7%
Malik Taylor,New York Jets,10,LV,Away,2,1,6,6,6,0,5%,2.3%
Marcedes Lewis,Chicago Bears,4,DEN,Home,1,1,8,8,8,0,3%,2.4%
Marcedes Lewis,Chicago Bears,7,LV,Home,1,1,16,16,16,0,4%,9.9%
Marcedes Lewis,Chicago Bears,11,DET,Away,1,0,0,0,0,0,5%,0.0%
Marcedes Lewis,Chicago Bears,14,DET,Home,1,1,4,4,4,0,3%,1.8%
Marcedes Lewis,Chicago Bears,16,ARI,Home,1,1,1,1,1,1,4%,0.6%
Mark Andrews,Baltimore Ravens,2,CIN,Away,8,5,45,9,20,1,24%,19.0%
Mark Andrews,Baltimore Ravens,3,IND,Home,5,4,35,8.75,20,0,17%,17.3%
Mark Andrews,Baltimore Ravens,4,CLE,Away,5,5,80,16,36,2,28%,43.0%
Mark Andrews,Baltimore Ravens,5,PIT,Away,10,6,65,10.83,16,0,26%,27.5%
Mark Andrews,Baltimore Ravens,6,TEN,Away,6,4,69,17.25,38,0,21%,30.9%
Mark Andrews,Baltimore Ravens,7,DET,Home,6,4,63,15.75,22,2,21%,17.6%
Mark Andrews,Baltimore Ravens,8,ARI,Away,5,4,40,10,13,1,19%,25.5%
Mark Andrews,Baltimore Ravens,9,SEA,Home,10,9,80,8.89,16,0,31%,35.6%
Mark Andrews,Baltimore Ravens,10,CLE,Home,4,2,44,22,36,0,17%,19.7%
Mark Andrews,Baltimore Ravens,11,CIN,Home,2,2,23,11.5,14,0,9%,8.7%
Marquez Valdes-Scantling,Kansas City Chiefs,1,DET,Home,2,2,48,24,34,0,5%,21.2%
Marquez Valdes-Scantling,Kansas City Chiefs,2,JAX,Away,3,2,13,6.5,8,0,8%,4.3%
Marquez Valdes-Scantling,Kansas City Chiefs,3,CHI,Home,2,1,37,37,37,0,5%,12.2%
Marquez Valdes-Scantling,Kansas City Chiefs,4,NYJ,Away,2,1,6,6,6,0,7%,3.0%
Marquez Valdes-Scantling,Kansas City Chiefs,5,MIN,Away,2,1,12,12,12,0,5%,4.3%
Marquez Valdes-Scantling,Kansas City Chiefs,6,DEN,Home,1,0,0,0,0,0,3%,0.0%
Marquez Valdes-Scantling,Kansas City Chiefs,7,LAC,Home,5,3,84,28,46,1,13%,19.8%
Marquez Valdes-Scantling,Kansas City Chiefs,8,DEN,Away,4,2,27,13.5,14,0,11%,11.2%
Marquez Valdes-Scantling,Kansas City Chiefs,9,MIA,Home,3,2,22,11,21,0,11%,11.9%
Marquez Valdes-Scantling,Kansas City Chiefs,11,PHI,Home,3,0,0,0,0,0,8%,0.0%
Marquez Valdes-Scantling,Kansas City Chiefs,12,LV,Away,1,1,-1,-1,-1,0,3%,-0.3%
Marquez Valdes-Scantling,Kansas City Chiefs,13,GB,Away,5,2,25,12.5,16,0,17%,11.9%
Marquez Valdes-Scantling,Kansas City Chiefs,14,BUF,Home,4,2,22,11,15,0,10%,8.1%
Marquez Valdes-Scantling,Kansas City Chiefs,15,NE,Away,1,1,17,17,17,0,3%,5.5%
Marquez Valdes-Scantling,Kansas City Chiefs,16,LV,Home,1,0,0,0,0,0,2%,0.0%
Marquez Valdes-Scantling,Kansas City Chiefs,17,CIN,Home,3,1,3,3,3,0,11%,1.2%
Marquise Brown,Arizona Cardinals,1,WAS,Away,5,3,28,9.33,11,0,17%,21.2%
Marquise Brown,Arizona Cardinals,2,NYG,Home,10,6,54,9,22,1,34%,23.7%
Marquise Brown,Arizona Cardinals,3,DAL,Home,7,5,61,12.2,23,1,33%,32.3%
Marquise Brown,Arizona Cardinals,4,SF,Away,10,7,96,13.71,41,0,24%,36.2%
Marquise Brown,Arizona Cardinals,5,CIN,Home,10,4,61,15.25,25,1,33%,36.7%
Marquise Brown,Arizona Cardinals,6,LAR,Away,11,4,34,8.5,22,0,29%,14.5%
Marquise Brown,Arizona Cardinals,7,SEA,Away,7,3,49,16.33,21,0,21%,32.7%
Marquise Brown,Arizona Cardinals,8,BAL,Home,9,6,33,5.5,9,1,25%,15.9%
Marquise Brown,Arizona Cardinals,9,CLE,Away,8,4,24,6,14,0,40%,41.4%
Marquise Brown,Arizona Cardinals,10,ATL,Home,4,1,28,28,28,0,13%,11.2%
Marquise Brown,Arizona Cardinals,11,HOU,Away,5,2,18,9,13,0,17%,8.4%
Marquise Brown,Arizona Cardinals,12,LAR,Home,12,6,88,14.67,36,0,27%,34.4%
Marquise Brown,Arizona Cardinals,13,PIT,Away,3,0,0,0,0,0,13%,0.0%
Marquise Goodwin,Cleveland Browns,1,CIN,Home,2,0,0,0,0,0,7%,0.0%
Marquise Goodwin,Cleveland Browns,2,PIT,Away,2,0,0,0,0,0,5%,0.0%
Marquise Goodwin,Cleveland Browns,4,BAL,Home,1,1,0,0,0,0,3%,0.0%
Marquise Goodwin,Cleveland Browns,6,SF,Home,2,1,4,4,4,0,6%,2.1%
Marquise Goodwin,Cleveland Browns,7,IND,Away,2,1,6,6,6,0,6%,3.3%
Marquise Goodwin,Cleveland Browns,9,ARI,Home,2,0,0,0,0,0,7%,0.0%
Marquise Goodwin,Cleveland Browns,15,CHI,Home,1,1,57,57,57,0,2%,15.0%
Marquise Goodwin,Cleveland Browns,16,HOU,Away,1,0,0,0,0,0,2%,0.0%
Marvin Jones,Detroit Lions,1,KC,Away,6,2,8,4,5,0,19%,3.2%
Marvin Jones,Detroit Lions,4,GB,Away,1,0,0,0,0,0,4%,0.0%
Marvin Jones,Detroit Lions,5,CAR,Home,2,2,22,11,16,0,7%,9.3%
Marvin Jones,Detroit Lions,6,TB,Away,1,1,5,5,5,0,2%,1.4%
Marvin Mims,Denver Broncos,1,LV,Home,2,2,9,4.5,5,0,6%,5.1%
Marvin Mims,Denver Broncos,2,WAS,Home,2,2,113,56.5,60,1,7%,36.7%
Marvin Mims,Denver Broncos,3,MIA,Away,5,3,73,24.33,38,0,14%,23.9%
Marvin Mims,Denver Broncos,4,CHI,Away,2,2,47,23.5,48,0,8%,21.1%
Marvin Mims,Denver Broncos,5,NYJ,Home,1,1,4,4,4,0,4%,2.0%
Marvin Mims,Denver Broncos,7,GB,Home,1,0,0,0,0,0,4%,0.0%
Marvin Mims,Denver Broncos,8,KC,Home,1,1,0,0,0,0,6%,0.0%
Marvin Mims,Denver Broncos,10,BUF,Away,1,0,0,0,0,0,3%,0.0%
Marvin Mims,Denver Broncos,11,MIN,Home,3,2,12,6,8,0,9%,4.6%
Marvin Mims,Denver Broncos,12,CLE,Home,3,2,24,12,16,0,14%,17.9%
Marvin Mims,Denver Broncos,13,HOU,Away,2,1,5,5,5,0,8%,2.7%
Marvin Mims,Denver Broncos,14,LAC,Away,3,2,11,5.5,8,0,10%,4.9%
Marvin Mims,Denver Broncos,15,DET,Away,2,0,0,0,0,0,6%,0.0%
Marvin Mims,Denver Broncos,16,NE,Home,4,3,63,21,47,0,11%,26.5%
Mason Kinsey,Tennessee Titans,16,SEA,Home,1,1,6,6,6,0,4%,3.7%
Matt Breida,New York Giants,1,DAL,Home,1,1,-3,-3,-3,0,3%,-2.7%
Matt Breida,New York Giants,3,SF,Away,3,3,1,0.33,8,0,9%,0.7%
Matt Breida,New York Giants,4,SEA,Home,5,5,48,9.6,22,0,16%,23.6%
Matt Breida,New York Giants,5,MIA,Away,1,1,3,3,3,0,3%,1.5%
Matt Breida,New York Giants,6,BUF,Away,1,0,0,0,0,0,3%,0.0%
Matt Breida,New York Giants,7,WAS,Home,1,1,5,5,5,0,4%,1.8%
Matt Breida,New York Giants,8,NYJ,Home,1,1,4,4,4,0,8%,57.1%
Matt Breida,New York Giants,9,LV,Away,2,1,6,6,6,0,7%,3.0%
Matt Breida,New York Giants,11,WAS,Away,1,0,0,0,0,0,4%,0.0%
Matt Breida,New York Giants,12,NE,Home,1,1,10,10,10,0,4%,5.2%
Matt Breida,New York Giants,15,NO,Away,3,2,11,5.5,8,0,9%,5.8%
Matt Breida,New York Giants,16,PHI,Away,1,1,3,3,3,0,4%,1.6%
Matthew Stafford,Los Angeles Rams,8,DAL,Away,0,0,0,0,0,0,0%,0.0%
Mecole Hardman,Kansas City Chiefs,7,LAC,Home,3,1,6,6,6,0,8%,1.4%
Mecole Hardman,Kansas City Chiefs,8,DEN,Away,2,2,13,6.5,12,0,5%,5.4%
Mecole Hardman,Kansas City Chiefs,9,MIA,Home,3,3,10,3.33,10,0,11%,5.4%
Mecole Hardman,Kansas City Chiefs,11,PHI,Home,2,2,12,6,7,0,5%,6.8%
Mecole Hardman,New York Jets,2,DAL,Away,1,1,6,6,6,0,4%,3.5%
Mecole Hardman,New York Jets,6,PHI,Home,2,0,0,0,0,0,6%,0.0%
Melvin Gordon,Baltimore Ravens,3,IND,Home,2,2,23,11.5,12,0,7%,11.4%
Melvin Gordon,Baltimore Ravens,4,CLE,Away,1,1,23,23,23,0,6%,12.4%
Michael Burton,Denver Broncos,1,LV,Home,1,1,3,3,3,0,3%,1.7%
Michael Burton,Denver Broncos,14,LAC,Away,1,1,1,1,1,0,3%,0.4%
Michael Burton,Denver Broncos,16,NE,Home,1,1,4,4,4,0,3%,1.7%
Michael Carter,Arizona Cardinals,12,LAR,Home,4,4,15,3.75,7,0,9%,5.9%
Michael Carter,Arizona Cardinals,15,SF,Home,3,3,10,3.33,8,0,8%,4.7%
Michael Carter,Arizona Cardinals,16,CHI,Away,1,0,0,0,0,0,3%,0.0%
Michael Carter,Arizona Cardinals,17,PHI,Away,1,1,6,6,6,1,3%,2.6%
Michael Carter,New York Jets,1,BUF,Home,2,2,12,6,6,0,11%,8.6%
Michael Carter,New York Jets,2,DAL,Away,2,1,3,3,3,0,8%,1.8%
Michael Carter,New York Jets,3,NE,Home,1,1,3,3,3,0,4%,1.9%
Michael Carter,New York Jets,4,KC,Home,3,2,12,6,10,0,8%,4.9%
Michael Carter,New York Jets,5,DEN,Away,3,3,14,4.67,9,0,12%,7.0%
Michael Carter,New York Jets,6,PHI,Home,1,0,0,0,0,0,3%,0.0%
Michael Carter,New York Jets,8,NYG,Away,1,0,0,0,0,0,3%,0.0%
Michael Carter,New York Jets,9,LAC,Home,6,6,24,4,7,0,13%,9.1%
Michael Carter,New York Jets,10,LV,Away,1,0,0,0,0,0,3%,0.0%
Michael Gallup,Dallas Cowboys,1,NYG,Away,2,1,10,10,10,0,8%,7.0%
Michael Gallup,Dallas Cowboys,2,NYJ,Home,2,1,3,3,3,0,5%,1.2%
Michael Gallup,Dallas Cowboys,3,ARI,Away,7,6,92,15.33,27,0,19%,36.9%
Michael Gallup,Dallas Cowboys,4,NE,Home,6,5,60,12,29,0,17%,21.4%
Michael Gallup,Dallas Cowboys,5,SF,Away,5,2,15,7.5,8,0,19%,9.3%
Michael Gallup,Dallas Cowboys,6,LAC,Away,10,3,24,8,11,0,33%,8.8%
Michael Gallup,Dallas Cowboys,8,LAR,Home,3,2,20,10,14,0,9%,6.5%
Michael Gallup,Dallas Cowboys,9,PHI,Away,3,2,19,9.5,11,0,7%,5.1%
Michael Gallup,Dallas Cowboys,10,NYG,Home,2,2,70,35,41,1,5%,14.8%
Michael Gallup,Dallas Cowboys,11,CAR,Away,5,3,31,10.33,19,0,13%,15.2%
Michael Gallup,Dallas Cowboys,12,WAS,Home,1,1,13,13,13,0,3%,3.9%
Michael Gallup,Dallas Cowboys,13,SEA,Home,1,0,0,0,0,0,3%,0.0%
Michael Gallup,Dallas Cowboys,14,PHI,Home,5,3,48,16,39,1,13%,17.7%
Michael Gallup,Dallas Cowboys,15,BUF,Away,1,1,9,9,9,0,3%,6.7%
Michael Gallup,Dallas Cowboys,16,MIA,Away,2,2,4,2,8,0,6%,1.6%
Michael Mayer,Las Vegas Raiders,2,BUF,Away,1,1,2,2,2,0,4%,1.1%
Michael Mayer,Las Vegas Raiders,3,PIT,Home,1,0,0,0,0,0,2%,0.0%
Michael Mayer,Las Vegas Raiders,5,GB,Home,3,2,39,19.5,20,0,10%,18.8%
Michael Mayer,Las Vegas Raiders,6,NE,Home,6,5,75,15,32,0,19%,28.4%
Michael Mayer,Las Vegas Raiders,7,CHI,Away,4,2,13,6.5,11,0,9%,6.4%
Michael Mayer,Las Vegas Raiders,8,DET,Away,2,1,19,19,19,0,10%,15.1%
Michael Mayer,Las Vegas Raiders,9,NYG,Home,2,2,11,5.5,7,0,8%,5.3%
Michael Mayer,Las Vegas Raiders,10,NYJ,Home,5,3,19,6.33,7,1,20%,12.4%
Michael Mayer,Las Vegas Raiders,11,MIA,Away,5,4,46,11.5,17,0,13%,17.0%
Michael Mayer,Las Vegas Raiders,12,KC,Home,4,2,27,13.5,17,0,13%,10.9%
Michael Mayer,Las Vegas Raiders,14,MIN,Home,2,1,14,14,14,0,7%,8.2%
Michael Mayer,Las Vegas Raiders,15,LAC,Home,5,4,39,9.75,13,1,15%,15.0%
Michael Pittman,Indianapolis Colts,1,JAX,Home,11,8,97,12.12,39,1,28%,43.5%
Michael Pittman,Indianapolis Colts,2,HOU,Away,12,8,56,7,12,0,39%,24.7%
Michael Pittman,Indianapolis Colts,3,BAL,Away,11,9,77,8.56,34,0,26%,33.9%
Michael Pittman,Indianapolis Colts,4,LAR,Home,5,1,15,15,15,0,21%,7.5%
Michael Pittman,Indianapolis Colts,5,TEN,Home,7,5,52,10.4,27,0,29%,20.6%
Michael Pittman,Indianapolis Colts,6,JAX,Away,14,9,109,12.11,40,0,27%,33.1%
Michael Pittman,Indianapolis Colts,7,CLE,Home,5,2,83,41.5,75,1,23%,27.2%
Michael Pittman,Indianapolis Colts,8,NO,Home,13,8,40,5,10,1,34%,18.8%
Michael Pittman,Indianapolis Colts,9,CAR,Away,8,8,64,8,16,0,33%,50.4%
Michael Pittman,Indianapolis Colts,10,NE,Away,12,8,84,10.5,14,0,46%,43.3%
Michael Pittman,Indianapolis Colts,12,TB,Home,13,10,107,10.7,24,0,33%,42.6%
Michael Pittman,Indianapolis Colts,13,TEN,Away,16,11,105,9.55,14,1,39%,33.7%
Michael Pittman,Indianapolis Colts,14,CIN,Away,11,8,95,11.88,31,0,29%,39.6%
Michael Pittman,Indianapolis Colts,15,PIT,Home,5,4,78,19.5,42,0,19%,36.3%
Michael Pittman,Indianapolis Colts,17,LV,Home,7,5,46,9.2,20,0,35%,20.5%
Michael Thomas,New Orleans Saints,1,TEN,Home,8,5,61,12.2,25,0,24%,20.0%
Michael Thomas,New Orleans Saints,2,CAR,Away,9,7,55,7.86,19,0,26%,23.3%
Michael Thomas,New Orleans Saints,3,GB,Away,9,6,50,8.33,18,0,26%,24.5%
Michael Thomas,New Orleans Saints,4,TB,Home,6,4,53,13.25,20,0,16%,37.9%
Michael Thomas,New Orleans Saints,5,NE,Away,7,4,65,16.25,26,0,28%,35.5%
Michael Thomas,New Orleans Saints,6,HOU,Away,8,5,45,9,16,0,17%,12.6%
Michael Thomas,New Orleans Saints,7,JAX,Home,7,3,42,14,17,1,13%,14.0%
Michael Thomas,New Orleans Saints,8,IND,Away,7,4,68,17,31,0,24%,19.2%
Michael Thomas,New Orleans Saints,9,CHI,Home,1,0,0,0,0,0,3%,0.0%
Michael Thomas,New Orleans Saints,10,MIN,Away,2,1,9,9,9,0,5%,3.9%
Michael Wilson,Arizona Cardinals,1,WAS,Away,4,2,19,9.5,15,0,13%,14.4%
Michael Wilson,Arizona Cardinals,2,NYG,Home,3,3,56,18.67,21,0,10%,24.6%
Michael Wilson,Arizona Cardinals,3,DAL,Home,2,2,86,43,69,0,10%,45.5%
Michael Wilson,Arizona Cardinals,4,SF,Away,7,7,76,10.86,33,2,17%,28.7%
Michael Wilson,Arizona Cardinals,5,CIN,Home,2,1,18,18,18,0,7%,10.8%
Michael Wilson,Arizona Cardinals,6,LAR,Away,4,3,62,20.67,26,0,11%,26.4%
Michael Wilson,Arizona Cardinals,7,SEA,Away,5,3,26,8.67,11,0,15%,17.3%
Michael Wilson,Arizona Cardinals,8,BAL,Home,6,4,58,14.5,29,0,17%,27.9%
Michael Wilson,Arizona Cardinals,10,ATL,Home,6,3,34,11.33,16,0,19%,13.7%
Michael Wilson,Arizona Cardinals,15,SF,Home,3,0,0,0,0,0,8%,0.0%
Michael Wilson,Arizona Cardinals,16,CHI,Away,4,0,0,0,0,0,11%,0.0%
Michael Wilson,Arizona Cardinals,17,PHI,Away,6,4,35,8.75,13,1,19%,15.1%
Mike Boone,Houston Texans,1,BAL,Away,4,3,18,6,12,0,9%,7.4%
Mike Boone,Houston Texans,8,CAR,Away,1,1,11,11,11,0,4%,7.9%
Mike Boone,Houston Texans,10,CIN,Away,3,2,6,3,4,0,8%,1.7%
Mike Boone,Houston Texans,11,ARI,Home,1,1,5,5,5,0,3%,1.5%
Mike Evans,Tampa Bay Buccaneers,1,MIN,Away,10,6,66,11,28,1,31%,38.2%
Mike Evans,Tampa Bay Buccaneers,2,CHI,Home,8,6,171,28.5,70,1,25%,53.9%
Mike Evans,Tampa Bay Buccaneers,3,PHI,Home,10,5,60,12,24,1,40%,41.1%
Mike Evans,Tampa Bay Buccaneers,4,NO,Away,3,3,40,13.33,18,0,10%,16.3%
Mike Evans,Tampa Bay Buccaneers,6,DET,Home,10,4,49,12.25,18,0,27%,23.8%
Mike Evans,Tampa Bay Buccaneers,7,ATL,Home,8,6,82,13.67,40,1,20%,29.8%
Mike Evans,Tampa Bay Buccaneers,8,BUF,Away,6,3,39,13,24,1,15%,16.5%
Mike Evans,Tampa Bay Buccaneers,9,HOU,Away,5,4,87,21.75,53,0,17%,32.8%
Mike Evans,Tampa Bay Buccaneers,10,TEN,Home,10,6,143,23.83,43,1,34%,51.4%
Mike Evans,Tampa Bay Buccaneers,11,SF,Away,12,5,43,8.6,13,1,28%,17.5%
Mike Evans,Tampa Bay Buccaneers,12,IND,Away,9,6,70,11.67,23,2,30%,35.2%
Mike Evans,Tampa Bay Buccaneers,13,CAR,Home,12,7,162,23.14,75,1,44%,80.2%
Mike Evans,Tampa Bay Buccaneers,14,ATL,Away,6,1,8,8,8,0,21%,5.6%
Mike Evans,Tampa Bay Buccaneers,15,GB,Away,6,4,57,14.25,19,1,22%,15.0%
Mike Evans,Tampa Bay Buccaneers,16,JAX,Home,8,7,86,12.29,22,2,23%,30.4%
Mike Evans,Tampa Bay Buccaneers,17,NO,Home,4,3,70,23.33,35,0,12%,22.7%
Mike Gesicki,New England Patriots,1,PHI,Home,3,3,36,12,17,0,6%,11.4%
Mike Gesicki,New England Patriots,2,MIA,Home,6,5,33,6.6,14,0,14%,14.3%
Mike Gesicki,New England Patriots,3,NYJ,Away,1,1,18,18,18,0,4%,9.0%
Mike Gesicki,New England Patriots,4,DAL,Away,3,1,12,12,12,0,10%,5.8%
Mike Gesicki,New England Patriots,5,NO,Home,4,2,17,8.5,9,0,13%,12.9%
Mike Gesicki,New England Patriots,6,LV,Away,3,3,28,9.33,15,0,10%,14.0%
Mike Gesicki,New England Patriots,7,BUF,Home,2,2,5,2.5,4,1,7%,1.8%
Mike Gesicki,New England Patriots,8,MIA,Away,3,2,11,5.5,6,0,11%,6.8%
Mike Gesicki,New England Patriots,9,WAS,Home,1,0,0,0,0,0,2%,0.0%
Mike Gesicki,New England Patriots,10,IND,Home,3,2,22,11,11,0,12%,11.3%
Mike Gesicki,New England Patriots,12,NYG,Away,2,0,0,0,0,0,6%,0.0%
Mike Gesicki,New England Patriots,15,KC,Home,2,1,7,7,7,0,6%,3.9%
Mike Gesicki,New England Patriots,16,DEN,Away,2,2,15,7.5,11,1,6%,5.9%
Mike Gesicki,New England Patriots,17,BUF,Away,6,4,35,8.75,14,0,25%,16.7%
Mike Strachan,Carolina Panthers,10,CHI,Away,2,1,45,45,45,0,6%,24.3%
Mike Strachan,Carolina Panthers,13,TB,Away,1,0,0,0,0,0,4%,0.0%
Mike Williams,Los Angeles Chargers,1,MIA,Home,5,4,45,11.25,24,0,16%,19.7%
Mike Williams,Los Angeles Chargers,2,TEN,Away,13,8,83,10.38,20,0,33%,27.2%
Mike Williams,Los Angeles Chargers,3,MIN,Away,8,7,121,17.29,49,1,17%,26.7%
Miles Boykin,Pittsburgh Steelers,2,CLE,Home,1,1,5,5,5,0,3%,2.3%
Miles Boykin,Pittsburgh Steelers,5,BAL,Home,1,0,0,0,0,0,3%,0.0%
Miles Boykin,Pittsburgh Steelers,9,TEN,Home,1,1,6,6,6,0,3%,3.8%
Miles Boykin,Pittsburgh Steelers,16,CIN,Home,1,1,6,6,6,0,4%,2.1%
Miles Sanders,Carolina Panthers,1,ATL,Away,6,4,26,6.5,11,0,19%,17.8%
Miles Sanders,Carolina Panthers,2,NO,Home,5,3,4,1.33,7,0,16%,2.6%
Miles Sanders,Carolina Panthers,3,SEA,Away,9,5,38,7.6,14,0,16%,10.5%
Miles Sanders,Carolina Panthers,4,MIN,Home,3,3,13,4.33,8,0,10%,6.4%
Miles Sanders,Carolina Panthers,5,DET,Away,1,0,0,0,0,0,3%,0.0%
Miles Sanders,Carolina Panthers,9,IND,Home,5,3,22,7.33,11,0,14%,12.7%
Miles Sanders,Carolina Panthers,10,CHI,Away,2,2,15,7.5,13,0,6%,8.1%
Miles Sanders,Carolina Panthers,11,DAL,Home,1,1,2,2,2,0,4%,1.6%
Miles Sanders,Carolina Panthers,12,TEN,Away,1,0,0,0,0,0,4%,0.0%
Miles Sanders,Carolina Panthers,13,TB,Away,2,1,6,6,6,0,8%,3.4%
Miles Sanders,Carolina Panthers,15,ATL,Home,2,2,11,5.5,7,0,9%,6.6%
Miles Sanders,Carolina Panthers,16,GB,Home,2,1,5,5,5,0,6%,1.6%
Miles Sanders,Carolina Panthers,17,JAX,Away,2,2,12,6,7,0,6%,10.7%
Mitchell Wilcox,Cincinnati Bengals,3,LAR,Home,3,2,10,5,7,0,7%,3.9%
Mitchell Wilcox,Cincinnati Bengals,4,TEN,Away,1,1,7,7,7,0,4%,4.2%
Mitchell Wilcox,Cincinnati Bengals,10,HOU,Home,1,0,0,0,0,0,3%,0.0%
Mitchell Wilcox,Cincinnati Bengals,12,PIT,Home,1,1,1,1,1,0,4%,0.4%
Mitchell Wilcox,Cincinnati Bengals,13,JAX,Away,1,1,12,12,12,0,3%,3.5%
Mitchell Wilcox,Cincinnati Bengals,14,IND,Home,1,1,0,0,0,0,4%,0.0%
Mitchell Wilcox,Cincinnati Bengals,15,MIN,Home,2,2,20,10,10,0,5%,6.2%
Mitchell Wilcox,Cincinnati Bengals,16,PIT,Away,1,1,6,6,6,0,3%,1.8%
Mitchell Wilcox,Cincinnati Bengals,17,KC,Away,1,0,0,0,0,0,3%,0.0%
Mo Alie-Cox,Indianapolis Colts,1,JAX,Home,2,0,0,0,0,0,5%,0.0%
Mo Alie-Cox,Indianapolis Colts,2,HOU,Away,1,1,15,15,15,0,3%,6.6%
Mo Alie-Cox,Indianapolis Colts,4,LAR,Home,1,1,35,35,35,1,4%,17.5%
Mo Alie-Cox,Indianapolis Colts,5,TEN,Home,1,1,17,17,17,0,4%,6.7%
Mo Alie-Cox,Indianapolis Colts,7,CLE,Home,1,1,-6,-6,-6,0,5%,-2.0%
Mo Alie-Cox,Indianapolis Colts,8,NO,Home,2,1,11,11,11,0,5%,5.2%
Mo Alie-Cox,Indianapolis Colts,10,NE,Away,1,0,0,0,0,0,4%,0.0%
Mo Alie-Cox,Indianapolis Colts,12,TB,Home,1,1,30,30,30,0,3%,12.0%
Mo Alie-Cox,Indianapolis Colts,14,CIN,Away,1,1,2,2,2,1,3%,0.8%
Mo Alie-Cox,Indianapolis Colts,15,PIT,Home,3,2,21,10.5,18,1,11%,9.8%
Mo Alie-Cox,Indianapolis Colts,16,ATL,Away,1,0,0,0,0,0,3%,0.0%
Mo Alie-Cox,Indianapolis Colts,17,LV,Home,3,2,18,9,14,0,15%,8.0%
MyCole Pruitt,Atlanta Falcons,3,DET,Away,1,1,10,10,10,0,3%,5.0%
MyCole Pruitt,Atlanta Falcons,4,JAX,Away,1,0,0,0,0,0,3%,0.0%
MyCole Pruitt,Atlanta Falcons,5,HOU,Home,1,1,22,22,22,0,3%,6.3%
MyCole Pruitt,Atlanta Falcons,6,WAS,Home,2,1,9,9,9,0,5%,2.9%
MyCole Pruitt,Atlanta Falcons,8,TEN,Away,2,1,3,3,3,0,6%,1.2%
MyCole Pruitt,Atlanta Falcons,13,NYJ,Away,1,1,20,20,20,1,4%,16.5%
MyCole Pruitt,Atlanta Falcons,14,TB,Home,2,2,15,7.5,11,0,5%,4.3%
MyCole Pruitt,Atlanta Falcons,17,CHI,Away,1,1,14,14,14,0,3%,7.8%
Najee Harris,Pittsburgh Steelers,1,SF,Home,2,2,2,1,4,0,4%,0.9%
Najee Harris,Pittsburgh Steelers,2,CLE,Home,3,1,0,0,0,0,10%,0.0%
Najee Harris,Pittsburgh Steelers,3,LV,Away,1,0,0,0,0,0,4%,0.0%
Najee Harris,Pittsburgh Steelers,4,HOU,Away,2,1,32,32,32,0,7%,24.2%
Najee Harris,Pittsburgh Steelers,5,BAL,Home,1,1,3,3,3,0,3%,1.3%
Najee Harris,Pittsburgh Steelers,7,LAR,Away,3,3,15,5,8,0,13%,6.5%
Najee Harris,Pittsburgh Steelers,8,JAX,Home,5,5,42,8.4,13,0,13%,19.9%
Najee Harris,Pittsburgh Steelers,9,TEN,Home,4,2,7,3.5,4,0,14%,4.4%
Najee Harris,Pittsburgh Steelers,10,GB,Home,4,3,14,4.67,8,0,18%,11.1%
Najee Harris,Pittsburgh Steelers,11,CLE,Away,2,1,1,1,1,0,8%,0.9%
Najee Harris,Pittsburgh Steelers,13,ARI,Home,3,2,14,7,10,0,11%,7.5%
Najee Harris,Pittsburgh Steelers,14,NE,Home,3,3,19,6.33,14,0,9%,10.0%
Nate Adkins,Denver Broncos,3,MIA,Away,1,1,11,11,11,0,3%,3.6%
Nate Adkins,Denver Broncos,4,CHI,Away,2,2,8,4,6,0,8%,3.6%
Nate Adkins,Denver Broncos,5,NYJ,Home,1,0,0,0,0,0,4%,0.0%
Nate Adkins,Denver Broncos,7,GB,Home,1,1,3,3,3,0,4%,1.5%
Nathaniel Dell,Houston Texans,1,BAL,Away,4,3,34,11.33,13,0,9%,14.0%
Nathaniel Dell,Houston Texans,2,IND,Home,10,7,72,10.29,23,1,23%,18.8%
Nathaniel Dell,Houston Texans,3,JAX,Away,7,5,145,29,68,1,24%,51.8%
Nathaniel Dell,Houston Texans,4,PIT,Home,3,1,16,16,16,0,11%,5.1%
Nathaniel Dell,Houston Texans,5,ATL,Away,4,3,57,19,29,0,13%,22.9%
Nathaniel Dell,Houston Texans,8,CAR,Away,4,3,16,5.33,9,0,17%,11.4%
Nathaniel Dell,Houston Texans,9,TB,Home,11,6,114,19,29,2,29%,24.3%
Nathaniel Dell,Houston Texans,10,CIN,Away,14,6,56,9.33,17,1,36%,15.7%
Nathaniel Dell,Houston Texans,11,ARI,Home,10,8,149,18.62,40,1,26%,44.1%
Nathaniel Dell,Houston Texans,12,JAX,Home,8,5,50,10,17,1,22%,16.4%
Nelson Agholor,Baltimore Ravens,2,CIN,Away,6,5,63,12.6,17,1,18%,26.6%
Nelson Agholor,Baltimore Ravens,3,IND,Home,4,4,39,9.75,18,0,13%,19.3%
Nelson Agholor,Baltimore Ravens,4,CLE,Away,2,1,4,4,4,0,11%,2.2%
Nelson Agholor,Baltimore Ravens,5,PIT,Away,5,4,64,16,30,0,13%,27.1%
Nelson Agholor,Baltimore Ravens,6,TEN,Away,3,2,40,20,21,0,10%,17.9%
Nelson Agholor,Baltimore Ravens,7,DET,Home,1,1,12,12,12,1,4%,3.4%
Nelson Agholor,Baltimore Ravens,8,ARI,Away,1,0,0,0,0,0,4%,0.0%
Nelson Agholor,Baltimore Ravens,9,SEA,Home,1,1,2,2,2,0,3%,0.9%
Nelson Agholor,Baltimore Ravens,10,CLE,Home,2,0,0,0,0,0,9%,0.0%
Nelson Agholor,Baltimore Ravens,11,CIN,Home,1,1,37,37,37,1,4%,14.0%
Nelson Agholor,Baltimore Ravens,12,LAC,Away,2,1,21,21,21,0,7%,11.9%
Nelson Agholor,Baltimore Ravens,14,LAR,Home,5,5,32,6.4,12,0,13%,10.1%
Nelson Agholor,Baltimore Ravens,15,JAX,Away,1,0,0,0,0,0,4%,0.0%
Nelson Agholor,Baltimore Ravens,16,SF,Away,4,3,10,3.33,6,1,12%,4.0%
Nelson Agholor,Baltimore Ravens,17,MIA,Home,2,2,18,9,14,0,9%,5.3%
Nick Bawden,New York Jets,9,LAC,Home,1,1,7,7,7,0,2%,2.7%
Nick Bawden,New York Jets,12,MIA,Home,1,1,6,6,6,0,3%,3.4%
Nick Bawden,New York Jets,17,CLE,Away,1,1,8,8,8,0,2%,3.1%
Nick Chubb,Cleveland Browns,1,CIN,Home,4,4,21,5.25,10,0,14%,13.6%
Nick Westbrook,Tennessee Titans,1,NO,Away,7,4,58,14.5,24,0,21%,29.3%
Nick Westbrook,Tennessee Titans,2,LAC,Home,3,3,25,8.33,14,1,13%,10.2%
Nick Westbrook,Tennessee Titans,4,CIN,Home,6,5,51,10.2,22,1,23%,21.1%
Nick Westbrook,Tennessee Titans,5,IND,Away,3,1,9,9,9,0,9%,3.4%
Nick Westbrook,Tennessee Titans,6,BAL,Home,4,3,25,8.33,10,0,20%,16.7%
Nick Westbrook,Tennessee Titans,8,ATL,Home,2,1,33,33,33,1,7%,13.9%
Nick Westbrook,Tennessee Titans,9,PIT,Away,1,1,23,23,23,0,3%,8.8%
Nick Westbrook,Tennessee Titans,10,TB,Away,4,1,9,9,9,0,11%,4.5%
Nick Westbrook,Tennessee Titans,11,JAX,Away,1,1,7,7,7,0,6%,4.4%
Nick Westbrook,Tennessee Titans,12,CAR,Home,5,4,41,10.25,18,0,19%,22.2%
Nick Westbrook,Tennessee Titans,13,IND,Home,3,1,28,28,28,0,9%,12.5%
Nick Westbrook,Tennessee Titans,14,MIA,Away,4,2,28,14,23,0,11%,8.6%
Nick Westbrook,Tennessee Titans,15,HOU,Home,2,1,33,33,33,0,8%,16.6%
Nico Collins,Houston Texans,1,BAL,Away,11,6,80,13.33,26,0,26%,33.1%
Nico Collins,Houston Texans,2,IND,Home,9,7,146,20.86,32,1,21%,38.0%
Nico Collins,Houston Texans,3,JAX,Away,3,2,34,17,29,0,10%,12.1%
Nico Collins,Houston Texans,4,PIT,Home,9,7,168,24,52,2,33%,53.8%
Nico Collins,Houston Texans,5,ATL,Away,4,3,39,13,25,0,13%,15.7%
Nico Collins,Houston Texans,6,NO,Home,6,4,80,20,28,0,25%,40.2%
Nico Collins,Houston Texans,8,CAR,Away,6,4,30,7.5,15,0,25%,21.4%
Nico Collins,Houston Texans,9,TB,Home,5,3,54,18,23,1,13%,11.5%
Nico Collins,Houston Texans,11,ARI,Home,11,7,65,9.29,23,0,29%,19.2%
Nico Collins,Houston Texans,12,JAX,Home,9,7,104,14.86,24,1,25%,34.2%
Nico Collins,Houston Texans,13,DEN,Home,12,9,191,21.22,59,1,46%,65.4%
Nico Collins,Houston Texans,14,NYJ,Away,1,1,13,13,13,0,4%,13.7%
Nico Collins,Houston Texans,16,CLE,Home,6,4,18,4.5,7,1,13%,8.5%
Nico Collins,Houston Texans,17,TEN,Home,8,7,80,11.43,21,0,26%,37.6%
Noah Brown,Houston Texans,1,BAL,Away,4,3,20,6.67,7,0,9%,8.3%
Noah Brown,Houston Texans,6,NO,Home,5,2,37,18.5,34,0,21%,18.6%
Noah Brown,Houston Texans,8,CAR,Away,5,3,57,19,31,0,21%,40.7%
Noah Brown,Houston Texans,9,TB,Home,6,6,153,25.5,75,1,16%,32.6%
Noah Brown,Houston Texans,10,CIN,Away,8,7,172,24.57,34,0,21%,48.3%
Noah Brown,Houston Texans,13,DEN,Home,2,0,0,0,0,0,8%,0.0%
Noah Brown,Houston Texans,14,NYJ,Away,5,0,0,0,0,0,19%,0.0%
Noah Brown,Houston Texans,15,TEN,Away,11,8,82,10.25,22,1,32%,35.8%
Noah Brown,Houston Texans,16,CLE,Home,7,3,38,12.67,16,0,15%,18.0%
Noah Brown,Houston Texans,17,TEN,Home,2,1,8,8,8,0,6%,3.8%
Noah Fant,Seattle Seahawks,2,DET,Away,4,4,56,14,31,0,11%,17.1%
Noah Fant,Seattle Seahawks,3,CAR,Home,5,4,41,10.25,13,0,14%,13.9%
Noah Fant,Seattle Seahawks,4,NYG,Away,2,2,63,31.5,51,0,8%,36.4%
Noah Fant,Seattle Seahawks,6,CIN,Away,1,1,9,9,9,0,3%,2.8%
Noah Fant,Seattle Seahawks,7,ARI,Home,1,1,25,25,25,0,4%,11.4%
Noah Fant,Seattle Seahawks,8,CLE,Home,3,2,32,16,27,0,8%,12.6%
Noah Fant,Seattle Seahawks,9,BAL,Away,1,0,0,0,0,0,4%,0.0%
Noah Fant,Seattle Seahawks,10,WAS,Home,3,2,6,3,8,0,7%,1.6%
Noah Fant,Seattle Seahawks,11,LAR,Away,2,1,4,4,4,0,5%,1.7%
Noah Fant,Seattle Seahawks,12,SF,Home,2,2,25,12.5,16,0,7%,13.9%
Noah Fant,Seattle Seahawks,13,DAL,Away,4,3,43,14.33,25,0,11%,12.9%
Noah Fant,Seattle Seahawks,14,SF,Away,4,2,35,17.5,26,0,13%,13.0%
Noah Fant,Seattle Seahawks,15,PHI,Home,5,3,16,5.33,6,0,16%,7.7%
Noah Fant,Seattle Seahawks,17,PIT,Home,6,5,59,11.8,21,0,18%,20.3%
Noah Gray,Kansas City Chiefs,1,DET,Home,5,3,31,10.33,24,0,14%,13.7%
Noah Gray,Kansas City Chiefs,2,JAX,Away,3,3,38,12.67,16,0,8%,12.5%
Noah Gray,Kansas City Chiefs,3,CHI,Home,2,1,9,9,9,0,5%,3.0%
Noah Gray,Kansas City Chiefs,4,NYJ,Away,3,1,34,34,34,1,10%,16.7%
Noah Gray,Kansas City Chiefs,5,MIN,Away,2,2,21,10.5,12,0,5%,7.5%
Noah Gray,Kansas City Chiefs,6,DEN,Home,2,2,14,7,7,0,5%,4.6%
Noah Gray,Kansas City Chiefs,7,LAC,Home,1,1,8,8,8,0,3%,1.9%
Noah Gray,Kansas City Chiefs,8,DEN,Away,3,2,25,12.5,17,0,8%,10.4%
Noah Gray,Kansas City Chiefs,9,MIA,Home,3,3,34,11.33,25,0,11%,18.4%
Noah Gray,Kansas City Chiefs,11,PHI,Home,1,0,0,0,0,0,3%,0.0%
Noah Gray,Kansas City Chiefs,12,LV,Away,3,3,30,10,13,0,9%,10.1%
Noah Gray,Kansas City Chiefs,13,GB,Away,1,1,2,2,2,1,3%,1.0%
Noah Gray,Kansas City Chiefs,15,NE,Away,2,2,37,18.5,32,0,6%,12.0%
Noah Gray,Kansas City Chiefs,16,LV,Home,3,1,5,5,5,0,7%,2.0%
Noah Gray,Kansas City Chiefs,17,CIN,Home,4,3,17,5.67,16,0,14%,6.9%
Odell Beckham Jr.,Baltimore Ravens,1,HOU,Home,3,2,37,18.5,29,0,14%,21.9%
Odell Beckham Jr.,Baltimore Ravens,2,CIN,Away,4,3,29,9.67,15,0,12%,12.2%
Odell Beckham Jr.,Baltimore Ravens,5,PIT,Away,4,2,13,6.5,7,0,11%,5.5%
Odell Beckham Jr.,Baltimore Ravens,6,TEN,Away,4,2,34,17,32,0,14%,15.2%
Odell Beckham Jr.,Baltimore Ravens,7,DET,Home,7,5,49,9.8,20,0,25%,13.7%
Odell Beckham Jr.,Baltimore Ravens,8,ARI,Away,4,0,0,0,0,0,15%,0.0%
Odell Beckham Jr.,Baltimore Ravens,9,SEA,Home,7,5,56,11.2,15,1,22%,24.9%
Odell Beckham Jr.,Baltimore Ravens,10,CLE,Home,2,1,40,40,40,1,9%,17.9%
Odell Beckham Jr.,Baltimore Ravens,11,CIN,Home,7,4,116,29,51,0,30%,43.9%
Odell Beckham Jr.,Baltimore Ravens,12,LAC,Away,5,3,34,11.33,14,0,17%,19.2%
Odell Beckham Jr.,Baltimore Ravens,14,LAR,Home,10,4,97,24.25,46,1,25%,30.7%
Odell Beckham Jr.,Baltimore Ravens,15,JAX,Away,3,1,14,14,14,0,13%,8.2%
Odell Beckham Jr.,Baltimore Ravens,16,SF,Away,3,2,13,6.5,8,0,9%,5.2%
Odell Beckham Jr.,Baltimore Ravens,17,MIA,Home,1,1,33,33,33,0,5%,9.7%
Olamide Zaccheaus,Philadelphia Eagles,3,TB,Away,3,2,58,29,34,1,9%,20.9%
Olamide Zaccheaus,Philadelphia Eagles,4,WAS,Home,2,1,11,11,11,0,6%,3.4%
Olamide Zaccheaus,Philadelphia Eagles,6,NYJ,Away,2,1,5,5,5,0,5%,1.8%
Olamide Zaccheaus,Philadelphia Eagles,7,MIA,Home,1,0,0,0,0,0,3%,0.0%
Olamide Zaccheaus,Philadelphia Eagles,8,WAS,Away,2,1,5,5,5,0,6%,1.6%
Olamide Zaccheaus,Philadelphia Eagles,9,DAL,Home,2,1,8,8,8,0,10%,3.9%
Olamide Zaccheaus,Philadelphia Eagles,11,KC,Away,1,0,0,0,0,0,5%,0.0%
Olamide Zaccheaus,Philadelphia Eagles,12,BUF,Home,1,1,29,29,29,1,4%,14.5%
Olamide Zaccheaus,Philadelphia Eagles,14,DAL,Away,1,1,28,28,28,0,4%,12.4%
Olamide Zaccheaus,Philadelphia Eagles,16,NYG,Home,1,0,0,0,0,0,3%,0.0%
Parker Washington,Jacksonville Jaguars,13,CIN,Home,6,6,61,10.17,18,1,15%,19.0%
Parker Washington,Jacksonville Jaguars,14,CLE,Away,3,2,27,13.5,19,1,6%,10.5%
Parker Washington,Jacksonville Jaguars,15,BAL,Home,6,4,12,3,6,0,14%,4.5%
Parker Washington,Jacksonville Jaguars,16,TB,Away,4,2,19,9.5,13,0,9%,6.2%
Parker Washington,Jacksonville Jaguars,17,CAR,Home,1,1,2,2,2,0,4%,1.1%
Parris Campbell,New York Giants,1,DAL,Home,4,1,2,2,2,0,14%,1.8%
Parris Campbell,New York Giants,2,ARI,Away,6,4,21,5.25,9,0,17%,6.5%
Parris Campbell,New York Giants,3,SF,Away,6,6,24,4,7,0,19%,17.5%
Parris Campbell,New York Giants,4,SEA,Home,5,3,15,5,8,0,16%,7.4%
Parris Campbell,New York Giants,5,MIA,Away,2,2,23,11.5,17,0,7%,11.2%
Parris Campbell,New York Giants,9,LV,Away,2,2,15,7.5,10,0,7%,7.5%
Parris Campbell,New York Giants,10,DAL,Away,1,1,6,6,6,0,4%,7.0%
Parris Campbell,New York Giants,12,NE,Home,1,1,-2,-2,-2,0,4%,-1.0%
Pat Freiermuth,Pittsburgh Steelers,1,SF,Home,4,1,3,3,3,1,9%,1.3%
Pat Freiermuth,Pittsburgh Steelers,2,CLE,Home,1,1,2,2,2,0,3%,0.9%
Pat Freiermuth,Pittsburgh Steelers,3,LV,Away,4,3,41,13.67,14,1,15%,17.4%
Pat Freiermuth,Pittsburgh Steelers,4,HOU,Away,4,3,7,2.33,9,0,15%,5.3%
Pat Freiermuth,Pittsburgh Steelers,11,CLE,Away,1,1,7,7,7,0,4%,6.6%
Pat Freiermuth,Pittsburgh Steelers,12,CIN,Away,11,9,120,13.33,29,0,34%,43.2%
Pat Freiermuth,Pittsburgh Steelers,13,ARI,Home,5,3,29,9.67,12,0,19%,15.5%
Pat Freiermuth,Pittsburgh Steelers,14,NE,Home,7,3,18,6,7,0,20%,9.5%
Pat Freiermuth,Pittsburgh Steelers,15,IND,Away,4,3,16,5.33,6,0,15%,9.3%
Pat Freiermuth,Pittsburgh Steelers,17,SEA,Away,4,3,44,14.67,25,0,19%,16.1%
Patrick Ricard,Baltimore Ravens,4,CLE,Away,1,1,14,14,14,0,6%,7.5%
Patrick Ricard,Baltimore Ravens,6,TEN,Away,1,1,3,3,3,0,3%,1.3%
Patrick Ricard,Baltimore Ravens,7,DET,Home,2,2,31,15.5,28,0,7%,8.7%
Patrick Ricard,Baltimore Ravens,10,CLE,Home,1,0,0,0,0,0,4%,0.0%
Patrick Ricard,Baltimore Ravens,16,SF,Away,1,0,0,0,0,0,3%,0.0%
Patrick Ricard,Baltimore Ravens,17,MIA,Home,1,1,4,4,4,1,5%,1.2%
Patrick Taylor,Green Bay Packers,2,ATL,Away,1,0,0,0,0,0,4%,0.0%
Patrick Taylor,Green Bay Packers,3,NO,Home,4,3,23,7.67,12,0,9%,8.9%
Patrick Taylor,Green Bay Packers,5,LV,Away,5,2,5,2.5,3,0,17%,2.7%
Patrick Taylor,Green Bay Packers,12,DET,Away,1,1,4,4,4,0,3%,1.5%
Patrick Taylor,Green Bay Packers,13,KC,Home,1,0,0,0,0,0,3%,0.0%
Patrick Taylor,Green Bay Packers,14,NYG,Away,2,2,22,11,16,0,5%,10.1%
Patrick Taylor,Green Bay Packers,15,TB,Home,2,2,-4,-2,-1,0,6%,-1.4%
Patrick Taylor,Green Bay Packers,16,CAR,Away,1,1,-1,-1,-1,0,4%,-0.5%
Payne Durham,Tampa Bay Buccaneers,6,DET,Home,1,1,8,8,8,0,3%,3.9%
Payne Durham,Tampa Bay Buccaneers,7,ATL,Home,1,0,0,0,0,0,2%,0.0%
Payne Durham,Tampa Bay Buccaneers,8,BUF,Away,1,0,0,0,0,0,3%,0.0%
Payne Durham,Tampa Bay Buccaneers,11,SF,Away,2,2,13,6.5,8,0,5%,5.3%
Payne Durham,Tampa Bay Buccaneers,12,IND,Away,1,1,12,12,12,0,3%,6.0%
Payne Durham,Tampa Bay Buccaneers,16,JAX,Home,1,1,25,25,25,0,3%,8.8%
Peyton Hendershot,Dallas Cowboys,1,NYG,Away,1,0,0,0,0,0,4%,0.0%
Peyton Hendershot,Dallas Cowboys,3,ARI,Away,1,1,3,3,3,0,3%,1.2%
Peyton Hendershot,Dallas Cowboys,15,BUF,Away,1,1,5,5,5,0,3%,3.7%
Peyton Hendershot,Dallas Cowboys,16,MIA,Away,2,0,0,0,0,0,6%,0.0%
Peyton Hendershot,Dallas Cowboys,17,DET,Home,1,1,6,6,6,0,3%,1.7%
Pharaoh Brown,New England Patriots,3,NYJ,Away,2,2,71,35.5,58,1,7%,35.3%
Pharaoh Brown,New England Patriots,6,LV,Away,1,1,15,15,15,0,3%,7.5%
Pharaoh Brown,New England Patriots,7,BUF,Home,2,2,51,25.5,26,0,7%,18.8%
Pharaoh Brown,New England Patriots,8,MIA,Away,2,2,33,16.5,24,0,7%,20.5%
Pharaoh Brown,New England Patriots,14,PIT,Away,1,1,4,4,4,0,4%,1.7%
Pharaoh Brown,New England Patriots,15,KC,Home,1,1,4,4,4,0,3%,2.2%
Pharaoh Brown,New England Patriots,16,DEN,Away,2,2,25,12.5,20,0,6%,9.8%
Pharaoh Brown,New England Patriots,17,BUF,Away,1,1,5,5,5,0,4%,2.4%
Phillip Dorsett,Denver Broncos,1,LV,Home,1,0,0,0,0,0,3%,0.0%
Phillip Dorsett,Denver Broncos,17,LAC,Home,2,0,0,0,0,0,7%,0.0%
Pierre Strong,Cleveland Browns,2,PIT,Away,1,0,0,0,0,0,3%,0.0%
Pierre Strong,Cleveland Browns,8,SEA,Away,1,1,41,41,41,0,3%,16.0%
Pierre Strong,Cleveland Browns,9,ARI,Home,1,1,-7,-7,-7,0,4%,-3.2%
Pierre Strong,Cleveland Browns,11,PIT,Home,1,1,4,4,4,0,2%,2.4%
Pierre Strong,Cleveland Browns,15,CHI,Home,2,2,9,4.5,7,0,5%,2.4%
Pierre Strong,Cleveland Browns,16,HOU,Away,1,0,0,0,0,0,2%,0.0%
Puka Nacua,Los Angeles Rams,1,SEA,Away,15,10,119,11.9,21,0,41%,35.6%
Puka Nacua,Los Angeles Rams,2,SF,Home,20,15,147,9.8,20,0,38%,47.9%
Puka Nacua,Los Angeles Rams,3,CIN,Away,7,5,72,14.4,37,0,22%,26.8%
Puka Nacua,Los Angeles Rams,4,IND,Away,10,9,163,18.11,32,1,26%,51.1%
Puka Nacua,Los Angeles Rams,5,PHI,Home,11,7,71,10.14,22,1,32%,32.0%
Puka Nacua,Los Angeles Rams,6,ARI,Home,7,4,26,6.5,9,0,33%,11.5%
Puka Nacua,Los Angeles Rams,7,PIT,Home,12,8,154,19.25,36,0,44%,66.7%
Puka Nacua,Los Angeles Rams,8,DAL,Away,7,3,43,14.33,22,0,22%,21.1%
Puka Nacua,Los Angeles Rams,9,GB,Away,7,3,32,10.67,18,0,26%,24.6%
Puka Nacua,Los Angeles Rams,11,SEA,Home,7,5,70,14,32,1,24%,36.8%
Puka Nacua,Los Angeles Rams,12,ARI,Away,8,4,27,6.75,14,0,26%,11.8%
Puka Nacua,Los Angeles Rams,13,CLE,Home,7,4,105,26.25,70,1,21%,37.6%
Puka Nacua,Los Angeles Rams,14,BAL,Away,8,5,84,16.8,34,0,21%,28.6%
Puka Nacua,Los Angeles Rams,15,WAS,Home,8,5,50,10,18,0,25%,19.4%
Puka Nacua,Los Angeles Rams,16,NO,Home,11,9,164,18.22,41,1,34%,50.0%
Puka Nacua,Los Angeles Rams,17,NYG,Away,8,5,118,23.6,80,0,24%,37.2%
Quentin Johnston,Los Angeles Chargers,1,MIA,Home,3,2,9,4.5,11,0,10%,3.9%
Quentin Johnston,Los Angeles Chargers,2,TEN,Away,2,1,7,7,7,0,5%,2.3%
Quentin Johnston,Los Angeles Chargers,3,MIN,Away,3,2,10,5,7,0,6%,2.2%
Quentin Johnston,Los Angeles Chargers,4,LV,Home,3,1,18,18,18,0,13%,10.8%
Quentin Johnston,Los Angeles Chargers,6,DAL,Home,2,0,0,0,0,0,5%,0.0%
Quentin Johnston,Los Angeles Chargers,7,KC,Away,2,1,20,20,20,0,7%,7.7%
Quentin Johnston,Los Angeles Chargers,8,CHI,Home,6,5,50,10,18,0,16%,16.8%
Quentin Johnston,Los Angeles Chargers,9,NYJ,Away,3,2,14,7,10,0,11%,10.3%
Quentin Johnston,Los Angeles Chargers,10,DET,Home,4,4,34,8.5,17,1,10%,10.5%
Quentin Johnston,Los Angeles Chargers,11,GB,Away,6,2,21,10.5,17,0,17%,8.1%
Quentin Johnston,Los Angeles Chargers,12,BAL,Home,3,1,7,7,7,0,7%,3.2%
Quentin Johnston,Los Angeles Chargers,13,NE,Away,7,5,52,10.4,27,0,19%,24.5%
Quentin Johnston,Los Angeles Chargers,14,DEN,Home,4,3,91,30.33,57,0,10%,33.1%
Quentin Johnston,Los Angeles Chargers,15,LV,Away,3,2,23,11.5,17,1,10%,8.9%
Quentin Johnston,Los Angeles Chargers,16,BUF,Home,5,2,29,14.5,21,0,16%,13.5%
Quentin Johnston,Los Angeles Chargers,17,DEN,Away,6,3,29,9.67,15,0,16%,13.2%
Quez Watkins,Philadelphia Eagles,1,NE,Away,2,2,17,8.5,9,0,7%,10.0%
Quez Watkins,Philadelphia Eagles,5,LAR,Away,3,2,4,2,5,0,9%,1.3%
Quez Watkins,Philadelphia Eagles,13,SF,Home,4,3,28,9.33,15,0,10%,8.9%
Quez Watkins,Philadelphia Eagles,15,SEA,Away,1,0,0,0,0,0,3%,0.0%
Quintin Morris,Buffalo Bills,6,NYG,Home,1,1,15,15,15,1,3%,8.9%
Quintin Morris,Buffalo Bills,11,NYJ,Home,2,1,11,11,11,0,7%,4.0%
Rachaad White,Tampa Bay Buccaneers,1,MIN,Away,2,2,10,5,8,0,6%,5.8%
Rachaad White,Tampa Bay Buccaneers,2,CHI,Home,5,5,30,6,9,0,16%,9.5%
Rachaad White,Tampa Bay Buccaneers,3,PHI,Home,3,3,24,8,16,0,12%,16.4%
Rachaad White,Tampa Bay Buccaneers,4,NO,Away,3,3,22,7.33,11,0,10%,8.9%
Rachaad White,Tampa Bay Buccaneers,6,DET,Home,4,3,12,4,7,0,11%,5.8%
Rachaad White,Tampa Bay Buccaneers,7,ATL,Home,6,6,65,10.83,22,0,15%,23.6%
Rachaad White,Tampa Bay Buccaneers,8,BUF,Away,7,7,70,10,20,0,18%,29.5%
Rachaad White,Tampa Bay Buccaneers,9,HOU,Away,4,4,46,11.5,33,0,13%,17.4%
Rachaad White,Tampa Bay Buccaneers,10,TEN,Home,3,2,47,23.5,43,1,10%,16.9%
Rachaad White,Tampa Bay Buccaneers,11,SF,Away,7,6,28,4.67,11,0,16%,11.4%
Rachaad White,Tampa Bay Buccaneers,12,IND,Away,2,2,10,5,6,0,7%,5.0%
Rachaad White,Tampa Bay Buccaneers,13,CAR,Home,5,3,22,7.33,20,0,19%,10.9%
Rachaad White,Tampa Bay Buccaneers,14,ATL,Away,2,2,33,16.5,31,1,7%,22.9%
Rachaad White,Tampa Bay Buccaneers,15,GB,Away,2,2,50,25,26,1,7%,13.1%
Rachaad White,Tampa Bay Buccaneers,16,JAX,Home,7,6,38,6.33,16,0,20%,13.4%
Rachaad White,Tampa Bay Buccaneers,17,NO,Home,4,4,24,6,7,0,12%,7.8%
Raheem Blackshear,Carolina Panthers,6,MIA,Away,1,1,4,4,4,0,3%,1.8%
Raheem Blackshear,Carolina Panthers,8,HOU,Home,2,2,26,13,19,0,6%,11.1%
Raheem Blackshear,Carolina Panthers,9,IND,Home,1,1,5,5,5,0,3%,2.9%
Raheem Blackshear,Carolina Panthers,10,CHI,Away,1,1,6,6,6,0,3%,3.2%
Raheem Blackshear,Carolina Panthers,14,NO,Away,2,1,4,4,4,0,6%,2.9%
Raheem Mostert,Miami Dolphins,1,LAC,Away,2,2,13,6.5,8,0,5%,2.8%
Raheem Mostert,Miami Dolphins,2,NE,Away,1,1,6,6,6,0,3%,2.4%
Raheem Mostert,Miami Dolphins,3,DEN,Home,7,7,60,8.57,19,1,25%,16.0%
Raheem Mostert,Miami Dolphins,4,BUF,Away,5,3,36,12,22,0,15%,12.8%
Raheem Mostert,Miami Dolphins,5,NYG,Home,2,2,13,6.5,8,0,7%,4.2%
Raheem Mostert,Miami Dolphins,6,CAR,Home,3,3,17,5.67,8,1,10%,6.5%
Raheem Mostert,Miami Dolphins,7,PHI,Away,3,1,6,6,6,0,9%,2.8%
Raheem Mostert,Miami Dolphins,9,KC,Away,1,0,0,0,0,0,3%,0.0%
Raheem Mostert,Miami Dolphins,11,LV,Home,2,1,7,7,7,0,6%,2.2%
Raheem Mostert,Miami Dolphins,12,NYJ,Away,1,0,0,0,0,0,4%,0.0%
Raheem Mostert,Miami Dolphins,13,WAS,Away,1,1,8,8,8,0,4%,2.8%
Raheem Mostert,Miami Dolphins,14,TEN,Home,1,1,4,4,4,0,3%,1.7%
Raheem Mostert,Miami Dolphins,15,NYJ,Home,2,2,1,0.5,1,0,8%,0.4%
Raheem Mostert,Miami Dolphins,16,DAL,Home,1,1,4,4,4,1,3%,1.4%
Rakim Jarrett,Tampa Bay Buccaneers,2,CHI,Home,1,1,7,7,7,0,3%,2.2%
Rakim Jarrett,Tampa Bay Buccaneers,4,NO,Away,1,1,3,3,3,0,3%,1.2%
Rakim Jarrett,Tampa Bay Buccaneers,7,ATL,Home,2,0,0,0,0,0,5%,0.0%
Rakim Jarrett,Tampa Bay Buccaneers,8,BUF,Away,3,1,9,9,9,0,8%,3.8%
Rakim Jarrett,Tampa Bay Buccaneers,11,SF,Away,2,1,41,41,41,0,5%,16.7%
Randall Cobb,New York Jets,1,BUF,Home,1,0,0,0,0,0,6%,0.0%
Randall Cobb,New York Jets,2,DAL,Away,1,0,0,0,0,0,4%,0.0%
Randall Cobb,New York Jets,3,NE,Home,2,1,12,12,12,0,7%,7.6%
Randall Cobb,New York Jets,4,KC,Home,4,2,8,4,5,0,10%,3.3%
Randall Cobb,New York Jets,5,DEN,Away,1,0,0,0,0,0,4%,0.0%
Randall Cobb,New York Jets,6,PHI,Home,3,0,0,0,0,0,9%,0.0%
Randall Cobb,New York Jets,14,HOU,Home,1,1,15,15,15,1,3%,5.0%
Randall Cobb,New York Jets,15,MIA,Away,3,0,0,0,0,0,9%,0.0%
Rashaad Penny,Philadelphia Eagles,2,MIN,Home,1,1,5,5,5,0,5%,2.6%
Rashee Rice,Kansas City Chiefs,1,DET,Home,5,3,29,9.67,25,1,14%,12.8%
Rashee Rice,Kansas City Chiefs,2,JAX,Away,2,2,20,10,15,0,5%,6.6%
Rashee Rice,Kansas City Chiefs,3,CHI,Home,7,5,59,11.8,15,0,19%,19.5%
Rashee Rice,Kansas City Chiefs,4,NYJ,Away,5,3,32,10.67,18,0,17%,15.8%
Rashee Rice,Kansas City Chiefs,5,MIN,Away,5,4,33,8.25,13,1,13%,11.7%
Rashee Rice,Kansas City Chiefs,6,DEN,Home,4,4,72,18,28,0,10%,23.5%
Rashee Rice,Kansas City Chiefs,7,LAC,Home,6,5,60,12,37,1,15%,14.2%
Rashee Rice,Kansas City Chiefs,8,DEN,Away,5,4,56,14,39,0,14%,23.2%
Rashee Rice,Kansas City Chiefs,9,MIA,Home,2,2,17,8.5,11,1,7%,9.2%
Rashee Rice,Kansas City Chiefs,11,PHI,Home,5,4,42,10.5,17,0,13%,23.7%
Rashee Rice,Kansas City Chiefs,12,LV,Away,10,8,107,13.38,39,1,31%,35.9%
Rashee Rice,Kansas City Chiefs,13,GB,Away,9,8,64,8,13,0,30%,30.5%
Rashee Rice,Kansas City Chiefs,14,BUF,Home,10,7,72,10.29,19,1,26%,26.6%
Rashee Rice,Kansas City Chiefs,15,NE,Away,9,9,91,10.11,24,1,26%,29.4%
Rashee Rice,Kansas City Chiefs,16,LV,Home,12,6,57,9.5,15,0,29%,23.2%
Rashee Rice,Kansas City Chiefs,17,CIN,Home,6,5,127,25.4,67,0,21%,51.8%
Rashid Shaheed,New Orleans Saints,1,TEN,Home,6,5,89,17.8,41,1,18%,29.2%
Rashid Shaheed,New Orleans Saints,2,CAR,Away,4,4,63,15.75,45,0,12%,26.7%
Rashid Shaheed,New Orleans Saints,3,GB,Away,2,0,0,0,0,0,6%,0.0%
Rashid Shaheed,New Orleans Saints,4,TB,Home,7,3,33,11,12,0,18%,23.6%
Rashid Shaheed,New Orleans Saints,5,NE,Away,2,2,28,14,25,0,8%,15.3%
Rashid Shaheed,New Orleans Saints,6,HOU,Away,6,2,85,42.5,51,1,13%,23.8%
Rashid Shaheed,New Orleans Saints,7,JAX,Home,8,4,28,7,12,0,15%,9.3%
Rashid Shaheed,New Orleans Saints,8,IND,Away,3,3,153,51,58,1,10%,43.2%
Rashid Shaheed,New Orleans Saints,9,CHI,Home,3,3,22,7.33,12,0,9%,10.3%
Rashid Shaheed,New Orleans Saints,10,MIN,Away,9,5,24,4.8,15,0,23%,10.3%
Rashid Shaheed,New Orleans Saints,12,ATL,Away,5,2,9,4.5,5,0,14%,3.0%
Rashid Shaheed,New Orleans Saints,15,NYG,Home,4,3,36,12,19,0,14%,16.5%
Rashid Shaheed,New Orleans Saints,16,LAR,Away,9,5,70,14,45,1,23%,21.9%
Rashid Shaheed,New Orleans Saints,17,TB,Away,3,2,14,7,9,0,9%,6.7%
Rashod Bateman,Baltimore Ravens,1,HOU,Home,3,3,35,11.67,18,0,14%,20.7%
Rashod Bateman,Baltimore Ravens,2,CIN,Away,3,3,18,6,9,0,9%,7.6%
Rashod Bateman,Baltimore Ravens,3,IND,Home,3,1,6,6,6,0,10%,3.0%
Rashod Bateman,Baltimore Ravens,5,PIT,Away,3,1,8,8,8,0,8%,3.4%
Rashod Bateman,Baltimore Ravens,6,TEN,Away,3,2,15,7.5,8,0,10%,6.7%
Rashod Bateman,Baltimore Ravens,7,DET,Home,3,2,36,18,20,0,11%,10.1%
Rashod Bateman,Baltimore Ravens,8,ARI,Away,2,2,34,17,29,0,8%,21.7%
Rashod Bateman,Baltimore Ravens,9,SEA,Home,5,3,28,9.33,15,0,16%,12.4%
Rashod Bateman,Baltimore Ravens,10,CLE,Home,4,2,25,12.5,18,0,17%,11.2%
Rashod Bateman,Baltimore Ravens,11,CIN,Home,2,1,10,10,10,1,9%,3.8%
Rashod Bateman,Baltimore Ravens,12,LAC,Away,5,2,21,10.5,12,0,17%,11.9%
Rashod Bateman,Baltimore Ravens,14,LAR,Home,4,2,24,12,14,0,10%,7.6%
Rashod Bateman,Baltimore Ravens,15,JAX,Away,6,3,39,13,18,0,26%,22.8%
Rashod Bateman,Baltimore Ravens,16,SF,Away,4,1,14,14,14,0,12%,5.6%
Rashod Bateman,Baltimore Ravens,17,MIA,Home,6,4,54,13.5,15,0,27%,15.9%
Ray Ray McCloud,San Francisco 49ers,4,ARI,Home,2,2,22,11,14,0,10%,7.8%
Ray Ray McCloud,San Francisco 49ers,5,DAL,Home,1,1,1,1,1,0,4%,0.4%
Ray Ray McCloud,San Francisco 49ers,6,CLE,Away,2,1,4,4,4,0,8%,3.2%
Ray Ray McCloud,San Francisco 49ers,7,MIN,Away,3,2,20,10,11,0,10%,7.4%
Ray Ray McCloud,San Francisco 49ers,8,CIN,Home,2,2,43,21.5,41,0,7%,11.8%
Ray Ray McCloud,San Francisco 49ers,12,SEA,Away,1,1,23,23,23,0,3%,11.0%
Reggie Gilliam,Buffalo Bills,2,LV,Home,1,1,3,3,3,0,3%,1.1%
Rhamondre Stevenson,New England Patriots,1,PHI,Home,6,6,64,10.67,32,0,11%,20.3%
Rhamondre Stevenson,New England Patriots,2,MIA,Home,3,3,10,3.33,7,0,7%,4.3%
Rhamondre Stevenson,New England Patriots,3,NYJ,Away,4,1,3,3,3,0,15%,1.5%
Rhamondre Stevenson,New England Patriots,4,DAL,Away,3,2,10,5,7,0,10%,4.8%
Rhamondre Stevenson,New England Patriots,5,NO,Home,2,0,0,0,0,0,6%,0.0%
Rhamondre Stevenson,New England Patriots,6,LV,Away,6,5,24,4.8,6,0,19%,12.0%
Rhamondre Stevenson,New England Patriots,7,BUF,Home,6,6,51,8.5,34,0,20%,18.8%
Rhamondre Stevenson,New England Patriots,8,MIA,Away,4,2,11,5.5,9,0,14%,6.8%
Rhamondre Stevenson,New England Patriots,9,WAS,Home,6,4,42,10.5,15,0,14%,19.1%
Rhamondre Stevenson,New England Patriots,10,IND,Home,5,3,14,4.67,7,0,19%,7.2%
Rhamondre Stevenson,New England Patriots,12,NYG,Away,5,5,9,1.8,7,0,14%,6.3%
Rhamondre Stevenson,New England Patriots,13,LAC,Home,1,1,0,0,0,0,4%,0.0%
Richie James,Kansas City Chiefs,1,DET,Home,2,1,6,6,6,0,5%,2.7%
Richie James,Kansas City Chiefs,2,JAX,Away,1,0,0,0,0,0,3%,0.0%
Richie James,Kansas City Chiefs,13,GB,Away,2,1,12,12,12,0,7%,5.7%
Richie James,Kansas City Chiefs,14,BUF,Home,2,1,4,4,4,0,5%,1.5%
Richie James,Kansas City Chiefs,15,NE,Away,1,1,17,17,17,0,3%,5.5%
Richie James,Kansas City Chiefs,16,LV,Home,3,3,54,18,45,0,7%,22.0%
Richie James,Kansas City Chiefs,17,CIN,Home,1,1,6,6,6,0,4%,2.4%
Rico Dowdle,Dallas Cowboys,2,NYJ,Home,1,1,17,17,17,0,3%,6.7%
Rico Dowdle,Dallas Cowboys,3,ARI,Away,3,3,25,8.33,15,1,8%,10.0%
Rico Dowdle,Dallas Cowboys,4,NE,Home,1,1,8,8,8,0,3%,2.8%
Rico Dowdle,Dallas Cowboys,5,SF,Away,1,0,0,0,0,0,4%,0.0%
Rico Dowdle,Dallas Cowboys,8,LAR,Home,2,2,7,3.5,5,0,6%,2.3%
Rico Dowdle,Dallas Cowboys,11,CAR,Away,2,2,-3,-1.5,-1,0,5%,-1.5%
Rico Dowdle,Dallas Cowboys,12,WAS,Home,1,1,15,15,15,1,3%,4.5%
Rico Dowdle,Dallas Cowboys,13,SEA,Home,1,1,7,7,7,0,3%,2.3%
Rico Dowdle,Dallas Cowboys,14,PHI,Home,1,1,6,6,6,0,3%,2.2%
Rico Dowdle,Dallas Cowboys,15,BUF,Away,3,2,8,4,4,0,9%,6.0%
Rico Dowdle,Dallas Cowboys,16,MIA,Away,2,0,0,0,0,0,6%,0.0%
River Cracraft,Miami Dolphins,1,LAC,Away,5,3,40,13.33,24,1,11%,8.6%
River Cracraft,Miami Dolphins,2,NE,Away,2,2,34,17,22,0,7%,13.7%
River Cracraft,Miami Dolphins,3,DEN,Home,1,1,13,13,13,0,4%,3.5%
River Cracraft,Miami Dolphins,13,WAS,Away,2,2,16,8,13,0,8%,5.7%
River Cracraft,Miami Dolphins,17,BAL,Away,1,0,0,0,0,0,3%,0.0%
Robbie Chosen,Miami Dolphins,4,BUF,Away,1,0,0,0,0,0,3%,0.0%
Robbie Chosen,Miami Dolphins,11,LV,Home,2,2,39,19.5,30,0,6%,12.0%
Robbie Chosen,Miami Dolphins,16,DAL,Home,1,1,19,19,19,0,3%,6.5%
Robbie Chosen,Miami Dolphins,17,BAL,Away,1,0,0,0,0,0,3%,0.0%
Robby Anderson,Miami Dolphins,3,DEN,Home,1,1,68,68,68,1,4%,18.1%
Robert Hainsey,Tampa Bay Buccaneers,9,HOU,Away,0,0,-3,0,-3,0,0%,-1.1%
Robert Tonyan,Chicago Bears,2,TB,Away,2,0,0,0,0,0,7%,0.0%
Robert Tonyan,Chicago Bears,4,DEN,Home,2,2,18,9,9,0,6%,5.4%
Robert Tonyan,Chicago Bears,5,WAS,Away,2,2,10,5,7,0,8%,3.5%
Robert Tonyan,Chicago Bears,6,MIN,Home,1,1,11,11,11,0,4%,7.8%
Robert Tonyan,Chicago Bears,8,LAC,Away,1,1,8,8,8,0,3%,3.4%
Robert Tonyan,Chicago Bears,9,NO,Away,1,1,11,11,11,0,4%,5.0%
Robert Tonyan,Chicago Bears,12,MIN,Away,1,0,0,0,0,0,3%,0.0%
Robert Tonyan,Chicago Bears,15,CLE,Away,1,0,0,0,0,0,3%,0.0%
Robert Tonyan,Chicago Bears,16,ARI,Home,1,1,14,14,14,0,4%,8.2%
Robert Tonyan,Chicago Bears,17,ATL,Home,4,3,40,13.33,24,0,13%,14.9%
Robert Woods,Houston Texans,1,BAL,Away,10,6,57,9.5,19,0,23%,23.6%
Robert Woods,Houston Texans,2,IND,Home,9,6,74,12.33,25,0,21%,19.3%
Robert Woods,Houston Texans,3,JAX,Away,6,3,34,11.33,17,0,21%,12.1%
Robert Woods,Houston Texans,4,PIT,Home,6,3,26,8.67,13,0,22%,8.3%
Robert Woods,Houston Texans,5,ATL,Away,9,3,30,10,13,0,28%,12.0%
Robert Woods,Houston Texans,6,NO,Home,3,1,6,6,6,1,13%,3.0%
Robert Woods,Houston Texans,10,CIN,Away,3,1,15,15,15,0,8%,4.2%
Robert Woods,Houston Texans,11,ARI,Home,8,5,44,8.8,17,0,21%,13.0%
Robert Woods,Houston Texans,12,JAX,Home,3,2,40,20,26,0,8%,13.2%
Robert Woods,Houston Texans,14,NYJ,Away,3,1,-2,-2,-2,0,11%,-2.1%
Robert Woods,Houston Texans,15,TEN,Away,5,3,30,10,15,0,15%,13.1%
Robert Woods,Houston Texans,16,CLE,Home,6,2,14,7,12,0,13%,6.6%
Robert Woods,Houston Texans,17,TEN,Home,4,4,58,14.5,18,0,13%,27.2%
Rodney Williams,Pittsburgh Steelers,8,JAX,Home,2,0,0,0,0,0,5%,0.0%
Romeo Doubs,Green Bay Packers,1,CHI,Away,5,4,26,6.5,13,2,19%,10.6%
Romeo Doubs,Green Bay Packers,2,ATL,Away,3,2,30,15,15,0,12%,19.9%
Romeo Doubs,Green Bay Packers,3,NO,Home,12,5,73,14.6,30,1,28%,28.2%
Romeo Doubs,Green Bay Packers,4,DET,Home,13,9,95,10.56,16,0,38%,38.6%
Romeo Doubs,Green Bay Packers,5,LV,Away,4,1,4,4,4,0,14%,2.2%
Romeo Doubs,Green Bay Packers,7,DEN,Away,5,2,30,15,16,1,16%,15.5%
Romeo Doubs,Green Bay Packers,8,MIN,Home,9,4,18,4.5,10,1,23%,7.9%
Romeo Doubs,Green Bay Packers,9,LAR,Home,3,3,36,12,17,0,12%,15.8%
Romeo Doubs,Green Bay Packers,10,PIT,Away,5,3,31,10.33,20,1,14%,10.7%
Romeo Doubs,Green Bay Packers,11,LAC,Home,6,5,53,10.6,24,1,16%,16.5%
Romeo Doubs,Green Bay Packers,12,DET,Away,4,3,37,12.33,16,0,13%,13.8%
Romeo Doubs,Green Bay Packers,13,KC,Home,5,4,72,18,33,0,14%,27.0%
Romeo Doubs,Green Bay Packers,14,NYG,Away,7,4,32,8,14,0,18%,14.7%
Romeo Doubs,Green Bay Packers,15,TB,Home,3,3,30,10,12,0,8%,10.6%
Romeo Doubs,Green Bay Packers,16,CAR,Away,5,4,79,19.75,36,1,19%,36.1%
Romeo Doubs,Green Bay Packers,17,MIN,Away,6,3,28,9.33,12,0,18%,9.6%
Rondale Moore,Arizona Cardinals,1,WAS,Away,3,3,33,11,31,0,10%,25.0%
Rondale Moore,Arizona Cardinals,2,NYG,Home,1,1,14,14,14,0,3%,6.1%
Rondale Moore,Arizona Cardinals,3,DAL,Home,6,4,8,2,8,0,29%,4.2%
Rondale Moore,Arizona Cardinals,4,SF,Away,2,0,0,0,0,0,5%,0.0%
Rondale Moore,Arizona Cardinals,5,CIN,Home,5,3,26,8.67,19,0,17%,15.7%
Rondale Moore,Arizona Cardinals,6,LAR,Away,7,4,30,7.5,9,0,18%,12.8%
Rondale Moore,Arizona Cardinals,7,SEA,Away,4,2,2,1,4,0,12%,1.3%
Rondale Moore,Arizona Cardinals,8,BAL,Home,3,2,10,5,6,0,8%,4.8%
Rondale Moore,Arizona Cardinals,9,CLE,Away,2,1,5,5,5,0,10%,8.6%
Rondale Moore,Arizona Cardinals,10,ATL,Home,8,5,43,8.6,12,0,26%,17.3%
Rondale Moore,Arizona Cardinals,11,HOU,Away,1,1,48,48,48,1,3%,22.4%
Rondale Moore,Arizona Cardinals,12,LAR,Home,3,2,35,17.5,20,0,7%,13.7%
Rondale Moore,Arizona Cardinals,13,PIT,Away,2,1,6,6,6,0,9%,4.1%
Rondale Moore,Arizona Cardinals,15,SF,Home,3,2,5,2.5,4,0,8%,2.4%
Rondale Moore,Arizona Cardinals,16,CHI,Away,3,2,30,15,22,0,8%,13.0%
Rondale Moore,Arizona Cardinals,17,PHI,Away,4,3,26,8.67,12,0,13%,11.2%
Ronnie Bell,San Francisco 49ers,3,NYG,Home,2,2,24,12,15,1,6%,7.7%
Ronnie Bell,San Francisco 49ers,4,ARI,Home,1,1,7,7,7,0,5%,2.5%
Ronnie Bell,San Francisco 49ers,5,DAL,Home,1,0,0,0,0,0,4%,0.0%
Ronnie Bell,San Francisco 49ers,10,JAX,Away,1,1,20,20,20,0,4%,6.6%
Ronnie Bell,San Francisco 49ers,15,ARI,Away,1,0,0,0,0,0,4%,0.0%
Ronnie Bell,San Francisco 49ers,16,BAL,Home,1,1,12,12,12,1,2%,3.6%
Ronnie Bell,San Francisco 49ers,17,WAS,Away,1,0,0,0,0,0,4%,0.0%
Ronnie Rivers,Los Angeles Rams,2,SF,Home,1,1,4,4,4,0,2%,1.3%
Ronnie Rivers,Los Angeles Rams,4,IND,Away,2,2,10,5,10,0,5%,3.1%
Ronnie Rivers,Los Angeles Rams,6,ARI,Home,1,1,4,4,4,0,5%,1.8%
Ronnie Rivers,Los Angeles Rams,17,NYG,Away,1,1,4,4,4,0,3%,1.3%
Roschon Johnson,Chicago Bears,1,GB,Home,7,6,35,5.83,8,0,19%,16.2%
Roschon Johnson,Chicago Bears,2,TB,Away,2,2,10,5,8,0,7%,4.7%
Roschon Johnson,Chicago Bears,3,KC,Away,2,2,11,5.5,6,0,10%,11.1%
Roschon Johnson,Chicago Bears,4,DEN,Home,1,1,2,2,2,0,3%,0.6%
Roschon Johnson,Chicago Bears,8,LAC,Away,4,3,10,3.33,7,0,11%,4.3%
Roschon Johnson,Chicago Bears,9,NO,Away,1,1,9,9,9,0,4%,4.1%
Roschon Johnson,Chicago Bears,10,CAR,Home,6,4,14,3.5,6,0,19%,8.6%
Roschon Johnson,Chicago Bears,12,MIN,Away,5,5,40,8,22,0,16%,18.4%
Roschon Johnson,Chicago Bears,15,CLE,Away,6,4,24,6,12,0,17%,14.5%
Roschon Johnson,Chicago Bears,16,ARI,Home,3,3,16,5.33,10,0,13%,9.4%
Roschon Johnson,Chicago Bears,17,ATL,Home,3,3,38,12.67,24,0,10%,14.2%
Ross Dwelley,San Francisco 49ers,6,CLE,Away,1,0,0,0,0,0,4%,0.0%
Ross Dwelley,San Francisco 49ers,7,MIN,Away,1,1,12,12,12,0,3%,4.4%
Royce Freeman,Los Angeles Rams,9,GB,Away,1,0,0,0,0,0,4%,0.0%
Salvon Ahmed,Miami Dolphins,1,LAC,Away,3,0,0,0,0,0,7%,0.0%
Salvon Ahmed,Miami Dolphins,2,NE,Away,3,3,28,9.33,19,0,10%,11.2%
Salvon Ahmed,Miami Dolphins,6,CAR,Home,5,3,11,3.67,9,0,17%,4.2%
Salvon Ahmed,Miami Dolphins,7,PHI,Away,2,1,0,0,0,0,6%,0.0%
Salvon Ahmed,Miami Dolphins,8,NE,Home,4,4,16,4,20,0,9%,4.9%
Salvon Ahmed,Miami Dolphins,9,KC,Away,3,2,8,4,5,0,9%,4.1%
Salvon Ahmed,Miami Dolphins,11,LV,Home,3,3,25,8.33,11,1,8%,7.7%
Sam LaPorta,Detroit Lions,1,KC,Away,5,5,39,7.8,14,0,16%,15.4%
Sam LaPorta,Detroit Lions,2,SEA,Home,6,5,63,12.6,23,0,18%,19.5%
Sam LaPorta,Detroit Lions,3,ATL,Home,11,8,84,10.5,45,1,35%,34.6%
Sam LaPorta,Detroit Lions,4,GB,Away,5,4,56,14,35,0,19%,26.7%
Sam LaPorta,Detroit Lions,5,CAR,Home,4,3,47,15.67,31,2,15%,19.9%
Sam LaPorta,Detroit Lions,6,TB,Away,11,4,36,9,19,0,27%,10.2%
Sam LaPorta,Detroit Lions,7,BAL,Away,7,6,52,8.67,13,0,14%,18.3%
Sam LaPorta,Detroit Lions,8,LV,Home,10,8,57,7.12,18,1,29%,21.0%
Sam LaPorta,Detroit Lions,10,LAC,Away,5,4,40,10,19,0,16%,12.0%
Sam LaPorta,Detroit Lions,11,CHI,Home,5,3,18,6,8,0,16%,7.6%
Sam LaPorta,Detroit Lions,12,GB,Home,8,5,47,9.4,31,1,19%,14.2%
Sam LaPorta,Detroit Lions,13,NO,Away,9,9,140,15.56,48,1,36%,65.7%
Sam LaPorta,Detroit Lions,14,CHI,Away,6,2,23,11.5,13,0,18%,14.3%
Sam LaPorta,Detroit Lions,15,DEN,Home,6,5,56,11.2,19,3,19%,20.1%
Sam LaPorta,Detroit Lions,16,MIN,Away,3,3,18,6,7,0,8%,7.0%
Sam LaPorta,Detroit Lions,17,DAL,Away,12,7,84,12,25,0,38%,27.8%
Samaje Perine,Denver Broncos,1,LV,Home,4,4,37,9.25,20,0,13%,20.9%
Samaje Perine,Denver Broncos,2,WAS,Home,4,3,20,6.67,9,0,15%,6.5%
Samaje Perine,Denver Broncos,3,MIA,Away,3,2,15,7.5,8,0,8%,4.9%
Samaje Perine,Denver Broncos,4,CHI,Away,2,2,23,11.5,12,0,8%,10.3%
Samaje Perine,Denver Broncos,5,NYJ,Home,5,4,73,18.25,29,0,19%,37.2%
Samaje Perine,Denver Broncos,6,KC,Away,2,2,16,8,15,0,9%,16.8%
Samaje Perine,Denver Broncos,7,GB,Home,3,3,31,10.33,19,0,13%,16.0%
Samaje Perine,Denver Broncos,8,KC,Home,3,2,16,8,10,0,17%,14.0%
Samaje Perine,Denver Broncos,10,BUF,Away,3,3,35,11.67,18,0,10%,18.1%
Samaje Perine,Denver Broncos,11,MIN,Home,7,7,60,8.57,17,0,22%,23.2%
Samaje Perine,Denver Broncos,12,CLE,Home,1,1,11,11,11,0,5%,8.2%
Samaje Perine,Denver Broncos,13,HOU,Away,2,2,5,2.5,5,0,8%,2.7%
Samaje Perine,Denver Broncos,14,LAC,Away,5,5,36,7.2,9,0,17%,16.1%
Samaje Perine,Denver Broncos,15,DET,Away,1,1,11,11,11,0,3%,4.9%
Samaje Perine,Denver Broncos,16,NE,Home,5,4,27,6.75,13,0,14%,11.3%
Samaje Perine,Denver Broncos,17,LAC,Home,2,2,16,8,11,0,7%,7.1%
Samori Toure,Green Bay Packers,1,CHI,Away,3,2,18,9,16,0,11%,7.3%
Samori Toure,Green Bay Packers,2,ATL,Away,2,1,6,6,6,0,8%,4.0%
Samori Toure,Green Bay Packers,3,NO,Home,3,0,0,0,0,0,7%,0.0%
Samori Toure,Green Bay Packers,4,DET,Home,1,1,35,35,35,0,3%,14.2%
Samori Toure,Green Bay Packers,7,DEN,Away,2,1,3,3,3,0,6%,1.5%
Samori Toure,Green Bay Packers,14,NYG,Away,4,2,22,11,16,0,11%,10.1%
Samori Toure,Green Bay Packers,16,CAR,Away,2,0,0,0,0,0,8%,0.0%
Samori Toure,Green Bay Packers,17,MIN,Away,1,1,-6,-6,-6,0,3%,-2.0%
Saquon Barkley,New York Giants,1,DAL,Home,4,3,12,4,7,0,14%,10.9%
Saquon Barkley,New York Giants,2,ARI,Away,7,6,29,4.83,10,1,20%,9.0%
Saquon Barkley,New York Giants,6,BUF,Away,5,4,5,1.25,3,0,16%,2.5%
Saquon Barkley,New York Giants,7,WAS,Home,4,3,41,13.67,32,1,15%,14.7%
Saquon Barkley,New York Giants,8,NYJ,Home,5,3,0,0,1,0,42%,0.0%
Saquon Barkley,New York Giants,9,LV,Away,4,3,23,7.67,12,0,14%,11.5%
Saquon Barkley,New York Giants,10,DAL,Away,3,1,-5,-5,-5,0,12%,-5.8%
Saquon Barkley,New York Giants,11,WAS,Away,5,4,57,14.25,24,2,19%,23.2%
Saquon Barkley,New York Giants,12,NE,Home,3,1,6,6,6,0,13%,3.1%
Saquon Barkley,New York Giants,14,GB,Home,4,3,15,5,7,0,20%,9.5%
Saquon Barkley,New York Giants,15,NO,Away,2,2,23,11.5,17,0,6%,12.1%
Saquon Barkley,New York Giants,16,PHI,Away,6,3,4,1.33,4,0,22%,2.1%
Saquon Barkley,New York Giants,17,LAR,Home,6,3,19,6.33,9,0,15%,6.0%
Scott Miller,Atlanta Falcons,5,HOU,Home,2,2,10,5,7,0,5%,2.8%
Scott Miller,Atlanta Falcons,6,WAS,Home,2,1,4,4,4,0,5%,1.3%
Scott Miller,Atlanta Falcons,7,TB,Away,1,1,46,46,46,0,5%,18.4%
Scott Miller,Atlanta Falcons,8,TEN,Away,2,2,14,7,8,1,6%,5.7%
Scott Miller,Atlanta Falcons,10,ARI,Away,1,1,2,2,2,1,6%,2.1%
Scott Miller,Atlanta Falcons,12,NO,Home,2,1,4,4,4,0,10%,2.4%
Scott Miller,Atlanta Falcons,14,TB,Home,3,0,0,0,0,0,8%,0.0%
Scott Miller,Atlanta Falcons,16,IND,Home,1,1,15,15,15,0,3%,6.6%
Sean McKeon,Dallas Cowboys,6,LAC,Away,1,0,0,0,0,0,3%,0.0%
Sean McKeon,Dallas Cowboys,8,LAR,Home,1,0,0,0,0,0,3%,0.0%
Sean Tucker,Tampa Bay Buccaneers,1,MIN,Away,2,2,9,4.5,6,0,6%,5.2%
Shedrick Jackson,Cincinnati Bengals,11,BAL,Away,1,0,0,0,0,0,3%,0.0%
Simi Fehoko,Los Angeles Chargers,8,CHI,Home,2,1,9,9,9,1,5%,3.0%
Skyy Moore,Kansas City Chiefs,1,DET,Home,3,0,0,0,0,0,8%,0.0%
Skyy Moore,Kansas City Chiefs,2,JAX,Away,4,3,70,23.33,54,1,10%,23.0%
Skyy Moore,Kansas City Chiefs,3,CHI,Home,6,4,42,10.5,21,0,16%,13.9%
Skyy Moore,Kansas City Chiefs,4,NYJ,Away,2,0,0,0,0,0,7%,0.0%
Skyy Moore,Kansas City Chiefs,5,MIN,Away,2,2,11,5.5,7,0,5%,3.9%
Skyy Moore,Kansas City Chiefs,6,DEN,Home,4,2,22,11,12,0,10%,7.2%
Skyy Moore,Kansas City Chiefs,7,LAC,Home,3,2,15,7.5,11,0,8%,3.5%
Skyy Moore,Kansas City Chiefs,8,DEN,Away,3,1,8,8,8,0,8%,3.3%
Skyy Moore,Kansas City Chiefs,9,MIA,Home,3,2,33,16.5,23,0,11%,17.8%
Skyy Moore,Kansas City Chiefs,11,PHI,Home,2,1,4,4,4,0,5%,2.3%
Skyy Moore,Kansas City Chiefs,12,LV,Away,3,3,34,11.33,18,0,9%,11.4%
Skyy Moore,Kansas City Chiefs,13,GB,Away,2,1,5,5,5,0,7%,2.4%
Skyy Moore,Kansas City Chiefs,14,BUF,Home,1,0,0,0,0,0,3%,0.0%
Stefon Diggs,Buffalo Bills,1,NYJ,Away,13,10,102,10.2,18,1,33%,43.2%
Stefon Diggs,Buffalo Bills,2,LV,Home,7,7,66,9.43,17,0,19%,24.1%
Stefon Diggs,Buffalo Bills,3,WAS,Away,12,8,111,13.88,30,0,39%,50.9%
Stefon Diggs,Buffalo Bills,4,MIA,Home,7,6,120,20,55,3,28%,37.5%
Stefon Diggs,Buffalo Bills,5,JAX,Home,11,8,121,15.12,48,1,31%,33.7%
Stefon Diggs,Buffalo Bills,6,NYG,Home,16,10,100,10,28,0,55%,59.2%
Stefon Diggs,Buffalo Bills,7,NE,Away,12,6,58,9.67,25,1,31%,21.9%
Stefon Diggs,Buffalo Bills,8,TB,Home,12,9,70,7.78,17,0,31%,21.6%
Stefon Diggs,Buffalo Bills,9,CIN,Away,7,6,86,14.33,34,1,22%,33.3%
Stefon Diggs,Buffalo Bills,10,DEN,Home,5,3,34,11.33,14,0,20%,19.2%
Stefon Diggs,Buffalo Bills,11,NYJ,Home,8,4,27,6.75,11,0,28%,9.8%
Stefon Diggs,Buffalo Bills,12,PHI,Away,11,6,74,12.33,22,1,22%,21.8%
Stefon Diggs,Buffalo Bills,14,KC,Away,11,4,24,6,9,0,31%,10.3%
Stefon Diggs,Buffalo Bills,15,DAL,Home,5,4,48,12,18,0,38%,51.1%
Stefon Diggs,Buffalo Bills,16,LAC,Away,8,5,29,5.8,11,0,38%,12.2%
Stefon Diggs,Buffalo Bills,17,NE,Home,7,4,26,6.5,9,0,25%,15.4%
Stephen Sullivan,Carolina Panthers,8,HOU,Home,1,1,13,13,13,0,3%,5.5%
Stephen Sullivan,Carolina Panthers,9,IND,Home,5,4,28,7,9,0,14%,16.2%
Stephen Sullivan,Carolina Panthers,11,DAL,Home,1,1,20,20,20,0,4%,16.3%
Stephen Sullivan,Carolina Panthers,12,TEN,Away,1,1,13,13,13,0,4%,6.7%
Stephen Sullivan,Carolina Panthers,13,TB,Away,2,1,16,16,16,0,8%,9.0%
Stephen Sullivan,Carolina Panthers,14,NO,Away,4,0,0,0,0,0,13%,0.0%
Stephen Sullivan,Carolina Panthers,15,ATL,Home,1,1,14,14,14,0,4%,8.4%
Stephen Sullivan,Carolina Panthers,16,GB,Home,5,3,21,7,9,0,16%,6.7%
Stephen Sullivan,Carolina Panthers,17,JAX,Away,2,0,0,0,0,0,6%,0.0%
Sterling Shepard,New York Giants,1,DAL,Home,1,0,0,0,0,0,3%,0.0%
Sterling Shepard,New York Giants,2,ARI,Away,1,1,4,4,4,0,3%,1.2%
Sterling Shepard,New York Giants,4,SEA,Home,1,1,6,6,6,0,3%,3.0%
Sterling Shepard,New York Giants,5,MIA,Away,2,1,13,13,13,0,7%,6.3%
Sterling Shepard,New York Giants,7,WAS,Home,1,1,3,3,3,0,4%,1.1%
Sterling Shepard,New York Giants,10,DAL,Away,4,1,2,2,2,1,15%,2.3%
Sterling Shepard,New York Giants,11,WAS,Away,3,1,5,5,5,0,12%,2.0%
Sterling Shepard,New York Giants,12,NE,Home,3,1,6,6,6,0,13%,3.1%
Sterling Shepard,New York Giants,17,LAR,Home,1,0,0,0,0,0,3%,0.0%
Steven Sims,Houston Texans,11,ARI,Home,2,2,25,12.5,23,0,5%,7.4%
Steven Sims,Houston Texans,15,TEN,Away,1,1,0,0,0,0,3%,0.0%
Stone Smartt,Los Angeles Chargers,2,TEN,Away,1,1,24,24,24,0,3%,7.9%
Stone Smartt,Los Angeles Chargers,4,LV,Home,1,0,0,0,0,0,4%,0.0%
Stone Smartt,Los Angeles Chargers,7,KC,Away,1,1,5,5,5,0,3%,1.9%
Stone Smartt,Los Angeles Chargers,9,NYJ,Away,1,0,0,0,0,0,4%,0.0%
Stone Smartt,Los Angeles Chargers,10,DET,Home,3,0,0,0,0,0,8%,0.0%
Stone Smartt,Los Angeles Chargers,11,GB,Away,3,1,51,51,51,1,8%,19.6%
Stone Smartt,Los Angeles Chargers,12,BAL,Home,1,0,0,0,0,0,2%,0.0%
Stone Smartt,Los Angeles Chargers,13,NE,Away,1,0,0,0,0,0,3%,0.0%
Stone Smartt,Los Angeles Chargers,15,LV,Away,3,3,15,5,6,0,10%,5.8%
Stone Smartt,Los Angeles Chargers,16,BUF,Home,1,1,23,23,23,0,3%,10.7%
Stone Smartt,Los Angeles Chargers,17,DEN,Away,2,2,23,11.5,18,0,5%,10.5%
T.J. Hockenson,Minnesota Vikings,1,TB,Home,9,8,35,4.38,14,0,20%,10.2%
T.J. Hockenson,Minnesota Vikings,2,PHI,Away,8,7,66,9.43,24,2,19%,18.1%
T.J. Hockenson,Minnesota Vikings,3,LAC,Home,11,8,78,9.75,21,0,23%,21.3%
T.J. Hockenson,Minnesota Vikings,4,CAR,Away,3,2,24,12,16,0,17%,17.3%
T.J. Hockenson,Minnesota Vikings,5,KC,Home,8,5,51,10.2,19,0,17%,18.0%
T.J. Hockenson,Minnesota Vikings,6,CHI,Away,8,6,50,8.33,21,0,27%,27.6%
T.J. Hockenson,Minnesota Vikings,7,SF,Home,12,11,86,7.82,22,0,28%,22.8%
T.J. Hockenson,Minnesota Vikings,8,GB,Away,9,6,88,14.67,23,1,26%,29.6%
T.J. Hockenson,Minnesota Vikings,9,ATL,Away,12,7,69,9.86,29,0,34%,29.2%
T.J. Hockenson,Minnesota Vikings,10,NO,Home,15,11,134,12.18,28,1,47%,50.0%
T.J. Hockenson,Minnesota Vikings,11,DEN,Away,7,4,55,13.75,29,0,24%,24.9%
T.J. Hockenson,Minnesota Vikings,12,CHI,Home,6,5,50,10,17,1,20%,27.0%
T.J. Hockenson,Minnesota Vikings,14,LV,Away,8,5,53,10.6,26,0,24%,36.3%
T.J. Hockenson,Minnesota Vikings,15,CIN,Away,7,6,63,10.5,16,0,22%,20.8%
T.J. Hockenson,Minnesota Vikings,16,DET,Home,4,4,58,14.5,24,0,11%,14.1%
Tanner Hudson,Cincinnati Bengals,3,LAR,Home,4,2,30,15,26,0,9%,11.6%
Tanner Hudson,Cincinnati Bengals,4,TEN,Away,2,2,18,9,12,0,7%,10.9%
Tanner Hudson,Cincinnati Bengals,9,BUF,Home,5,4,45,11.25,17,0,12%,12.9%
Tanner Hudson,Cincinnati Bengals,10,HOU,Home,7,6,33,5.5,13,0,18%,9.5%
Tanner Hudson,Cincinnati Bengals,11,BAL,Away,4,4,49,12.25,21,0,13%,29.0%
Tanner Hudson,Cincinnati Bengals,12,PIT,Home,5,4,18,4.5,6,0,20%,7.9%
Tanner Hudson,Cincinnati Bengals,13,JAX,Away,4,4,35,8.75,24,0,11%,10.1%
Tanner Hudson,Cincinnati Bengals,14,IND,Home,3,2,21,10.5,11,1,12%,7.7%
Tanner Hudson,Cincinnati Bengals,15,MIN,Home,5,5,49,9.8,14,0,13%,15.1%
Tanner Hudson,Cincinnati Bengals,16,PIT,Away,2,1,5,5,5,0,5%,1.5%
Tanner Hudson,Cincinnati Bengals,17,KC,Away,7,3,38,12.67,15,0,23%,19.3%
Taysom Hill,New Orleans Saints,1,TEN,Home,1,0,0,0,0,0,3%,0.0%
Taysom Hill,New Orleans Saints,2,CAR,Away,2,1,-1,-1,-1,0,6%,-0.4%
Taysom Hill,New Orleans Saints,3,GB,Away,1,1,9,9,9,0,3%,4.4%
Taysom Hill,New Orleans Saints,4,TB,Home,1,1,7,7,7,0,3%,5.0%
Taysom Hill,New Orleans Saints,5,NE,Away,1,1,1,1,1,0,4%,0.5%
Taysom Hill,New Orleans Saints,6,HOU,Away,8,7,49,7,11,0,17%,13.7%
Taysom Hill,New Orleans Saints,7,JAX,Home,5,4,50,12.5,19,0,9%,16.6%
Taysom Hill,New Orleans Saints,8,IND,Away,1,1,14,14,14,0,3%,4.0%
Taysom Hill,New Orleans Saints,9,CHI,Home,5,4,13,3.25,6,1,16%,6.1%
Taysom Hill,New Orleans Saints,10,MIN,Away,4,2,17,8.5,11,0,10%,7.3%
Taysom Hill,New Orleans Saints,12,ATL,Away,2,2,55,27.5,36,0,5%,18.1%
Taysom Hill,New Orleans Saints,13,DET,Home,2,2,15,7.5,18,0,7%,5.6%
Taysom Hill,New Orleans Saints,15,NYG,Home,1,1,4,4,4,0,4%,1.8%
Taysom Hill,New Orleans Saints,17,TB,Away,2,2,30,15,22,1,6%,14.4%
Teagan Quitoriano,Houston Texans,1,BAL,Away,1,1,11,11,11,0,2%,4.5%
Teagan Quitoriano,Houston Texans,3,JAX,Away,1,0,0,0,0,0,3%,0.0%
Teagan Quitoriano,Houston Texans,5,ATL,Away,1,1,22,22,22,0,3%,8.8%
Tee Higgins,Cincinnati Bengals,1,CLE,Away,8,0,0,0,0,0,26%,0.0%
Tee Higgins,Cincinnati Bengals,2,BAL,Home,12,8,89,11.12,20,2,31%,40.1%
Tee Higgins,Cincinnati Bengals,3,LAR,Home,8,2,21,10.5,13,0,17%,8.1%
Tee Higgins,Cincinnati Bengals,4,TEN,Away,4,2,19,9.5,10,0,15%,11.5%
Tee Higgins,Cincinnati Bengals,6,SEA,Home,4,2,20,10,11,0,11%,10.8%
Tee Higgins,Cincinnati Bengals,8,SF,Away,6,5,69,13.8,33,0,19%,24.4%
Tee Higgins,Cincinnati Bengals,9,BUF,Home,9,8,110,13.75,21,0,21%,31.6%
Tee Higgins,Cincinnati Bengals,13,JAX,Away,3,3,36,12,14,0,8%,10.4%
Tee Higgins,Cincinnati Bengals,14,IND,Home,4,2,72,36,46,0,16%,26.3%
Tee Higgins,Cincinnati Bengals,15,MIN,Home,8,4,61,15.25,21,2,20%,18.8%
Tee Higgins,Cincinnati Bengals,16,PIT,Away,8,5,140,28,80,1,20%,41.8%
Tee Higgins,Cincinnati Bengals,17,KC,Away,2,1,19,19,19,0,6%,9.6%
Terrace Marshall,Carolina Panthers,1,ATL,Away,6,2,23,11.5,12,0,19%,15.8%
Terrace Marshall,Carolina Panthers,3,SEA,Away,8,5,35,7,10,0,14%,9.7%
Terrace Marshall,Carolina Panthers,4,MIN,Home,10,9,56,6.22,14,0,32%,27.5%
Terrace Marshall,Carolina Panthers,6,MIA,Away,3,0,0,0,0,0,9%,0.0%
Terrace Marshall,Carolina Panthers,8,HOU,Home,1,1,9,9,9,0,3%,3.8%
Terrace Marshall,Carolina Panthers,9,IND,Home,1,0,0,0,0,0,3%,0.0%
Terrace Marshall,Carolina Panthers,10,CHI,Away,3,1,11,11,11,0,9%,5.9%
Terry McLaurin,Washington Commanders,1,ARI,Home,4,2,31,15.5,19,0,14%,15.3%
Terry McLaurin,Washington Commanders,2,DEN,Away,6,5,54,10.8,30,1,18%,18.1%
Terry McLaurin,Washington Commanders,3,BUF,Home,6,6,41,6.83,12,0,21%,24.1%
Terry McLaurin,Washington Commanders,4,PHI,Away,10,8,86,10.75,24,0,26%,29.7%
Terry McLaurin,Washington Commanders,5,CHI,Home,5,4,49,12.25,32,0,10%,12.6%
Terry McLaurin,Washington Commanders,6,ATL,Away,11,6,81,13.5,22,0,52%,53.6%
Terry McLaurin,Washington Commanders,7,NYG,Away,9,6,90,15,31,0,25%,36.1%
Terry McLaurin,Washington Commanders,8,PHI,Home,12,5,63,12.6,26,1,24%,15.9%
Terry McLaurin,Washington Commanders,9,NE,Away,7,5,73,14.6,36,0,16%,22.5%
Terry McLaurin,Washington Commanders,10,SEA,Away,8,4,33,8.25,13,0,19%,10.6%
Terry McLaurin,Washington Commanders,11,NYG,Home,7,5,43,8.6,11,0,17%,16.9%
Terry McLaurin,Washington Commanders,12,DAL,Away,11,4,50,12.5,24,0,25%,16.7%
Terry McLaurin,Washington Commanders,13,MIA,Home,3,0,0,0,0,0,14%,0.0%
Terry McLaurin,Washington Commanders,15,LAR,Away,12,6,141,23.5,48,1,35%,62.4%
Terry McLaurin,Washington Commanders,16,NYJ,Away,5,3,50,16.67,29,0,16%,32.1%
Terry McLaurin,Washington Commanders,17,SF,Home,6,4,61,15.25,42,1,23%,36.1%
Tim Jones,Jacksonville Jaguars,3,HOU,Home,3,2,11,5.5,6,0,8%,3.8%
Tim Jones,Jacksonville Jaguars,4,ATL,Home,1,1,-1,-1,-1,0,3%,-0.5%
Tim Jones,Jacksonville Jaguars,5,BUF,Away,1,0,0,0,0,0,3%,0.0%
Tim Jones,Jacksonville Jaguars,7,NO,Away,2,2,17,8.5,13,0,7%,7.8%
Tim Jones,Jacksonville Jaguars,10,SF,Home,2,2,17,8.5,12,0,6%,8.9%
Tim Jones,Jacksonville Jaguars,13,CIN,Home,1,0,0,0,0,0,3%,0.0%
Tim Jones,Jacksonville Jaguars,16,TB,Away,5,3,32,10.67,15,0,12%,10.5%
Tim Jones,Jacksonville Jaguars,17,CAR,Home,1,0,0,0,0,0,4%,0.0%
Tommy DeVito,New York Giants,9,LV,Away,0,0,0,0,0,0,0%,0.0%
Tommy Tremble,Carolina Panthers,3,SEA,Away,1,1,15,15,15,0,2%,4.2%
Tommy Tremble,Carolina Panthers,5,DET,Away,1,1,1,1,1,1,3%,0.4%
Tommy Tremble,Carolina Panthers,6,MIA,Away,2,2,25,12.5,21,0,6%,11.2%
Tommy Tremble,Carolina Panthers,8,HOU,Home,3,2,4,2,3,1,10%,1.7%
Tommy Tremble,Carolina Panthers,9,IND,Home,2,2,12,6,11,0,5%,6.9%
Tommy Tremble,Carolina Panthers,10,CHI,Away,3,3,16,5.33,11,0,9%,8.6%
Tommy Tremble,Carolina Panthers,11,DAL,Home,3,1,4,4,4,1,12%,3.3%
Tommy Tremble,Carolina Panthers,12,TEN,Away,1,1,7,7,7,0,4%,3.6%
Tommy Tremble,Carolina Panthers,14,NO,Away,3,1,2,2,2,0,9%,1.5%
Tommy Tremble,Carolina Panthers,15,ATL,Home,2,2,32,16,19,0,9%,19.2%
Tommy Tremble,Carolina Panthers,16,GB,Home,6,4,59,14.75,30,0,19%,18.9%
Tommy Tremble,Carolina Panthers,17,JAX,Away,3,1,6,6,6,0,10%,5.4%
Tony Jones,Arizona Cardinals,9,CLE,Away,3,2,5,2.5,4,0,15%,8.6%
Tony Jones,Arizona Cardinals,11,HOU,Away,1,1,11,11,11,0,3%,5.1%
Tony Jones,New Orleans Saints,2,CAR,Away,2,0,0,0,0,0,6%,0.0%
Tony Jones,New Orleans Saints,3,GB,Away,4,4,21,5.25,10,0,12%,10.3%
Tony Pollard,Dallas Cowboys,1,NYG,Away,3,2,12,6,7,0,12%,8.4%
Tony Pollard,Dallas Cowboys,2,NYJ,Home,8,7,37,5.29,19,0,22%,14.5%
Tony Pollard,Dallas Cowboys,3,ARI,Away,3,3,-1,-0.33,2,0,8%,-0.4%
Tony Pollard,Dallas Cowboys,4,NE,Home,3,3,13,4.33,6,0,8%,4.6%
Tony Pollard,Dallas Cowboys,5,SF,Away,5,4,35,8.75,26,0,19%,21.7%
Tony Pollard,Dallas Cowboys,6,LAC,Away,7,6,80,13.33,60,0,23%,29.4%
Tony Pollard,Dallas Cowboys,8,LAR,Home,1,1,2,2,2,0,3%,0.7%
Tony Pollard,Dallas Cowboys,9,PHI,Away,5,3,12,4,8,0,11%,3.2%
Tony Pollard,Dallas Cowboys,11,CAR,Away,5,4,19,4.75,12,0,13%,9.3%
Tony Pollard,Dallas Cowboys,12,WAS,Home,6,6,24,4,10,0,19%,7.3%
Tony Pollard,Dallas Cowboys,13,SEA,Home,4,3,15,5,12,0,10%,5.0%
Tony Pollard,Dallas Cowboys,14,PHI,Home,8,7,37,5.29,8,0,21%,13.7%
Tony Pollard,Dallas Cowboys,15,BUF,Away,3,2,5,2.5,5,0,9%,3.7%
Tony Pollard,Dallas Cowboys,16,MIA,Away,1,1,5,5,5,0,3%,2.0%
Tony Pollard,Dallas Cowboys,17,DET,Home,3,1,0,0,0,0,8%,0.0%
Travis Etienne,Jacksonville Jaguars,1,IND,Away,5,5,27,5.4,10,0,16%,11.2%
Travis Etienne,Jacksonville Jaguars,2,KC,Home,3,2,2,1,3,0,7%,0.9%
Travis Etienne,Jacksonville Jaguars,3,HOU,Home,5,4,50,12.5,18,0,13%,17.4%
Travis Etienne,Jacksonville Jaguars,4,ATL,Home,3,3,17,5.67,8,0,10%,8.2%
Travis Etienne,Jacksonville Jaguars,5,BUF,Away,5,4,48,12,22,0,14%,15.2%
Travis Etienne,Jacksonville Jaguars,6,IND,Home,3,3,28,9.33,13,0,11%,15.5%
Travis Etienne,Jacksonville Jaguars,7,NO,Away,5,3,24,8,15,0,17%,11.1%
Travis Etienne,Jacksonville Jaguars,8,PIT,Away,6,3,70,23.33,56,1,19%,24.0%
Travis Etienne,Jacksonville Jaguars,10,SF,Home,4,2,9,4.5,5,0,13%,4.7%
Travis Etienne,Jacksonville Jaguars,11,TEN,Home,3,3,7,2.33,5,0,10%,2.7%
Travis Etienne,Jacksonville Jaguars,12,HOU,Away,6,4,30,7.5,12,0,16%,8.2%
Travis Etienne,Jacksonville Jaguars,13,CIN,Home,4,4,34,8.5,19,0,10%,10.6%
Travis Etienne,Jacksonville Jaguars,14,CLE,Away,4,4,37,9.25,18,0,8%,14.4%
Travis Etienne,Jacksonville Jaguars,15,BAL,Home,6,4,28,7,13,0,14%,10.6%
Travis Etienne,Jacksonville Jaguars,16,TB,Away,3,3,19,6.33,11,0,7%,6.2%
Travis Etienne,Jacksonville Jaguars,17,CAR,Home,2,2,16,8,8,0,9%,9.0%
Travis Homer,Chicago Bears,7,LV,Home,1,0,0,0,0,0,4%,0.0%
Travis Kelce,Kansas City Chiefs,2,JAX,Away,9,4,26,6.5,9,1,23%,8.5%
Travis Kelce,Kansas City Chiefs,3,CHI,Home,8,7,69,9.86,24,1,22%,22.8%
Travis Kelce,Kansas City Chiefs,4,NYJ,Away,9,6,60,10,16,0,31%,29.6%
Travis Kelce,Kansas City Chiefs,5,MIN,Away,11,10,67,6.7,14,1,28%,23.8%
Travis Kelce,Kansas City Chiefs,6,DEN,Home,9,9,124,13.78,40,0,23%,40.5%
Travis Kelce,Kansas City Chiefs,7,LAC,Home,13,12,179,14.92,53,1,33%,42.2%
Travis Kelce,Kansas City Chiefs,8,DEN,Away,9,6,58,9.67,19,0,24%,24.1%
Travis Kelce,Kansas City Chiefs,9,MIA,Home,4,3,14,4.67,7,0,14%,7.6%
Travis Kelce,Kansas City Chiefs,11,PHI,Home,9,7,44,6.29,13,1,23%,24.9%
Travis Kelce,Kansas City Chiefs,12,LV,Away,7,6,91,15.17,27,0,22%,30.5%
Travis Kelce,Kansas City Chiefs,13,GB,Away,5,4,81,20.25,27,0,17%,38.6%
Travis Kelce,Kansas City Chiefs,14,BUF,Home,10,6,83,13.83,23,0,26%,30.6%
Travis Kelce,Kansas City Chiefs,15,NE,Away,7,5,28,5.6,11,0,20%,9.1%
Travis Kelce,Kansas City Chiefs,16,LV,Home,7,5,44,8.8,24,0,17%,17.9%
Travis Kelce,Kansas City Chiefs,17,CIN,Home,4,3,16,5.33,10,0,14%,6.5%
Trayveon Williams,Cincinnati Bengals,2,BAL,Home,2,2,4,2,3,0,5%,1.8%
Trayveon Williams,Cincinnati Bengals,3,LAR,Home,2,0,0,0,0,0,4%,0.0%
Trayveon Williams,Cincinnati Bengals,6,SEA,Home,2,2,3,1.5,5,0,6%,1.6%
Trayveon Williams,Cincinnati Bengals,10,HOU,Home,1,1,2,2,2,0,3%,0.6%
Trayveon Williams,Cincinnati Bengals,14,IND,Home,1,1,-1,-1,-1,0,4%,-0.4%
Trayveon Williams,Cincinnati Bengals,15,MIN,Home,1,1,2,2,2,0,3%,0.6%
Tre Tucker,Las Vegas Raiders,2,BUF,Away,1,0,0,0,0,0,4%,0.0%
Tre Tucker,Las Vegas Raiders,5,GB,Home,1,0,0,0,0,0,3%,0.0%
Tre Tucker,Las Vegas Raiders,6,NE,Home,2,2,57,28.5,48,0,6%,21.6%
Tre Tucker,Las Vegas Raiders,7,CHI,Away,3,2,16,8,12,0,7%,7.8%
Tre Tucker,Las Vegas Raiders,9,NYG,Home,3,2,52,26,50,0,13%,24.9%
Tre Tucker,Las Vegas Raiders,11,MIA,Away,7,2,36,18,19,0,18%,13.3%
Tre Tucker,Las Vegas Raiders,12,KC,Home,1,0,0,0,0,0,3%,0.0%
Tre Tucker,Las Vegas Raiders,14,MIN,Home,1,0,0,0,0,0,3%,0.0%
Tre Tucker,Las Vegas Raiders,15,LAC,Home,4,3,59,19.67,30,2,12%,22.7%
Tre Tucker,Las Vegas Raiders,16,KC,Away,1,1,-4,-4,-4,0,5%,-6.5%
Tre Tucker,Las Vegas Raiders,17,IND,Away,5,2,36,18,20,0,11%,12.0%
Trent Sherfield,Buffalo Bills,3,WAS,Away,3,2,18,9,9,0,10%,8.3%
Trent Sherfield,Buffalo Bills,4,MIA,Home,3,2,18,9,9,0,12%,5.6%
Trent Sherfield,Buffalo Bills,5,JAX,Home,1,1,3,3,3,0,3%,0.8%
Trent Sherfield,Buffalo Bills,7,NE,Away,1,1,5,5,5,0,3%,1.9%
Trent Sherfield,Buffalo Bills,9,CIN,Away,2,1,9,9,9,0,6%,3.5%
Trent Sherfield,Buffalo Bills,12,PHI,Away,3,0,0,0,0,0,6%,0.0%
Trent Sherfield,Buffalo Bills,14,KC,Away,2,1,9,9,9,0,6%,3.9%
Trent Sherfield,Buffalo Bills,17,NE,Home,3,0,0,0,0,0,11%,0.0%
Trent Taylor,Chicago Bears,6,MIN,Home,1,0,0,0,0,0,4%,0.0%
Trent Taylor,Chicago Bears,12,MIN,Away,1,0,0,0,0,0,3%,0.0%
Trenton Irwin,Cincinnati Bengals,4,TEN,Away,1,1,17,17,17,0,4%,10.3%
Trenton Irwin,Cincinnati Bengals,5,ARI,Away,10,8,60,7.5,13,0,23%,18.9%
Trenton Irwin,Cincinnati Bengals,8,SF,Away,2,2,24,12,21,0,6%,8.5%
Trenton Irwin,Cincinnati Bengals,10,HOU,Home,4,2,54,27,32,1,10%,15.6%
Trenton Irwin,Cincinnati Bengals,11,BAL,Away,5,3,36,12,14,0,16%,21.3%
Trenton Irwin,Cincinnati Bengals,12,PIT,Home,1,1,25,25,25,0,4%,11.0%
Trenton Irwin,Cincinnati Bengals,13,JAX,Away,1,1,25,25,25,0,3%,7.2%
Trenton Irwin,Cincinnati Bengals,16,PIT,Away,4,4,37,9.25,22,0,10%,11.0%
Trenton Irwin,Cincinnati Bengals,17,KC,Away,2,1,4,4,4,0,6%,2.0%
Trevon Wesco,Tennessee Titans,2,LAC,Home,1,0,0,0,0,0,4%,0.0%
Trevon Wesco,Tennessee Titans,5,IND,Away,1,1,21,21,21,0,3%,8.0%
Trevon Wesco,Tennessee Titans,13,IND,Home,1,0,0,0,0,0,3%,0.0%
Trey McBride,Arizona Cardinals,1,WAS,Away,2,2,23,11.5,13,0,7%,17.4%
Trey McBride,Arizona Cardinals,2,NYG,Home,3,2,32,16,23,0,10%,14.0%
Trey McBride,Arizona Cardinals,3,DAL,Home,1,1,2,2,2,0,5%,1.1%
Trey McBride,Arizona Cardinals,4,SF,Away,1,1,5,5,5,0,2%,1.9%
Trey McBride,Arizona Cardinals,5,CIN,Home,3,2,17,8.5,13,0,10%,10.2%
Trey McBride,Arizona Cardinals,6,LAR,Away,5,4,62,15.5,27,0,13%,26.4%
Trey McBride,Arizona Cardinals,7,SEA,Away,6,3,29,9.67,19,0,18%,19.3%
Trey McBride,Arizona Cardinals,8,BAL,Home,14,10,95,9.5,22,1,39%,45.7%
Trey McBride,Arizona Cardinals,9,CLE,Away,5,3,22,7.33,12,0,25%,37.9%
Trey McBride,Arizona Cardinals,10,ATL,Home,9,8,131,16.38,33,0,29%,52.6%
Trey McBride,Arizona Cardinals,11,HOU,Away,7,5,43,8.6,13,0,24%,20.1%
Trey McBride,Arizona Cardinals,12,LAR,Home,9,7,60,8.57,16,0,20%,23.4%
Trey McBride,Arizona Cardinals,13,PIT,Away,9,8,89,11.12,17,1,39%,61.4%
Trey McBride,Arizona Cardinals,15,SF,Home,11,10,102,10.2,38,0,29%,48.3%
Trey McBride,Arizona Cardinals,16,CHI,Away,8,6,31,5.17,10,0,22%,13.5%
Trey McBride,Arizona Cardinals,17,PHI,Away,7,6,48,8,26,0,23%,20.7%
Trey Palmer,Tampa Bay Buccaneers,1,MIN,Away,3,2,8,4,7,1,9%,4.6%
Trey Palmer,Tampa Bay Buccaneers,2,CHI,Home,2,1,20,20,20,0,6%,6.3%
Trey Palmer,Tampa Bay Buccaneers,3,PHI,Home,1,1,8,8,8,0,4%,5.5%
Trey Palmer,Tampa Bay Buccaneers,4,NO,Away,3,2,6,3,5,1,10%,2.4%
Trey Palmer,Tampa Bay Buccaneers,6,DET,Home,7,2,47,23.5,26,0,19%,22.8%
Trey Palmer,Tampa Bay Buccaneers,7,ATL,Home,2,1,5,5,5,0,5%,1.8%
Trey Palmer,Tampa Bay Buccaneers,8,BUF,Away,6,3,22,7.33,15,0,15%,9.3%
Trey Palmer,Tampa Bay Buccaneers,9,HOU,Away,4,3,51,17,21,0,13%,19.2%
Trey Palmer,Tampa Bay Buccaneers,10,TEN,Home,4,2,21,10.5,15,0,14%,7.6%
Trey Palmer,Tampa Bay Buccaneers,11,SF,Away,6,4,22,5.5,17,0,14%,8.9%
Trey Palmer,Tampa Bay Buccaneers,12,IND,Away,5,4,17,4.25,7,0,17%,8.5%
Trey Palmer,Tampa Bay Buccaneers,13,CAR,Home,5,2,12,6,6,0,19%,5.9%
Trey Palmer,Tampa Bay Buccaneers,14,ATL,Away,1,1,5,5,5,0,3%,3.5%
Trey Palmer,Tampa Bay Buccaneers,15,GB,Away,2,1,5,5,5,0,7%,1.3%
Trey Palmer,Tampa Bay Buccaneers,16,JAX,Home,6,4,42,10.5,18,0,17%,14.8%
Trey Palmer,Tampa Bay Buccaneers,17,NO,Home,5,4,84,21,54,1,15%,27.2%
Trey Pipkins,Los Angeles Chargers,2,TEN,Away,0,0,0,0,0,0,0%,0.0%
Trey Sermon,Indianapolis Colts,3,BAL,Away,2,1,4,4,4,0,5%,1.8%
Trey Sermon,Indianapolis Colts,6,JAX,Away,1,0,0,0,0,0,2%,0.0%
Trey Sermon,Indianapolis Colts,13,TEN,Away,1,0,0,0,0,0,2%,0.0%
Trey Sermon,Indianapolis Colts,17,LV,Home,2,2,9,4.5,7,0,10%,4.0%
Treylon Burks,Tennessee Titans,1,NO,Away,3,2,18,9,14,0,9%,9.1%
Treylon Burks,Tennessee Titans,2,LAC,Home,4,3,76,25.33,70,0,17%,30.9%
Treylon Burks,Tennessee Titans,3,CLE,Away,6,1,5,5,5,0,25%,4.8%
Treylon Burks,Tennessee Titans,8,ATL,Home,2,0,0,0,0,0,7%,0.0%
Treylon Burks,Tennessee Titans,9,PIT,Away,3,2,23,11.5,21,0,8%,8.8%
Treylon Burks,Tennessee Titans,14,MIA,Away,3,1,1,1,1,0,8%,0.3%
Treylon Burks,Tennessee Titans,15,HOU,Home,3,3,62,20.67,37,0,12%,31.2%
Treylon Burks,Tennessee Titans,16,SEA,Home,3,2,25,12.5,13,0,13%,15.2%
Treylon Burks,Tennessee Titans,17,HOU,Away,3,2,11,5.5,7,0,12%,6.0%
Trishton Jackson,Minnesota Vikings,7,SF,Home,1,1,7,7,7,0,2%,1.9%
Trishton Jackson,Minnesota Vikings,9,ATL,Away,3,1,2,2,2,0,9%,0.8%
Tucker Fisk,Atlanta Falcons,15,CAR,Away,1,1,9,9,9,0,5%,5.9%
Tucker Kraft,Green Bay Packers,4,DET,Home,2,2,5,2.5,6,0,6%,2.0%
Tucker Kraft,Green Bay Packers,10,PIT,Away,3,1,6,6,6,0,8%,2.1%
Tucker Kraft,Green Bay Packers,11,LAC,Home,2,2,32,16,27,0,5%,9.9%
Tucker Kraft,Green Bay Packers,12,DET,Away,2,2,15,7.5,9,1,7%,5.6%
Tucker Kraft,Green Bay Packers,13,KC,Home,6,3,37,12.33,19,0,17%,13.9%
Tucker Kraft,Green Bay Packers,14,NYG,Away,4,4,64,16,43,0,11%,29.4%
Tucker Kraft,Green Bay Packers,15,TB,Home,6,4,57,14.25,36,1,17%,20.1%
Tucker Kraft,Green Bay Packers,16,CAR,Away,6,4,60,15,27,0,23%,27.4%
Tucker Kraft,Green Bay Packers,17,MIN,Away,6,6,48,8,13,0,18%,16.4%
Ty Chandler,Minnesota Vikings,1,TB,Home,1,1,18,18,18,0,2%,5.2%
Ty Chandler,Minnesota Vikings,2,PHI,Away,2,2,9,4.5,5,0,5%,2.5%
Ty Chandler,Minnesota Vikings,3,LAC,Home,2,1,4,4,4,0,4%,1.1%
Ty Chandler,Minnesota Vikings,7,SF,Home,1,1,12,12,12,0,2%,3.2%
Ty Chandler,Minnesota Vikings,11,DEN,Away,4,4,37,9.25,19,0,14%,16.7%
Ty Chandler,Minnesota Vikings,12,CHI,Home,2,1,3,3,3,0,7%,1.6%
Ty Chandler,Minnesota Vikings,14,LV,Away,3,3,7,2.33,6,0,9%,4.8%
Ty Chandler,Minnesota Vikings,15,CIN,Away,4,3,25,8.33,16,0,13%,8.3%
Ty Chandler,Minnesota Vikings,17,GB,Home,3,3,24,8,13,0,10%,13.3%
Ty Johnson,Buffalo Bills,11,NYJ,Home,3,3,47,15.67,28,1,10%,17.1%
Ty Johnson,Buffalo Bills,14,KC,Away,2,2,2,1,3,0,6%,0.9%
Ty Johnson,Buffalo Bills,15,DAL,Home,1,1,4,4,4,0,8%,4.3%
Ty Montgomery,New England Patriots,1,PHI,Home,3,2,9,4.5,11,0,6%,2.8%
Ty Montgomery,New England Patriots,2,MIA,Home,1,0,0,0,0,0,2%,0.0%
Ty Montgomery,New England Patriots,5,NO,Home,4,1,5,5,5,0,13%,3.8%
Ty Montgomery,New England Patriots,6,LV,Away,1,1,9,9,9,0,3%,4.5%
Ty Montgomery,New England Patriots,12,NYG,Away,1,0,0,0,0,0,3%,0.0%
Ty Montgomery,New England Patriots,14,PIT,Away,2,1,17,17,17,0,8%,7.1%
Tyjae Spears,Tennessee Titans,1,NO,Away,4,1,1,1,1,0,12%,0.5%
Tyjae Spears,Tennessee Titans,2,LAC,Home,2,2,6,3,4,0,8%,2.4%
Tyjae Spears,Tennessee Titans,3,CLE,Away,4,4,3,0.75,5,0,17%,2.9%
Tyjae Spears,Tennessee Titans,4,CIN,Home,4,3,18,6,9,0,15%,7.4%
Tyjae Spears,Tennessee Titans,5,IND,Away,5,4,35,8.75,14,0,15%,13.3%
Tyjae Spears,Tennessee Titans,6,BAL,Home,1,1,48,48,48,0,5%,32.0%
Tyjae Spears,Tennessee Titans,8,ATL,Home,4,3,9,3,5,0,15%,3.8%
Tyjae Spears,Tennessee Titans,9,PIT,Away,6,4,4,1,8,0,16%,1.5%
Tyjae Spears,Tennessee Titans,10,TB,Away,5,4,42,10.5,15,0,13%,21.1%
Tyjae Spears,Tennessee Titans,11,JAX,Away,2,2,12,6,6,0,12%,7.6%
Tyjae Spears,Tennessee Titans,12,CAR,Home,3,1,1,1,1,0,11%,0.5%
Tyjae Spears,Tennessee Titans,13,IND,Home,6,4,13,3.25,7,0,18%,5.8%
Tyjae Spears,Tennessee Titans,14,MIA,Away,8,6,89,14.83,30,0,22%,27.2%
Tyjae Spears,Tennessee Titans,15,HOU,Home,1,1,7,7,7,0,4%,3.5%
Tyjae Spears,Tennessee Titans,16,SEA,Home,6,5,27,5.4,13,0,25%,16.5%
Tyjae Spears,Tennessee Titans,17,HOU,Away,6,4,29,7.25,10,0,24%,15.8%
Tyler Allgeier,Atlanta Falcons,1,CAR,Home,3,3,19,6.33,12,0,17%,16.5%
Tyler Allgeier,Atlanta Falcons,3,DET,Away,3,2,17,8.5,16,0,8%,8.5%
Tyler Allgeier,Atlanta Falcons,4,JAX,Away,2,1,-4,-4,-4,0,7%,-2.1%
Tyler Allgeier,Atlanta Falcons,5,HOU,Home,1,0,0,0,0,0,3%,0.0%
Tyler Allgeier,Atlanta Falcons,6,WAS,Home,1,0,0,0,0,0,2%,0.0%
Tyler Allgeier,Atlanta Falcons,7,TB,Away,3,3,53,17.67,46,0,14%,21.2%
Tyler Allgeier,Atlanta Falcons,9,MIN,Home,3,2,-9,-4.5,-1,0,9%,-3.4%
Tyler Allgeier,Atlanta Falcons,10,ARI,Away,1,1,7,7,7,0,6%,7.4%
Tyler Allgeier,Atlanta Falcons,15,CAR,Away,1,1,6,6,6,0,5%,3.9%
Tyler Allgeier,Atlanta Falcons,16,IND,Home,1,1,19,19,19,0,3%,8.3%
Tyler Allgeier,Atlanta Falcons,17,CHI,Away,1,1,75,75,75,1,3%,41.7%
Tyler Boyd,Cincinnati Bengals,1,CLE,Away,3,2,10,5,6,0,10%,12.2%
Tyler Boyd,Cincinnati Bengals,2,BAL,Home,8,6,52,8.67,13,0,21%,23.4%
Tyler Boyd,Cincinnati Bengals,3,LAR,Home,9,5,39,7.8,12,0,20%,15.1%
Tyler Boyd,Cincinnati Bengals,4,TEN,Away,7,4,26,6.5,9,0,26%,15.8%
Tyler Boyd,Cincinnati Bengals,5,ARI,Away,7,6,39,6.5,14,0,16%,12.3%
Tyler Boyd,Cincinnati Bengals,6,SEA,Home,7,7,38,5.43,9,1,20%,20.5%
Tyler Boyd,Cincinnati Bengals,8,SF,Away,3,3,40,13.33,22,1,9%,14.1%
Tyler Boyd,Cincinnati Bengals,9,BUF,Home,5,3,56,18.67,32,0,12%,16.1%
Tyler Boyd,Cincinnati Bengals,10,HOU,Home,12,8,117,14.62,64,0,31%,33.7%
Tyler Boyd,Cincinnati Bengals,11,BAL,Away,6,3,22,7.33,13,0,19%,13.0%
Tyler Boyd,Cincinnati Bengals,12,PIT,Home,5,3,23,7.67,10,0,20%,10.1%
Tyler Boyd,Cincinnati Bengals,13,JAX,Away,7,5,37,7.4,10,0,19%,10.7%
Tyler Boyd,Cincinnati Bengals,14,IND,Home,3,2,23,11.5,17,0,12%,8.4%
Tyler Boyd,Cincinnati Bengals,15,MIN,Home,5,2,53,26.5,44,0,13%,16.4%
Tyler Boyd,Cincinnati Bengals,16,PIT,Away,7,5,59,11.8,29,0,18%,17.6%
Tyler Boyd,Cincinnati Bengals,17,KC,Away,2,2,29,14.5,23,0,6%,14.7%
Tyler Conklin,New York Jets,1,BUF,Home,1,1,2,2,2,0,6%,1.4%
Tyler Conklin,New York Jets,2,DAL,Away,6,5,50,10,17,0,24%,29.4%
Tyler Conklin,New York Jets,3,NE,Home,5,3,26,8.67,18,0,18%,16.6%
Tyler Conklin,New York Jets,4,KC,Home,6,4,58,14.5,25,0,15%,23.7%
Tyler Conklin,New York Jets,5,DEN,Away,5,4,67,16.75,37,0,19%,33.7%
Tyler Conklin,New York Jets,6,PHI,Home,4,3,24,8,14,0,12%,12.9%
Tyler Conklin,New York Jets,8,NYG,Away,2,0,0,0,0,0,6%,0.0%
Tyler Conklin,New York Jets,9,LAC,Home,6,6,66,11,33,0,13%,25.1%
Tyler Conklin,New York Jets,10,LV,Away,7,7,70,10,27,0,19%,26.6%
Tyler Conklin,New York Jets,11,BUF,Away,3,2,18,9,13,0,11%,13.6%
Tyler Conklin,New York Jets,12,MIA,Home,5,4,33,8.25,9,0,14%,18.4%
Tyler Conklin,New York Jets,13,ATL,Home,9,3,35,11.67,16,0,25%,16.4%
Tyler Conklin,New York Jets,14,HOU,Home,6,4,57,14.25,24,0,17%,18.9%
Tyler Conklin,New York Jets,15,MIA,Away,7,4,18,4.5,10,0,21%,13.2%
Tyler Conklin,New York Jets,16,WAS,Home,7,4,36,9,13,0,16%,16.6%
Tyler Conklin,New York Jets,17,CLE,Away,5,5,45,9,20,0,11%,17.2%
Tyler Goodson,Indianapolis Colts,13,TEN,Away,2,2,11,5.5,7,0,5%,3.5%
Tyler Goodson,Indianapolis Colts,14,CIN,Away,1,1,-2,-2,-2,0,3%,-0.8%
Tyler Goodson,Indianapolis Colts,15,PIT,Home,2,2,10,5,7,0,7%,4.7%
Tyler Goodson,Indianapolis Colts,16,ATL,Away,2,1,15,15,15,0,6%,7.5%
Tyler Higbee,Los Angeles Rams,1,SEA,Away,3,3,49,16.33,30,0,8%,14.7%
Tyler Higbee,Los Angeles Rams,2,SF,Home,7,3,12,4,6,0,13%,3.9%
Tyler Higbee,Los Angeles Rams,3,CIN,Away,5,5,71,14.2,22,0,16%,26.4%
Tyler Higbee,Los Angeles Rams,4,IND,Away,11,5,64,12.8,33,0,28%,20.1%
Tyler Higbee,Los Angeles Rams,5,PHI,Home,3,2,20,10,12,0,9%,9.0%
Tyler Higbee,Los Angeles Rams,6,ARI,Home,3,2,18,9,9,0,14%,8.0%
Tyler Higbee,Los Angeles Rams,7,PIT,Home,3,1,7,7,7,0,11%,3.0%
Tyler Higbee,Los Angeles Rams,8,DAL,Away,7,5,45,9,20,0,22%,22.1%
Tyler Higbee,Los Angeles Rams,9,GB,Away,1,0,0,0,0,0,4%,0.0%
Tyler Higbee,Los Angeles Rams,11,SEA,Home,3,1,17,17,17,0,10%,8.9%
Tyler Higbee,Los Angeles Rams,12,ARI,Away,5,5,29,5.8,7,2,16%,12.7%
Tyler Higbee,Los Angeles Rams,13,CLE,Home,4,2,35,17.5,21,0,12%,12.5%
Tyler Higbee,Los Angeles Rams,15,WAS,Home,5,4,36,9,14,0,16%,14.0%
Tyler Higbee,Los Angeles Rams,16,NO,Home,3,3,30,10,22,0,9%,9.1%
Tyler Higbee,Los Angeles Rams,17,NYG,Away,7,6,62,10.33,18,0,21%,19.6%
Tyler Lockett,Seattle Seahawks,1,LAR,Home,4,2,10,5,5,0,17%,8.9%
Tyler Lockett,Seattle Seahawks,2,DET,Away,10,8,59,7.38,12,2,27%,18.0%
Tyler Lockett,Seattle Seahawks,3,CAR,Home,7,3,34,11.33,16,0,20%,11.5%
Tyler Lockett,Seattle Seahawks,4,NYG,Away,6,4,54,13.5,23,0,23%,31.2%
Tyler Lockett,Seattle Seahawks,6,CIN,Away,8,6,94,15.67,36,0,22%,29.1%
Tyler Lockett,Seattle Seahawks,7,ARI,Home,5,4,38,9.5,15,0,21%,17.4%
Tyler Lockett,Seattle Seahawks,8,CLE,Home,9,8,81,10.12,17,1,25%,31.9%
Tyler Lockett,Seattle Seahawks,9,BAL,Away,8,3,32,10.67,18,0,32%,20.4%
Tyler Lockett,Seattle Seahawks,10,WAS,Home,10,8,92,11.5,20,1,24%,24.9%
Tyler Lockett,Seattle Seahawks,11,LAR,Away,7,5,51,10.2,13,0,18%,21.6%
Tyler Lockett,Seattle Seahawks,12,SF,Home,5,3,30,10,11,0,19%,16.7%
Tyler Lockett,Seattle Seahawks,13,DAL,Away,8,5,47,9.4,17,0,21%,14.1%
Tyler Lockett,Seattle Seahawks,14,SF,Away,6,6,89,14.83,24,0,19%,33.1%
Tyler Lockett,Seattle Seahawks,15,PHI,Home,9,3,21,7,12,0,28%,10.1%
Tyler Lockett,Seattle Seahawks,16,TEN,Away,11,8,81,10.12,21,0,31%,35.7%
Tyler Lockett,Seattle Seahawks,17,PIT,Home,5,1,10,10,10,0,15%,3.4%
Tyler Scott,Chicago Bears,1,GB,Home,2,2,14,7,9,0,6%,6.5%
Tyler Scott,Chicago Bears,3,KC,Away,3,1,6,6,6,0,15%,6.1%
Tyler Scott,Chicago Bears,6,MIN,Home,4,2,12,6,7,0,17%,8.5%
Tyler Scott,Chicago Bears,7,LV,Home,3,2,19,9.5,13,0,11%,11.7%
Tyler Scott,Chicago Bears,8,LAC,Away,3,1,11,11,11,0,8%,4.7%
Tyler Scott,Chicago Bears,9,NO,Away,2,0,0,0,0,0,8%,0.0%
Tyler Scott,Chicago Bears,10,CAR,Home,1,1,15,15,15,0,3%,9.3%
Tyler Scott,Chicago Bears,11,DET,Away,2,1,4,4,4,0,9%,2.4%
Tyler Scott,Chicago Bears,14,DET,Home,1,1,11,11,11,0,3%,4.9%
Tyler Scott,Chicago Bears,15,CLE,Away,4,3,49,16.33,30,0,11%,29.5%
Tyler Scott,Chicago Bears,17,ATL,Home,5,2,15,7.5,16,0,17%,5.6%
Tyquan Thornton,New England Patriots,6,LV,Away,2,1,6,6,6,0,6%,3.0%
Tyquan Thornton,New England Patriots,7,BUF,Home,1,1,2,2,2,0,3%,0.7%
Tyquan Thornton,New England Patriots,9,WAS,Home,4,1,7,7,7,0,9%,3.2%
Tyquan Thornton,New England Patriots,12,NYG,Away,5,2,19,9.5,15,0,14%,13.3%
Tyquan Thornton,New England Patriots,13,LAC,Home,1,0,0,0,0,0,4%,0.0%
Tyquan Thornton,New England Patriots,14,PIT,Away,5,3,17,5.67,11,0,19%,7.1%
Tyquan Thornton,New England Patriots,15,KC,Home,1,1,5,5,5,0,3%,2.8%
Tyquan Thornton,New England Patriots,16,DEN,Away,1,1,11,11,11,0,3%,4.3%
Tyquan Thornton,New England Patriots,17,BUF,Away,3,3,24,8,14,0,13%,11.5%
Tyreek Hill,Miami Dolphins,1,LAC,Away,15,11,215,19.55,47,2,34%,46.1%
Tyreek Hill,Miami Dolphins,2,NE,Away,9,5,40,8,15,1,31%,16.1%
Tyreek Hill,Miami Dolphins,3,DEN,Home,11,9,157,17.44,54,1,39%,41.8%
Tyreek Hill,Miami Dolphins,4,BUF,Away,5,3,58,19.33,20,0,15%,20.6%
Tyreek Hill,Miami Dolphins,5,NYG,Home,9,8,181,22.62,69,1,32%,58.8%
Tyreek Hill,Miami Dolphins,6,CAR,Home,10,6,163,27.17,47,1,33%,62.2%
Tyreek Hill,Miami Dolphins,7,PHI,Away,15,11,88,8,27,1,47%,40.7%
Tyreek Hill,Miami Dolphins,8,NE,Home,13,8,112,14,42,1,30%,34.6%
Tyreek Hill,Miami Dolphins,9,KC,Away,10,8,62,7.75,19,0,30%,32.1%
Tyreek Hill,Miami Dolphins,11,LV,Home,11,10,146,14.6,38,1,31%,44.9%
Tyreek Hill,Miami Dolphins,12,NYJ,Away,12,9,102,11.33,35,1,43%,42.0%
Tyreek Hill,Miami Dolphins,13,WAS,Away,7,5,157,31.4,78,2,28%,55.5%
Tyreek Hill,Miami Dolphins,14,TEN,Home,5,4,61,15.25,25,0,15%,25.4%
Tyreek Hill,Miami Dolphins,16,DAL,Home,14,9,99,11,20,0,39%,33.8%
Tyreek Hill,Miami Dolphins,17,BAL,Away,12,6,76,12.67,25,0,33%,32.1%
Van Jefferson,Atlanta Falcons,6,WAS,Home,2,0,0,0,0,0,5%,0.0%
Van Jefferson,Atlanta Falcons,7,TB,Away,2,1,5,5,5,0,9%,2.0%
Van Jefferson,Atlanta Falcons,8,TEN,Away,5,3,24,8,11,0,15%,9.8%
Van Jefferson,Atlanta Falcons,9,MIN,Home,4,1,14,14,14,0,12%,5.2%
Van Jefferson,Atlanta Falcons,10,ARI,Away,1,0,0,0,0,0,6%,0.0%
Van Jefferson,Atlanta Falcons,12,NO,Home,2,1,13,13,13,0,10%,7.7%
Van Jefferson,Atlanta Falcons,15,CAR,Away,1,0,0,0,0,0,5%,0.0%
Van Jefferson,Atlanta Falcons,16,IND,Home,3,1,13,13,13,0,9%,5.7%
Van Jefferson,Atlanta Falcons,17,CHI,Away,5,3,19,6.33,9,0,16%,10.6%
Van Jefferson,Los Angeles Rams,1,SEA,Away,5,4,24,6,10,0,14%,7.2%
Van Jefferson,Los Angeles Rams,2,SF,Home,4,1,9,9,9,0,8%,2.9%
Van Jefferson,Los Angeles Rams,3,CIN,Away,3,1,46,46,46,0,9%,17.1%
Van Jefferson,Los Angeles Rams,4,IND,Away,3,2,29,14.5,16,0,8%,9.1%
Velus Jones,Chicago Bears,6,MIN,Home,1,1,5,5,5,0,4%,3.5%
Velus Jones,Chicago Bears,7,LV,Home,1,1,0,0,0,0,4%,0.0%
Velus Jones,Chicago Bears,8,LAC,Away,2,1,4,4,4,0,5%,1.7%
Velus Jones,Chicago Bears,9,NO,Away,1,0,0,0,0,0,4%,0.0%
Velus Jones,Chicago Bears,14,DET,Home,1,1,11,11,11,0,3%,4.9%
Velus Jones,Chicago Bears,16,ARI,Home,1,0,0,0,0,0,4%,0.0%
Wan'Dale Robinson,New York Giants,3,SF,Away,5,4,21,5.25,8,0,16%,15.3%
Wan'Dale Robinson,New York Giants,4,SEA,Home,6,5,40,8,12,0,19%,19.7%
Wan'Dale Robinson,New York Giants,5,MIA,Away,6,5,18,3.6,7,0,20%,8.8%
Wan'Dale Robinson,New York Giants,6,BUF,Away,8,8,62,7.75,13,0,26%,31.0%
Wan'Dale Robinson,New York Giants,7,WAS,Home,2,1,22,22,22,0,7%,7.9%
Wan'Dale Robinson,New York Giants,8,NYJ,Home,1,0,0,0,0,0,8%,0.0%
Wan'Dale Robinson,New York Giants,9,LV,Away,5,4,35,8.75,12,1,17%,17.5%
Wan'Dale Robinson,New York Giants,10,DAL,Away,3,2,6,3,6,0,12%,7.0%
Wan'Dale Robinson,New York Giants,11,WAS,Away,4,3,35,11.67,21,0,15%,14.2%
Wan'Dale Robinson,New York Giants,12,NE,Home,5,4,26,6.5,11,0,21%,13.6%
Wan'Dale Robinson,New York Giants,14,GB,Home,7,6,79,13.17,32,0,35%,50.0%
Wan'Dale Robinson,New York Giants,15,NO,Away,4,4,25,6.25,13,0,12%,13.2%
Wan'Dale Robinson,New York Giants,16,PHI,Away,7,3,16,5.33,8,0,26%,8.5%
Wan'Dale Robinson,New York Giants,17,LAR,Home,9,6,55,9.17,20,0,23%,17.2%
Will Dissly,Seattle Seahawks,1,LAR,Home,2,2,17,8.5,10,0,8%,15.2%
Will Dissly,Seattle Seahawks,2,DET,Away,3,3,35,11.67,16,0,8%,10.7%
Will Dissly,Seattle Seahawks,6,CIN,Away,1,1,4,4,4,0,3%,1.2%
Will Dissly,Seattle Seahawks,9,BAL,Away,1,0,0,0,0,0,4%,0.0%
Will Dissly,Seattle Seahawks,10,WAS,Home,2,2,22,11,16,0,5%,6.0%
Will Dissly,Seattle Seahawks,11,LAR,Away,3,1,9,9,9,0,8%,3.8%
Will Dissly,Seattle Seahawks,12,SF,Home,1,1,21,21,21,0,4%,11.7%
Will Dissly,Seattle Seahawks,13,DAL,Away,2,0,0,0,0,0,5%,0.0%
Will Dissly,Seattle Seahawks,14,SF,Away,1,1,3,3,3,0,3%,1.1%
Will Dissly,Seattle Seahawks,15,PHI,Home,2,2,9,4.5,5,0,6%,4.3%
Will Dissly,Seattle Seahawks,16,TEN,Away,1,1,6,6,6,0,3%,2.6%
Will Mallory,Indianapolis Colts,2,HOU,Away,2,2,49,24.5,43,0,6%,21.6%
Will Mallory,Indianapolis Colts,6,JAX,Away,1,0,0,0,0,0,2%,0.0%
Will Mallory,Indianapolis Colts,7,CLE,Home,1,0,0,0,0,0,5%,0.0%
Will Mallory,Indianapolis Colts,8,NO,Home,2,1,6,6,6,0,5%,2.8%
Will Mallory,Indianapolis Colts,10,NE,Away,2,1,7,7,7,0,8%,3.6%
Will Mallory,Indianapolis Colts,12,TB,Home,3,2,29,14.5,17,0,8%,11.6%
Will Mallory,Indianapolis Colts,13,TEN,Away,4,2,4,2,3,0,10%,1.3%
Will Mallory,Indianapolis Colts,14,CIN,Away,5,5,46,9.2,16,0,13%,19.2%
Will Mallory,Indianapolis Colts,16,ATL,Away,4,4,47,11.75,18,0,11%,23.4%
Will Mallory,Indianapolis Colts,17,LV,Home,1,1,19,19,19,0,5%,8.5%
Willie Snead,San Francisco 49ers,4,ARI,Home,1,1,9,9,9,0,5%,3.2%
Willie Snead,San Francisco 49ers,16,BAL,Home,2,1,5,5,5,0,5%,1.5%
Xavier Gipson,New York Jets,4,KC,Home,1,1,4,4,4,0,3%,1.6%
Xavier Gipson,New York Jets,8,NYG,Away,1,0,0,0,0,0,3%,0.0%
Xavier Gipson,New York Jets,9,LAC,Home,2,2,32,16,19,0,4%,12.2%
Xavier Gipson,New York Jets,10,LV,Away,3,1,24,24,24,0,8%,9.1%
Xavier Gipson,New York Jets,11,BUF,Away,2,1,7,7,7,0,7%,5.3%
Xavier Gipson,New York Jets,12,MIA,Home,2,2,15,7.5,8,0,6%,8.4%
Xavier Gipson,New York Jets,13,ATL,Home,6,5,77,15.4,36,0,17%,36.0%
Xavier Gipson,New York Jets,14,HOU,Home,1,1,3,3,3,0,3%,1.0%
Xavier Gipson,New York Jets,15,MIA,Away,6,2,29,14.5,21,0,18%,21.3%
Xavier Gipson,New York Jets,16,WAS,Home,2,1,1,1,1,0,4%,0.5%
Xavier Gipson,New York Jets,17,CLE,Away,7,4,33,8.25,15,0,16%,12.6%
Xavier Hutchinson,Houston Texans,1,BAL,Away,1,1,9,9,9,0,2%,3.7%
Xavier Hutchinson,Houston Texans,2,IND,Home,1,0,0,0,0,0,2%,0.0%
Xavier Hutchinson,Houston Texans,10,CIN,Away,1,0,0,0,0,0,3%,0.0%
Xavier Hutchinson,Houston Texans,12,JAX,Home,1,1,34,34,34,0,3%,11.2%
Xavier Hutchinson,Houston Texans,14,NYJ,Away,3,2,15,7.5,8,0,11%,15.8%
Xavier Hutchinson,Houston Texans,15,TEN,Away,3,0,0,0,0,0,9%,0.0%
Xavier Hutchinson,Houston Texans,16,CLE,Home,2,1,18,18,18,0,4%,8.5%
Xavier Hutchinson,Houston Texans,17,TEN,Home,3,2,8,4,8,0,10%,3.8%
Zach Charbonnet,Seattle Seahawks,2,DET,Away,2,2,14,7,9,0,5%,4.3%
Zach Charbonnet,Seattle Seahawks,3,CAR,Home,2,1,-1,-1,-1,0,6%,-0.3%
Zach Charbonnet,Seattle Seahawks,4,NYG,Away,3,1,9,9,9,0,12%,5.2%
Zach Charbonnet,Seattle Seahawks,6,CIN,Away,2,2,14,7,10,0,5%,4.3%
Zach Charbonnet,Seattle Seahawks,8,CLE,Home,2,2,11,5.5,7,0,6%,4.3%
Zach Charbonnet,Seattle Seahawks,9,BAL,Away,1,1,5,5,5,0,4%,3.2%
Zach Charbonnet,Seattle Seahawks,10,WAS,Home,5,4,18,4.5,6,0,12%,4.9%
Zach Charbonnet,Seattle Seahawks,11,LAR,Away,6,6,22,3.67,9,0,16%,9.3%
Zach Charbonnet,Seattle Seahawks,12,SF,Home,4,4,11,2.75,7,0,15%,6.1%
Zach Charbonnet,Seattle Seahawks,13,DAL,Away,2,1,39,39,39,0,5%,11.7%
Zach Charbonnet,Seattle Seahawks,14,SF,Away,1,1,4,4,4,0,3%,1.5%
Zach Charbonnet,Seattle Seahawks,15,PHI,Home,1,0,0,0,0,0,3%,0.0%
Zach Charbonnet,Seattle Seahawks,16,TEN,Away,2,1,-4,-4,-4,0,6%,-1.8%
Zach Charbonnet,Seattle Seahawks,17,PIT,Home,5,5,39,7.8,15,0,15%,13.4%
Zach Ertz,Arizona Cardinals,1,WAS,Away,10,6,21,3.5,6,0,33%,15.9%
Zach Ertz,Arizona Cardinals,2,NYG,Home,8,6,56,9.33,17,0,28%,24.6%
Zach Ertz,Arizona Cardinals,3,DAL,Home,2,2,6,3,5,0,10%,3.2%
Zach Ertz,Arizona Cardinals,4,SF,Away,10,6,53,8.83,15,0,24%,20.0%
Zach Ertz,Arizona Cardinals,5,CIN,Home,4,2,10,5,6,1,13%,6.0%
Zach Ertz,Arizona Cardinals,6,LAR,Away,5,2,22,11,12,0,13%,9.4%
Zach Ertz,Arizona Cardinals,7,SEA,Away,4,3,19,6.33,9,0,12%,12.7%
Zach Pascal,Arizona Cardinals,1,WAS,Away,1,0,0,0,0,0,3%,0.0%
Zach Pascal,Arizona Cardinals,2,NYG,Home,1,1,9,9,9,0,3%,3.9%
Zach Pascal,Arizona Cardinals,4,SF,Away,4,3,10,3.33,9,0,10%,3.8%
Zach Pascal,Arizona Cardinals,5,CIN,Home,1,0,0,0,0,0,3%,0.0%
Zach Pascal,Arizona Cardinals,6,LAR,Away,1,0,0,0,0,0,3%,0.0%
Zach Pascal,Arizona Cardinals,8,BAL,Home,1,0,0,0,0,0,3%,0.0%
Zach Pascal,Arizona Cardinals,9,CLE,Away,1,0,0,0,0,0,5%,0.0%
Zach Pascal,Arizona Cardinals,10,ATL,Home,1,0,0,0,0,0,3%,0.0%
Zach Pascal,Arizona Cardinals,15,SF,Home,4,0,0,0,0,0,11%,0.0%
Zack Moss,Indianapolis Colts,2,HOU,Away,4,4,19,4.75,7,0,13%,8.4%
Zack Moss,Indianapolis Colts,3,BAL,Away,3,2,23,11.5,17,1,7%,10.1%
Zack Moss,Indianapolis Colts,4,LAR,Home,1,0,0,0,0,0,4%,0.0%
Zack Moss,Indianapolis Colts,5,TEN,Home,2,2,30,15,26,0,8%,11.9%
Zack Moss,Indianapolis Colts,6,JAX,Away,7,6,38,6.33,16,0,13%,11.6%
Zack Moss,Indianapolis Colts,7,CLE,Home,2,1,5,5,5,0,9%,1.6%
Zack Moss,Indianapolis Colts,8,NO,Home,1,1,8,8,8,0,3%,3.8%
Zack Moss,Indianapolis Colts,12,TB,Home,3,2,15,7.5,9,0,8%,6.0%
Zack Moss,Indianapolis Colts,13,TEN,Away,3,2,6,3,5,0,7%,1.9%
Zack Moss,Indianapolis Colts,14,CIN,Away,8,4,28,7,15,0,21%,11.7%
Zack Moss,Indianapolis Colts,15,PIT,Home,3,3,20,6.67,16,1,11%,9.3%
Zamir White,Las Vegas Raiders,1,DEN,Away,1,1,5,5,5,0,4%,2.5%
Zamir White,Las Vegas Raiders,6,NE,Home,2,2,7,3.5,4,0,6%,2.7%
Zamir White,Las Vegas Raiders,7,CHI,Away,3,3,26,8.67,15,0,7%,12.7%
Zamir White,Las Vegas Raiders,15,LAC,Home,4,3,16,5.33,6,0,12%,6.2%
Zamir White,Las Vegas Raiders,16,KC,Away,1,0,0,0,0,0,5%,0.0%
Zamir White,Las Vegas Raiders,17,IND,Away,6,5,35,7,14,0,13%,11.7%
Zay Flowers,Baltimore Ravens,1,HOU,Home,10,9,78,8.67,21,0,48%,46.2%
Zay Flowers,Baltimore Ravens,2,CIN,Away,5,4,62,15.5,52,0,15%,26.2%
Zay Flowers,Baltimore Ravens,3,IND,Home,10,8,48,6,8,0,33%,23.8%
Zay Flowers,Baltimore Ravens,4,CLE,Away,4,3,56,18.67,43,0,22%,30.1%
Zay Flowers,Baltimore Ravens,5,PIT,Away,11,5,73,14.6,29,0,29%,30.9%
Zay Flowers,Baltimore Ravens,6,TEN,Away,8,6,50,8.33,14,1,28%,22.4%
Zay Flowers,Baltimore Ravens,7,DET,Home,6,4,75,18.75,46,0,21%,21.0%
Zay Flowers,Baltimore Ravens,8,ARI,Away,7,5,19,3.8,8,0,27%,12.1%
Zay Flowers,Baltimore Ravens,9,SEA,Home,1,1,11,11,11,0,3%,4.9%
Zay Flowers,Baltimore Ravens,10,CLE,Home,6,5,73,14.6,18,0,26%,32.7%
Zay Flowers,Baltimore Ravens,11,CIN,Home,4,3,43,14.33,33,0,17%,16.3%
Zay Flowers,Baltimore Ravens,12,LAC,Away,8,5,25,5,18,1,27%,14.1%
Zay Flowers,Baltimore Ravens,14,LAR,Home,10,6,60,10,21,1,25%,19.0%
Zay Flowers,Baltimore Ravens,15,JAX,Away,2,1,7,7,7,0,9%,4.1%
Zay Flowers,Baltimore Ravens,16,SF,Away,13,9,72,8,13,1,38%,28.6%
Zay Flowers,Baltimore Ravens,17,MIA,Home,3,3,106,35.33,75,1,14%,31.2%
Zay Jones,Jacksonville Jaguars,1,IND,Away,7,5,55,11,18,1,22%,22.8%
Zay Jones,Jacksonville Jaguars,2,KC,Home,6,0,0,0,0,0,15%,0.0%
Zay Jones,Jacksonville Jaguars,5,BUF,Away,5,3,23,7.67,10,1,14%,7.3%
Zay Jones,Jacksonville Jaguars,11,TEN,Home,4,4,20,5,8,0,13%,7.6%
Zay Jones,Jacksonville Jaguars,12,HOU,Away,3,1,10,10,10,0,8%,2.7%
Zay Jones,Jacksonville Jaguars,13,CIN,Home,8,5,78,15.6,24,0,21%,24.3%
Zay Jones,Jacksonville Jaguars,14,CLE,Away,14,5,29,5.8,12,0,29%,11.3%
Zay Jones,Jacksonville Jaguars,15,BAL,Home,8,5,59,11.8,36,0,19%,22.3%
Zonovan Knight,Detroit Lions,5,CAR,Home,1,1,8,8,8,0,4%,3.4%