Week Number,Player,Team Final,Opponent Final,Home or Away,SUM of Tar,SUM of Rec,SUM of Yds,SUM of Avg,SUM of Lg,SUM of TD,SUM of % of Total Targets,SUM of % of Total Yards in Game
17,A.J. Brown,Philadelphia Eagles,Arizona Cardinals,Home,5,4,53,13.3,18,0,22%,29%
17,Adam Thielen,Carolina Panthers,Jacksonville Jaguars,Away,6,6,38,6.3,14,0,19%,34%
17,Alec Pierce,Indianapolis Colts,Las Vegas Raiders,Home,1,1,58,58.0,58,1,5%,26%
17,Alex Erickson,Los Angeles Chargers,Denver Broncos,Away,8,7,98,14.0,27,0,22%,45%
17,Amon-Ra St. Brown,Detroit Lions,Dallas Cowboys,Away,8,6,90,15.0,23,1,25%,30%
17,Austin Hooper,Las Vegas Raiders,Indianapolis Colts,Away,3,3,28,9.3,13,0,7%,9%
17,Bo Melton,Green Bay Packers,Minnesota Vikings,Away,9,6,105,17.5,37,1,26%,36%
17,Brandin Cooks,Dallas Cowboys,Detroit Lions,Home,8,5,60,12.0,21,1,22%,17%
17,Brandon Aiyuk,San Francisco 49ers,Washington Commanders,Away,8,7,114,16.3,38,1,30%,50%
17,Brandon Johnson,Denver Broncos,Los Angeles Chargers,Home,6,4,27,6.8,10,0,20%,12%
17,Breece Hall,New York Jets,Cleveland Browns,Away,9,9,42,4.7,21,1,20%,16%
17,Brian Robinson,Washington Commanders,San Francisco 49ers,Home,4,4,32,8.0,22,0,15%,19%
17,Calvin Ridley,Jacksonville Jaguars,Carolina Panthers,Home,8,4,39,9.8,14,0,35%,22%
17,Cedrick Wilson,Miami Dolphins,Baltimore Ravens,Away,4,2,27,13.5,19,1,11%,11%
17,CeeDee Lamb,Dallas Cowboys,Detroit Lions,Home,17,13,227,17.5,92,1,46%,66%
17,Chase Edmonds,Tampa Bay Buccaneers,New Orleans Saints,Home,6,5,40,8.0,14,0,18%,13%
17,Chigoziem Okonkwo,Tennessee Titans,Houston Texans,Away,4,3,34,11.3,21,0,16%,18%
17,Chris Godwin,Tampa Bay Buccaneers,New Orleans Saints,Home,5,3,81,27.0,47,1,15%,26%
17,Chris Moore,Tennessee Titans,Houston Texans,Away,3,1,32,32.0,32,0,12%,17%
17,Chris Olave,New Orleans Saints,Tampa Bay Buccaneers,Away,6,3,26,8.7,14,0,18%,13%
17,Christian McCaffrey,San Francisco 49ers,Washington Commanders,Away,5,4,27,6.8,12,0,19%,12%
17,Chuba Hubbard,Carolina Panthers,Jacksonville Jaguars,Away,5,4,26,6.5,8,0,16%,23%
17,Colby Parkinson,Seattle Seahawks,Pittsburgh Steelers,Home,3,2,38,19.0,20,0,9%,13%
17,Cooper Kupp,Los Angeles Rams,New York Giants,Away,6,4,27,6.8,8,1,18%,9%
17,Curtis Samuel,Washington Commanders,San Francisco 49ers,Home,4,3,33,11.0,25,0,15%,20%
17,D.J. Moore,Chicago Bears,Atlanta Falcons,Home,13,9,159,17.7,32,1,43%,59%
17,D.K. Metcalf,Seattle Seahawks,Pittsburgh Steelers,Home,8,5,106,21.2,33,0,24%,37%
17,Dallas Goedert,Philadelphia Eagles,Arizona Cardinals,Home,6,5,47,9.4,23,1,26%,26%
17,Dalton Kincaid,Buffalo Bills,New England Patriots,Home,7,4,87,21.8,51,0,25%,51%
17,Daniel Bellinger,New York Giants,Los Angeles Rams,Home,4,4,39,9.8,18,0,10%,12%
17,Darius Slayton,New York Giants,Los Angeles Rams,Home,6,4,106,26.5,80,1,15%,33%
17,Darren Waller,New York Giants,Los Angeles Rams,Home,6,5,51,10.2,18,0,15%,16%
17,Davante Adams,Las Vegas Raiders,Indianapolis Colts,Away,21,13,126,9.7,24,2,46%,42%
17,David Njoku,Cleveland Browns,New York Jets,Home,8,6,134,22.3,43,0,28%,43%
17,De'Von Achane,Miami Dolphins,Baltimore Ravens,Away,5,4,30,7.5,23,1,14%,13%
17,DeAndre Hopkins,Tennessee Titans,Houston Texans,Away,7,7,72,10.3,18,0,28%,39%
17,Deebo Samuel,San Francisco 49ers,Washington Commanders,Away,6,5,37,7.4,16,1,22%,16%
17,Demarcus Robinson,Los Angeles Rams,New York Giants,Away,10,6,92,15.3,37,0,29%,29%
17,Demario Douglas,New England Patriots,Buffalo Bills,Away,5,3,31,10.3,17,0,21%,15%
17,DeVonta Smith,Philadelphia Eagles,Arizona Cardinals,Home,5,3,30,10.0,17,0,22%,16%
17,Diontae Johnson,Pittsburgh Steelers,Seattle Seahawks,Away,4,4,76,19.0,42,0,19%,28%
17,Drake London,Atlanta Falcons,Chicago Bears,Away,10,4,56,14.0,22,0,31%,31%
17,Durham Smythe,Miami Dolphins,Baltimore Ravens,Away,3,3,54,18.0,22,0,8%,23%
17,Elijah Moore,Cleveland Browns,New York Jets,Home,6,5,61,12.2,24,1,21%,20%
17,Evan Engram,Jacksonville Jaguars,Carolina Panthers,Home,6,6,60,10.0,22,0,26%,34%
17,Garrett Wilson,New York Jets,Cleveland Browns,Away,10,5,50,10.0,22,0,23%,19%
17,George Kittle,San Francisco 49ers,Washington Commanders,Away,4,3,29,9.7,18,0,15%,13%
17,George Pickens,Pittsburgh Steelers,Seattle Seahawks,Away,9,7,131,18.7,37,0,43%,48%
17,Gerald Everett,Los Angeles Chargers,Denver Broncos,Away,9,4,31,7.8,22,0,24%,14%
17,Greg Dortch,Arizona Cardinals,Philadelphia Eagles,Away,7,7,82,11.7,36,0,23%,35%
17,Isaiah Likely,Baltimore Ravens,Miami Dolphins,Home,3,2,42,21.0,35,2,14%,12%
17,Isiah Pacheco,Kansas City Chiefs,Cincinnati Bengals,Home,7,7,35,5.0,21,1,25%,14%
17,Israel Abanikanda,New York Jets,Cleveland Browns,Away,7,4,27,6.8,10,0,16%,10%
17,Ja'Marr Chase,Cincinnati Bengals,Kansas City Chiefs,Away,7,3,41,13.7,24,0,23%,21%
17,Jake Ferguson,Dallas Cowboys,Detroit Lions,Home,6,4,33,8.3,9,0,16%,10%
17,Jakobi Meyers,Las Vegas Raiders,Indianapolis Colts,Away,10,6,56,9.3,14,0,22%,19%
17,Jalen Reagor,New England Patriots,Buffalo Bills,Away,3,1,39,39.0,39,0,13%,19%
17,Jalin Hyatt,New York Giants,Los Angeles Rams,Home,4,3,25,8.3,18,0,10%,8%
17,Jamal Agnew,Jacksonville Jaguars,Carolina Panthers,Home,2,2,53,26.5,48,0,9%,30%
17,Jameson Williams,Detroit Lions,Dallas Cowboys,Away,3,2,69,34.5,63,0,9%,23%
17,Jason Brownlee,New York Jets,Cleveland Browns,Away,2,2,28,14.0,24,0,5%,11%
17,Jayden Reed,Green Bay Packers,Minnesota Vikings,Away,8,6,89,14.8,33,2,24%,30%
17,Jerome Ford,Cleveland Browns,New York Jets,Home,3,2,57,28.5,50,2,10%,18%
17,Jerry Jeudy,Denver Broncos,Los Angeles Chargers,Home,6,3,54,18.0,41,0,20%,24%
17,John Mundt,Minnesota Vikings,Green Bay Packers,Home,7,4,39,9.8,14,1,23%,22%
17,Jordan Addison,Minnesota Vikings,Green Bay Packers,Home,5,3,28,9.3,20,0,16%,16%
17,Jordan Akins,Cleveland Browns,New York Jets,Home,1,1,28,28.0,28,0,3%,9%
17,Josh Downs,Indianapolis Colts,Las Vegas Raiders,Home,2,2,53,26.5,50,0,10%,24%
17,Julio Jones,Philadelphia Eagles,Arizona Cardinals,Home,2,2,34,17.0,22,2,9%,18%
17,Justice Hill,Baltimore Ravens,Miami Dolphins,Home,5,5,64,12.8,23,1,23%,19%
17,Justin Jefferson,Minnesota Vikings,Green Bay Packers,Home,10,5,59,11.8,21,0,32%,33%
17,Justin Watson,Kansas City Chiefs,Cincinnati Bengals,Home,3,1,41,41.0,41,0,11%,17%
17,Juwan Johnson,New Orleans Saints,Tampa Bay Buccaneers,Away,12,8,90,11.3,32,1,35%,43%
17,Keelan Doss,Los Angeles Chargers,Denver Broncos,Away,8,5,25,5.0,9,0,22%,11%
17,Kenny Yeboah,New York Jets,Cleveland Browns,Away,3,2,28,14.0,20,0,7%,11%
17,Kevin Harris,New England Patriots,Buffalo Bills,Away,2,2,54,27.0,48,0,8%,26%
17,Khalil Dorsey,Detroit Lions,Dallas Cowboys,Away,1,1,31,31.0,31,0,3%,10%
17,Khalil Shakir,Buffalo Bills,New England Patriots,Home,4,4,39,9.8,18,0,14%,23%
17,Lil'Jordan Humphrey,Denver Broncos,Los Angeles Chargers,Home,4,2,69,34.5,54,1,13%,31%
17,Michael Pittman,Indianapolis Colts,Las Vegas Raiders,Home,7,5,46,9.2,20,0,35%,21%
17,Michael Wilson,Arizona Cardinals,Philadelphia Eagles,Away,6,4,35,8.8,13,1,19%,15%
17,Mike Evans,Tampa Bay Buccaneers,New Orleans Saints,Home,4,3,70,23.3,35,0,12%,23%
17,Mike Gesicki,New England Patriots,Buffalo Bills,Away,6,4,35,8.8,14,0,25%,17%
17,Nico Collins,Houston Texans,Tennessee Titans,Home,8,7,80,11.4,21,0,26%,38%
17,Noah Fant,Seattle Seahawks,Pittsburgh Steelers,Home,6,5,59,11.8,21,0,18%,20%
17,Odell Beckham Jr.,Baltimore Ravens,Miami Dolphins,Home,1,1,33,33.0,33,0,5%,10%
17,Pat Freiermuth,Pittsburgh Steelers,Seattle Seahawks,Away,4,3,44,14.7,25,0,19%,16%
17,Puka Nacua,Los Angeles Rams,New York Giants,Away,8,5,118,23.6,80,0,24%,37%
17,Quentin Johnston,Los Angeles Chargers,Denver Broncos,Away,6,3,29,9.7,15,0,16%,13%
17,Rashee Rice,Kansas City Chiefs,Cincinnati Bengals,Home,6,5,127,25.4,67,0,21%,52%
17,Rashod Bateman,Baltimore Ravens,Miami Dolphins,Home,6,4,54,13.5,15,0,27%,16%
17,Robert Tonyan,Chicago Bears,Atlanta Falcons,Home,4,3,40,13.3,24,0,13%,15%
17,Robert Woods,Houston Texans,Tennessee Titans,Home,4,4,58,14.5,18,0,13%,27%
17,Romeo Doubs,Green Bay Packers,Minnesota Vikings,Away,6,3,28,9.3,12,0,18%,10%
17,Rondale Moore,Arizona Cardinals,Philadelphia Eagles,Away,4,3,26,8.7,12,0,13%,11%
17,Roschon Johnson,Chicago Bears,Atlanta Falcons,Home,3,3,38,12.7,24,0,10%,14%
17,Sam LaPorta,Detroit Lions,Dallas Cowboys,Away,12,7,84,12.0,25,0,38%,28%
17,Stefon Diggs,Buffalo Bills,New England Patriots,Home,7,4,26,6.5,9,0,25%,15%
17,Tanner Hudson,Cincinnati Bengals,Kansas City Chiefs,Away,7,3,38,12.7,15,0,23%,19%
17,Taysom Hill,New Orleans Saints,Tampa Bay Buccaneers,Away,2,2,30,15.0,22,1,6%,14%
17,Terry McLaurin,Washington Commanders,San Francisco 49ers,Home,6,4,61,15.3,42,1,23%,36%
17,Tre Tucker,Las Vegas Raiders,Indianapolis Colts,Away,5,2,36,18.0,20,0,11%,12%
17,Trey McBride,Arizona Cardinals,Philadelphia Eagles,Away,7,6,48,8.0,26,0,23%,21%
17,Trey Palmer,Tampa Bay Buccaneers,New Orleans Saints,Home,5,4,84,21.0,54,1,15%,27%
17,Tucker Kraft,Green Bay Packers,Minnesota Vikings,Away,6,6,48,8.0,13,0,18%,16%
17,Tyjae Spears,Tennessee Titans,Houston Texans,Away,6,4,29,7.3,10,0,24%,16%
17,Tyler Allgeier,Atlanta Falcons,Chicago Bears,Away,1,1,75,75.0,75,1,3%,42%
17,Tyler Boyd,Cincinnati Bengals,Kansas City Chiefs,Away,2,2,29,14.5,23,0,6%,15%
17,Tyler Conklin,New York Jets,Cleveland Browns,Away,5,5,45,9.0,20,0,11%,17%
17,Tyler Higbee,Los Angeles Rams,New York Giants,Away,7,6,62,10.3,18,0,21%,20%
17,Tyreek Hill,Miami Dolphins,Baltimore Ravens,Away,12,6,76,12.7,25,0,33%,32%
17,Wan'Dale Robinson,New York Giants,Los Angeles Rams,Home,9,6,55,9.2,20,0,23%,17%
17,Xavier Gipson,New York Jets,Cleveland Browns,Away,7,4,33,8.3,15,0,16%,13%
17,Zach Charbonnet,Seattle Seahawks,Pittsburgh Steelers,Home,5,5,39,7.8,15,0,15%,13%
17,Zamir White,Las Vegas Raiders,Indianapolis Colts,Away,6,5,35,7.0,14,0,13%,12%
17,Zay Flowers,Baltimore Ravens,Miami Dolphins,Home,3,3,106,35.3,75,1,14%,31%
16,A.J. Brown,Philadelphia Eagles,New York Giants,Home,11,6,80,13.3,32,0,31%,27%
16,A.T. Perry,New Orleans Saints,Los Angeles Rams,Away,1,1,35,35.0,35,1,3%,11%
16,Adam Thielen,Carolina Panthers,Green Bay Packers,Home,8,6,94,15.7,22,0,25%,30%
16,Alec Pierce,Indianapolis Colts,Atlanta Falcons,Away,7,3,30,10.0,16,0,20%,15%
16,Alex Erickson,Los Angeles Chargers,Buffalo Bills,Home,2,2,36,18.0,23,0,6%,17%
16,Allen Robinson,Pittsburgh Steelers,Cincinnati Bengals,Home,4,4,36,9.0,14,0,16%,12%
16,Amari Cooper,Cleveland Browns,Houston Texans,Away,15,11,265,24.1,75,2,35%,71%
16,Amon-Ra St. Brown,Detroit Lions,Minnesota Vikings,Away,14,12,106,8.8,25,1,36%,41%
16,Andrei Iosivas,Cincinnati Bengals,Pittsburgh Steelers,Away,8,4,36,9.0,12,0,20%,11%
16,Bijan Robinson,Atlanta Falcons,Indianapolis Colts,Home,10,7,50,7.1,14,0,31%,22%
16,Bo Melton,Green Bay Packers,Carolina Panthers,Away,6,4,44,11.0,17,0,23%,20%
16,Brandon Aiyuk,San Francisco 49ers,Baltimore Ravens,Home,7,6,113,18.8,33,0,16%,34%
16,Brandon Johnson,Denver Broncos,New England Patriots,Home,5,3,47,15.7,21,1,14%,20%
16,Brandon Powell,Minnesota Vikings,Detroit Lions,Home,4,3,53,17.7,26,0,11%,13%
16,Breece Hall,New York Jets,Washington Commanders,Home,16,12,96,8.0,15,0,36%,44%
16,Brevin Jordan,Houston Texans,Cleveland Browns,Home,3,2,27,13.5,19,0,6%,13%
16,Calvin Ridley,Jacksonville Jaguars,Tampa Bay Buccaneers,Away,9,6,90,15.0,25,2,21%,30%
16,Cedrick Wilson,Miami Dolphins,Dallas Cowboys,Home,5,3,42,14.0,18,0,14%,14%
16,CeeDee Lamb,Dallas Cowboys,Miami Dolphins,Away,10,6,118,19.7,49,1,31%,47%
16,Chigoziem Okonkwo,Tennessee Titans,Seattle Seahawks,Home,6,6,63,10.5,17,1,25%,38%
16,Chris Godwin,Tampa Bay Buccaneers,Jacksonville Jaguars,Home,11,6,78,13.0,22,0,31%,28%
16,Chris Olave,New Orleans Saints,Los Angeles Rams,Away,13,9,123,13.7,28,0,33%,39%
16,Christian McCaffrey,San Francisco 49ers,Baltimore Ravens,Home,10,6,28,4.7,12,0,23%,8%
16,Clyde Edwards-Helaire,Kansas City Chiefs,Las Vegas Raiders,Home,3,3,42,14.0,32,0,7%,17%
16,Cole Kmet,Chicago Bears,Arizona Cardinals,Home,5,4,107,26.8,53,0,22%,63%
16,Cooper Kupp,Los Angeles Rams,New Orleans Saints,Home,12,6,52,8.7,12,0,38%,16%
16,D.J. Chark,Carolina Panthers,Green Bay Packers,Home,8,6,98,16.3,22,2,25%,31%
16,D.K. Metcalf,Seattle Seahawks,Tennessee Titans,Away,6,4,56,14.0,26,1,17%,25%
16,Dallas Goedert,Philadelphia Eagles,New York Giants,Home,9,7,71,10.1,21,0,25%,24%
16,Dalton Schultz,Houston Texans,Cleveland Browns,Home,11,8,61,7.6,14,0,23%,29%
16,Daniel Bellinger,New York Giants,Philadelphia Eagles,Away,5,4,43,10.8,20,0,19%,23%
16,Darius Slayton,New York Giants,Philadelphia Eagles,Away,3,3,90,30.0,69,1,11%,48%
16,Darren Waller,New York Giants,Philadelphia Eagles,Away,5,2,32,16.0,20,0,19%,17%
16,David Njoku,Cleveland Browns,Houston Texans,Away,9,6,44,7.3,21,1,21%,12%
16,Dawson Knox,Buffalo Bills,Los Angeles Chargers,Away,2,2,26,13.0,17,0,10%,11%
16,Deebo Samuel,San Francisco 49ers,Baltimore Ravens,Home,12,4,47,11.8,20,0,27%,14%
16,Demarcus Robinson,Los Angeles Rams,New Orleans Saints,Home,6,6,82,13.7,32,1,19%,25%
16,Demario Douglas,New England Patriots,Denver Broncos,Away,8,5,74,14.8,41,0,26%,29%
16,DeVante Parker,New England Patriots,Denver Broncos,Away,5,4,65,16.3,30,0,16%,25%
16,DeVonta Smith,Philadelphia Eagles,New York Giants,Home,5,4,79,19.8,36,1,14%,26%
16,Dontayvion Wicks,Green Bay Packers,Carolina Panthers,Away,2,2,29,14.5,21,1,8%,13%
16,Drake London,Atlanta Falcons,Indianapolis Colts,Home,4,3,39,13.0,19,0,13%,17%
16,Drew Sample,Cincinnati Bengals,Pittsburgh Steelers,Away,3,3,38,12.7,16,0,8%,11%
16,Durham Smythe,Miami Dolphins,Dallas Cowboys,Home,5,5,56,11.2,21,0,14%,19%
16,Elijah Cooks,Jacksonville Jaguars,Tampa Bay Buccaneers,Away,3,3,38,12.7,23,0,7%,12%
16,Emari Demercado,Arizona Cardinals,Chicago Bears,Away,8,7,40,5.7,22,0,22%,17%
16,Evan Engram,Jacksonville Jaguars,Tampa Bay Buccaneers,Away,15,10,95,9.5,14,0,35%,31%
16,Ezekiel Elliott,New England Patriots,Denver Broncos,Away,11,9,33,3.7,15,1,35%,13%
16,Gabriel Davis,Buffalo Bills,Los Angeles Chargers,Away,6,4,130,32.5,57,1,29%,55%
16,Garrett Wilson,New York Jets,Washington Commanders,Home,15,9,76,8.4,16,0,33%,35%
16,George Kittle,San Francisco 49ers,Baltimore Ravens,Home,10,7,126,18.0,58,0,23%,38%
16,George Pickens,Pittsburgh Steelers,Cincinnati Bengals,Home,6,4,195,48.8,86,2,24%,67%
16,Gerald Everett,Los Angeles Chargers,Buffalo Bills,Home,8,7,42,6.0,15,0,25%,20%
16,Greg Dortch,Arizona Cardinals,Chicago Bears,Away,5,2,45,22.5,38,1,14%,20%
16,Gus Edwards,Baltimore Ravens,San Francisco 49ers,Away,1,1,39,39.0,39,0,3%,15%
16,Isaiah Likely,Baltimore Ravens,San Francisco 49ers,Away,4,3,56,18.7,34,0,12%,22%
16,Jahan Dotson,Washington Commanders,New York Jets,Away,4,2,31,15.5,21,0,13%,20%
16,Jake Ferguson,Dallas Cowboys,Miami Dolphins,Away,8,4,45,11.3,20,0,25%,18%
16,Jakobi Meyers,Las Vegas Raiders,Kansas City Chiefs,Away,5,3,42,14.0,21,0,26%,68%
16,Jaleel McLaughlin,Denver Broncos,New England Patriots,Home,5,4,30,7.5,11,0,14%,13%
16,Jalen Reagor,New England Patriots,Denver Broncos,Away,2,2,33,16.5,28,0,6%,13%
16,Jalen Tolbert,Dallas Cowboys,Miami Dolphins,Away,2,2,51,25.5,45,0,6%,20%
16,James Conner,Arizona Cardinals,Chicago Bears,Away,5,5,67,13.4,20,1,14%,29%
16,Jameson Williams,Detroit Lions,Minnesota Vikings,Away,6,5,43,8.6,12,0,15%,17%
16,Jaxon Smith-Njigba,Seattle Seahawks,Tennessee Titans,Away,7,6,61,10.2,20,0,19%,27%
16,Jaylen Waddle,Miami Dolphins,Dallas Cowboys,Home,4,1,50,50.0,50,0,11%,17%
16,Jaylen Warren,Pittsburgh Steelers,Cincinnati Bengals,Home,6,5,30,6.0,18,0,24%,10%
16,Jerry Jeudy,Denver Broncos,New England Patriots,Home,5,3,44,14.7,16,0,14%,18%
16,Jonnu Smith,Atlanta Falcons,Indianapolis Colts,Home,6,4,32,8.0,15,0,19%,14%
16,Josh Downs,Indianapolis Colts,Atlanta Falcons,Away,9,6,39,6.5,14,0,26%,19%
16,Josh Oliver,Minnesota Vikings,Detroit Lions,Home,2,1,33,33.0,33,0,6%,8%
16,Josh Palmer,Los Angeles Chargers,Buffalo Bills,Home,8,5,47,9.4,19,0,25%,22%
16,Justice Hill,Baltimore Ravens,San Francisco 49ers,Away,3,3,31,10.3,23,0,9%,12%
16,Justin Jefferson,Minnesota Vikings,Detroit Lions,Home,10,6,141,23.5,29,1,29%,34%
16,Justin Watson,Kansas City Chiefs,Las Vegas Raiders,Home,6,4,38,9.5,11,1,15%,15%
16,Juwan Johnson,New Orleans Saints,Los Angeles Rams,Away,7,4,48,12.0,20,1,18%,15%
16,K.J. Osborn,Minnesota Vikings,Detroit Lions,Home,7,5,95,19.0,47,1,20%,23%
16,Kalif Raymond,Detroit Lions,Minnesota Vikings,Away,2,2,29,14.5,18,0,5%,11%
16,Kenny Gainwell,Philadelphia Eagles,New York Giants,Home,3,3,38,12.7,19,0,8%,13%
16,Khalil Shakir,Buffalo Bills,Los Angeles Chargers,Away,3,3,45,15.0,16,0,14%,19%
16,Kyle Pitts,Atlanta Falcons,Indianapolis Colts,Home,4,3,49,16.3,24,1,13%,21%
16,Kylen Granson,Indianapolis Colts,Atlanta Falcons,Away,7,5,62,12.4,16,0,20%,31%
16,Logan Thomas,Washington Commanders,New York Jets,Away,6,5,36,7.2,15,1,19%,23%
16,Lucas Krull,Denver Broncos,New England Patriots,Home,5,4,28,7.0,9,1,14%,12%
16,Marvin Mims,Denver Broncos,New England Patriots,Home,4,3,63,21.0,47,0,11%,26%
16,Mike Evans,Tampa Bay Buccaneers,Jacksonville Jaguars,Home,8,7,86,12.3,22,2,23%,30%
16,Noah Brown,Houston Texans,Cleveland Browns,Home,7,3,38,12.7,16,0,15%,18%
16,Payne Durham,Tampa Bay Buccaneers,Jacksonville Jaguars,Home,1,1,25,25.0,25,0,3%,9%
16,Pharaoh Brown,New England Patriots,Denver Broncos,Away,2,2,25,12.5,20,0,6%,10%
16,Puka Nacua,Los Angeles Rams,New Orleans Saints,Home,11,9,164,18.2,41,1,34%,50%
16,Quentin Johnston,Los Angeles Chargers,Buffalo Bills,Home,5,2,29,14.5,21,0,16%,13%
16,Rachaad White,Tampa Bay Buccaneers,Jacksonville Jaguars,Home,7,6,38,6.3,16,0,20%,13%
16,Rashee Rice,Kansas City Chiefs,Las Vegas Raiders,Home,12,6,57,9.5,15,0,29%,23%
16,Rashid Shaheed,New Orleans Saints,Los Angeles Rams,Away,9,5,70,14.0,45,1,23%,22%
16,Richie James,Kansas City Chiefs,Las Vegas Raiders,Home,3,3,54,18.0,45,0,7%,22%
16,Romeo Doubs,Green Bay Packers,Carolina Panthers,Away,5,4,79,19.8,36,1,19%,36%
16,Rondale Moore,Arizona Cardinals,Chicago Bears,Away,3,2,30,15.0,22,0,8%,13%
16,Samaje Perine,Denver Broncos,New England Patriots,Home,5,4,27,6.8,13,0,14%,11%
16,Stefon Diggs,Buffalo Bills,Los Angeles Chargers,Away,8,5,29,5.8,11,0,38%,12%
16,T.J. Hockenson,Minnesota Vikings,Detroit Lions,Home,4,4,58,14.5,24,0,11%,14%
16,Tee Higgins,Cincinnati Bengals,Pittsburgh Steelers,Away,8,5,140,28.0,80,1,20%,42%
16,Terry McLaurin,Washington Commanders,New York Jets,Away,5,3,50,16.7,29,0,16%,32%
16,Tim Jones,Jacksonville Jaguars,Tampa Bay Buccaneers,Away,5,3,32,10.7,15,0,12%,10%
16,Tommy Tremble,Carolina Panthers,Green Bay Packers,Home,6,4,59,14.8,30,0,19%,19%
16,Travis Kelce,Kansas City Chiefs,Las Vegas Raiders,Home,7,5,44,8.8,24,0,17%,18%
16,Trenton Irwin,Cincinnati Bengals,Pittsburgh Steelers,Away,4,4,37,9.3,22,0,10%,11%
16,Trey McBride,Arizona Cardinals,Chicago Bears,Away,8,6,31,5.2,10,0,22%,13%
16,Trey Palmer,Tampa Bay Buccaneers,Jacksonville Jaguars,Home,6,4,42,10.5,18,0,17%,15%
16,Treylon Burks,Tennessee Titans,Seattle Seahawks,Home,3,2,25,12.5,13,0,13%,15%
16,Tucker Kraft,Green Bay Packers,Carolina Panthers,Away,6,4,60,15.0,27,0,23%,27%
16,Tyjae Spears,Tennessee Titans,Seattle Seahawks,Home,6,5,27,5.4,13,0,25%,16%
16,Tyler Boyd,Cincinnati Bengals,Pittsburgh Steelers,Away,7,5,59,11.8,29,0,18%,18%
16,Tyler Conklin,New York Jets,Washington Commanders,Home,7,4,36,9.0,13,0,16%,17%
16,Tyler Higbee,Los Angeles Rams,New Orleans Saints,Home,3,3,30,10.0,22,0,9%,9%
16,Tyler Lockett,Seattle Seahawks,Tennessee Titans,Away,11,8,81,10.1,21,0,31%,36%
16,Tyreek Hill,Miami Dolphins,Dallas Cowboys,Home,14,9,99,11.0,20,0,39%,34%
16,Will Mallory,Indianapolis Colts,Atlanta Falcons,Away,4,4,47,11.8,18,0,11%,23%
16,Zay Flowers,Baltimore Ravens,San Francisco 49ers,Away,13,9,72,8.0,13,1,38%,29%
15,A.J. Brown,Philadelphia Eagles,Seattle Seahawks,Away,10,5,56,11.2,15,0,33%,39%
15,A.T. Perry,New Orleans Saints,New York Giants,Home,2,2,34,17.0,18,0,7%,16%
15,Adam Thielen,Carolina Panthers,Atlanta Falcons,Home,7,4,43,10.8,16,0,30%,26%
15,Alvin Kamara,New Orleans Saints,New York Giants,Home,5,5,44,8.8,17,0,18%,20%
15,Amari Cooper,Cleveland Browns,Chicago Bears,Home,8,4,109,27.3,51,1,18%,29%
15,Amon-Ra St. Brown,Detroit Lions,Denver Broncos,Home,9,7,112,16.0,29,1,28%,40%
15,Austin Ekeler,Los Angeles Chargers,Las Vegas Raiders,Away,6,4,29,7.3,12,0,19%,11%
15,Brandon Aiyuk,San Francisco 49ers,Arizona Cardinals,Away,5,3,37,12.3,22,0,19%,14%
15,Cade Otton,Tampa Bay Buccaneers,Green Bay Packers,Away,2,2,44,22.0,22,0,7%,12%
15,Calvin Ridley,Jacksonville Jaguars,Baltimore Ravens,Home,12,5,39,7.8,13,0,29%,15%
15,Cedric Tillman,Cleveland Browns,Chicago Bears,Home,8,4,52,13.0,19,0,18%,14%
15,CeeDee Lamb,Dallas Cowboys,Buffalo Bills,Away,10,7,53,7.6,16,0,31%,40%
15,Chase Brown,Cincinnati Bengals,Minnesota Vikings,Home,3,3,28,9.3,13,0,8%,9%
15,Chigoziem Okonkwo,Tennessee Titans,Houston Texans,Home,3,3,36,12.0,22,0,12%,18%
15,Chris Godwin,Tampa Bay Buccaneers,Green Bay Packers,Away,12,10,155,15.5,25,0,44%,41%
15,Chris Moore,Tennessee Titans,Houston Texans,Home,4,3,39,13.0,23,0,15%,20%
15,Christian McCaffrey,San Francisco 49ers,Arizona Cardinals,Away,5,5,72,14.4,41,2,19%,27%
15,Clyde Edwards-Helaire,Kansas City Chiefs,New England Patriots,Away,4,4,64,16.0,48,1,11%,21%
15,Cooper Kupp,Los Angeles Rams,Washington Commanders,Home,8,8,111,13.9,62,1,25%,43%
15,Courtland Sutton,Denver Broncos,Detroit Lions,Away,6,5,71,14.2,23,0,19%,32%
15,Curtis Samuel,Washington Commanders,Los Angeles Rams,Away,9,5,41,8.2,19,2,26%,18%
15,D.J. Montgomery,Indianapolis Colts,Pittsburgh Steelers,Home,4,2,48,24.0,34,1,15%,22%
15,D.J. Moore,Chicago Bears,Cleveland Browns,Away,8,4,52,13.0,27,0,23%,31%
15,D.K. Metcalf,Seattle Seahawks,Philadelphia Eagles,Home,6,5,78,15.6,34,0,19%,38%
15,Dallas Goedert,Philadelphia Eagles,Seattle Seahawks,Away,9,4,30,7.5,18,0,30%,21%
15,Dalton Schultz,Houston Texans,Tennessee Titans,Away,5,4,58,14.5,19,0,15%,25%
15,Darius Slayton,New York Giants,New Orleans Saints,Away,8,4,63,15.8,33,0,24%,33%
15,Darren Waller,New York Giants,New Orleans Saints,Away,6,4,40,10.0,29,0,18%,21%
15,Davante Adams,Las Vegas Raiders,Los Angeles Chargers,Home,12,8,101,12.6,24,1,35%,39%
15,David Moore,Tampa Bay Buccaneers,Green Bay Packers,Away,2,2,68,34.0,52,1,7%,18%
15,David Njoku,Cleveland Browns,Chicago Bears,Home,14,10,104,10.4,34,1,32%,27%
15,De'Von Achane,Miami Dolphins,New York Jets,Home,3,3,30,10.0,13,0,12%,13%
15,Deebo Samuel,San Francisco 49ers,Arizona Cardinals,Away,7,4,48,12.0,19,2,27%,18%
15,Demarcus Robinson,Los Angeles Rams,Washington Commanders,Home,3,2,44,22.0,23,1,9%,17%
15,Demario Douglas,New England Patriots,Kansas City Chiefs,Home,5,3,33,11.0,16,0,16%,18%
15,DeVante Parker,New England Patriots,Kansas City Chiefs,Home,5,5,44,8.8,20,0,16%,24%
15,Devin Singletary,Houston Texans,Tennessee Titans,Away,5,4,49,12.3,41,0,15%,21%
15,DeVonta Smith,Philadelphia Eagles,Seattle Seahawks,Away,5,5,50,10.0,17,0,17%,35%
15,Diontae Johnson,Pittsburgh Steelers,Indianapolis Colts,Away,6,4,62,15.5,25,1,23%,36%
15,Dontayvion Wicks,Green Bay Packers,Tampa Bay Buccaneers,Home,7,6,97,16.2,22,0,19%,34%
15,Durham Smythe,Miami Dolphins,New York Jets,Home,4,4,32,8.0,11,0,15%,14%
15,Elijah Higgins,Arizona Cardinals,San Francisco 49ers,Home,4,4,44,11.0,17,1,11%,21%
15,Evan Engram,Jacksonville Jaguars,Baltimore Ravens,Home,6,4,28,7.0,11,0,14%,11%
15,Garrett Wilson,New York Jets,Miami Dolphins,Away,4,3,29,9.7,18,0,12%,21%
15,Geoff Swaim,Arizona Cardinals,San Francisco 49ers,Home,1,1,26,26.0,26,0,3%,12%
15,George Kittle,San Francisco 49ers,Arizona Cardinals,Away,4,2,54,27.0,35,0,15%,21%
15,George Pickens,Pittsburgh Steelers,Indianapolis Colts,Away,7,3,47,15.7,17,0,27%,27%
15,Gerald Everett,Los Angeles Chargers,Las Vegas Raiders,Away,8,5,41,8.2,13,0,26%,16%
15,Hunter Henry,New England Patriots,Kansas City Chiefs,Home,9,7,66,9.4,16,1,29%,37%
15,Isaiah Likely,Baltimore Ravens,Jacksonville Jaguars,Away,6,5,70,14.0,26,1,26%,41%
15,Ja'Marr Chase,Cincinnati Bengals,Minnesota Vikings,Home,4,4,64,16.0,25,0,10%,20%
15,Jake Ferguson,Dallas Cowboys,Buffalo Bills,Away,8,6,44,7.3,13,0,25%,33%
15,Jakobi Meyers,Las Vegas Raiders,Los Angeles Chargers,Home,4,2,32,16.0,22,1,12%,12%
15,Jamal Agnew,Jacksonville Jaguars,Baltimore Ravens,Home,2,2,70,35.0,65,1,5%,27%
15,James Cook,Buffalo Bills,Dallas Cowboys,Home,3,2,42,21.0,24,1,23%,45%
15,Jameson Williams,Detroit Lions,Denver Broncos,Home,7,4,47,11.8,18,0,22%,17%
15,Jauan Jennings,San Francisco 49ers,Arizona Cardinals,Away,2,2,25,12.5,22,0,8%,10%
15,Jaxon Smith-Njigba,Seattle Seahawks,Philadelphia Eagles,Home,4,4,48,12.0,29,1,13%,23%
15,Jayden Reed,Green Bay Packers,Tampa Bay Buccaneers,Home,8,6,52,8.7,20,1,22%,18%
15,Jaylen Waddle,Miami Dolphins,New York Jets,Home,9,8,142,17.8,60,1,35%,62%
15,Jaylen Warren,Pittsburgh Steelers,Indianapolis Colts,Away,6,5,28,5.6,11,0,23%,16%
15,Jerry Jeudy,Denver Broncos,Detroit Lions,Away,7,3,74,24.7,40,0,22%,33%
15,Jonathan Mingo,Carolina Panthers,Atlanta Falcons,Home,5,4,32,8.0,20,0,22%,19%
15,Jonnu Smith,Atlanta Falcons,Carolina Panthers,Away,2,2,61,30.5,56,0,11%,40%
15,Jordan Addison,Minnesota Vikings,Cincinnati Bengals,Away,6,6,111,18.5,37,2,19%,37%
15,Josh Palmer,Los Angeles Chargers,Las Vegas Raiders,Away,4,4,113,28.3,79,1,13%,44%
15,Josh Reynolds,Detroit Lions,Denver Broncos,Home,3,2,41,20.5,21,0,9%,15%
15,Justin Jefferson,Minnesota Vikings,Cincinnati Bengals,Away,10,7,84,12.0,19,0,31%,28%
15,Justin Watson,Kansas City Chiefs,New England Patriots,Away,3,1,31,31.0,31,0,9%,10%
15,Juwan Johnson,New Orleans Saints,New York Giants,Home,2,2,38,19.0,23,1,7%,17%
15,Kenneth Walker,Seattle Seahawks,Philadelphia Eagles,Home,3,3,26,8.7,15,0,9%,13%
15,Kyle Juszczyk,San Francisco 49ers,Arizona Cardinals,Away,2,2,26,13.0,17,0,8%,10%
15,Kyle Pitts,Atlanta Falcons,Carolina Panthers,Away,4,3,37,12.3,24,0,21%,24%
15,Luke Farrell,Jacksonville Jaguars,Baltimore Ravens,Home,1,1,28,28.0,28,0,2%,11%
15,Lynn Bowden,New Orleans Saints,New York Giants,Home,5,3,31,10.3,17,0,18%,14%
15,Malik Heath,Green Bay Packers,Tampa Bay Buccaneers,Home,3,3,29,9.7,15,0,8%,10%
15,Marquise Goodwin,Cleveland Browns,Chicago Bears,Home,1,1,57,57.0,57,0,2%,15%
15,Michael Mayer,Las Vegas Raiders,Los Angeles Chargers,Home,5,4,39,9.8,13,1,15%,15%
15,Michael Pittman,Indianapolis Colts,Pittsburgh Steelers,Home,5,4,78,19.5,42,0,19%,36%
15,Mike Evans,Tampa Bay Buccaneers,Green Bay Packers,Away,6,4,57,14.3,19,1,22%,15%
15,Nick Westbrook,Tennessee Titans,Houston Texans,Home,2,1,33,33.0,33,0,8%,17%
15,Noah Brown,Houston Texans,Tennessee Titans,Away,11,8,82,10.3,22,1,32%,36%
15,Noah Gray,Kansas City Chiefs,New England Patriots,Away,2,2,37,18.5,32,0,6%,12%
15,Puka Nacua,Los Angeles Rams,Washington Commanders,Home,8,5,50,10.0,18,0,25%,19%
15,Rachaad White,Tampa Bay Buccaneers,Green Bay Packers,Away,2,2,50,25.0,26,1,7%,13%
15,Rashee Rice,Kansas City Chiefs,New England Patriots,Away,9,9,91,10.1,24,1,26%,29%
15,Rashid Shaheed,New Orleans Saints,New York Giants,Home,4,3,36,12.0,19,0,14%,17%
15,Rashod Bateman,Baltimore Ravens,Jacksonville Jaguars,Away,6,3,39,13.0,18,0,26%,23%
15,Robert Woods,Houston Texans,Tennessee Titans,Away,5,3,30,10.0,15,0,15%,13%
15,Romeo Doubs,Green Bay Packers,Tampa Bay Buccaneers,Home,3,3,30,10.0,12,0,8%,11%
15,Sam LaPorta,Detroit Lions,Denver Broncos,Home,6,5,56,11.2,19,3,19%,20%
15,Stefon Diggs,Buffalo Bills,Dallas Cowboys,Home,5,4,48,12.0,18,0,38%,51%
15,T.J. Hockenson,Minnesota Vikings,Cincinnati Bengals,Away,7,6,63,10.5,16,0,22%,21%
15,Tanner Hudson,Cincinnati Bengals,Minnesota Vikings,Home,5,5,49,9.8,14,0,13%,15%
15,Tee Higgins,Cincinnati Bengals,Minnesota Vikings,Home,8,4,61,15.3,21,2,20%,19%
15,Terry McLaurin,Washington Commanders,Los Angeles Rams,Away,12,6,141,23.5,48,1,35%,62%
15,Tommy Tremble,Carolina Panthers,Atlanta Falcons,Home,2,2,32,16.0,19,0,9%,19%
15,Travis Etienne,Jacksonville Jaguars,Baltimore Ravens,Home,6,4,28,7.0,13,0,14%,11%
15,Travis Kelce,Kansas City Chiefs,New England Patriots,Away,7,5,28,5.6,11,0,20%,9%
15,Tre Tucker,Las Vegas Raiders,Los Angeles Chargers,Home,4,3,59,19.7,30,2,12%,23%
15,Trey McBride,Arizona Cardinals,San Francisco 49ers,Home,11,10,102,10.2,38,0,29%,48%
15,Treylon Burks,Tennessee Titans,Houston Texans,Home,3,3,62,20.7,37,0,12%,31%
15,Tucker Kraft,Green Bay Packers,Tampa Bay Buccaneers,Home,6,4,57,14.3,36,1,17%,20%
15,Ty Chandler,Minnesota Vikings,Cincinnati Bengals,Away,4,3,25,8.3,16,0,13%,8%
15,Tyler Boyd,Cincinnati Bengals,Minnesota Vikings,Home,5,2,53,26.5,44,0,13%,16%
15,Tyler Higbee,Los Angeles Rams,Washington Commanders,Home,5,4,36,9.0,14,0,16%,14%
15,Tyler Scott,Chicago Bears,Cleveland Browns,Away,4,3,49,16.3,30,0,11%,30%
15,Wan'Dale Robinson,New York Giants,New Orleans Saints,Away,4,4,25,6.3,13,0,12%,13%
15,Xavier Gipson,New York Jets,Miami Dolphins,Away,6,2,29,14.5,21,0,18%,21%
15,Zay Jones,Jacksonville Jaguars,Baltimore Ravens,Home,8,5,59,11.8,36,0,19%,22%
14,A.J. Brown,Philadelphia Eagles,Dallas Cowboys,Away,13,9,94,10.4,24,0,46%,42%
14,A.T. Perry,New Orleans Saints,Carolina Panthers,Home,1,1,44,44.0,44,0,5%,37%
14,Adam Thielen,Carolina Panthers,New Orleans Saints,Away,7,5,74,14.8,32,0,22%,54%
14,AJ Dillon,Green Bay Packers,New York Giants,Away,3,2,25,12.5,35,0,8%,11%
14,Amari Cooper,Cleveland Browns,Jacksonville Jaguars,Home,14,7,77,11.0,17,0,33%,25%
14,Andrew Beck,Houston Texans,New York Jets,Away,1,1,26,26.0,26,0,4%,27%
14,Austin Ekeler,Los Angeles Chargers,Denver Broncos,Home,7,5,49,9.8,18,0,17%,18%
14,Bijan Robinson,Atlanta Falcons,Tampa Bay Buccaneers,Home,7,5,54,10.8,33,0,18%,16%
14,Brandin Cooks,Dallas Cowboys,Philadelphia Eagles,Home,5,2,37,18.5,30,0,13%,14%
14,Brandon Aiyuk,San Francisco 49ers,Seattle Seahawks,Home,9,6,126,21.0,45,0,33%,34%
14,Breece Hall,New York Jets,Houston Texans,Home,9,8,86,10.8,27,1,26%,29%
14,Brevin Jordan,Houston Texans,New York Jets,Away,3,3,35,11.7,23,0,11%,37%
14,Calvin Ridley,Jacksonville Jaguars,Cleveland Browns,Away,13,4,53,13.3,16,0,27%,21%
14,Cedrick Wilson,Miami Dolphins,Tennessee Titans,Home,4,2,30,15.0,22,0,12%,13%
14,CeeDee Lamb,Dallas Cowboys,Philadelphia Eagles,Home,10,6,71,11.8,26,1,26%,26%
14,Chase Brown,Cincinnati Bengals,Indianapolis Colts,Home,3,3,80,26.7,54,1,12%,29%
14,Chigoziem Okonkwo,Tennessee Titans,Miami Dolphins,Away,6,5,46,9.2,16,0,17%,14%
14,Chris Godwin,Tampa Bay Buccaneers,Atlanta Falcons,Away,11,5,53,10.6,32,0,38%,37%
14,Chris Olave,New Orleans Saints,Carolina Panthers,Home,5,4,28,7.0,8,1,23%,24%
14,Clyde Edwards-Helaire,Kansas City Chiefs,Buffalo Bills,Home,4,2,29,14.5,20,0,10%,11%
14,Colby Parkinson,Seattle Seahawks,San Francisco 49ers,Away,2,2,28,14.0,25,1,6%,10%
14,Cole Kmet,Chicago Bears,Detroit Lions,Home,7,5,66,13.2,41,0,23%,30%
14,Cooper Kupp,Los Angeles Rams,Baltimore Ravens,Away,10,8,115,14.4,34,1,26%,39%
14,Courtland Sutton,Denver Broncos,Los Angeles Chargers,Away,4,3,62,20.7,46,1,13%,28%
14,D.J. Chark,Carolina Panthers,New Orleans Saints,Away,4,2,26,13.0,18,0,13%,19%
14,D.J. Moore,Chicago Bears,Detroit Lions,Home,10,6,68,11.3,38,1,32%,30%
14,D.K. Metcalf,Seattle Seahawks,San Francisco 49ers,Away,5,2,52,26.0,31,1,16%,19%
14,Dallas Goedert,Philadelphia Eagles,Dallas Cowboys,Away,4,4,30,7.5,15,0,14%,13%
14,Darnell Mooney,Chicago Bears,Detroit Lions,Home,7,2,44,22.0,28,0,23%,20%
14,Davante Adams,Las Vegas Raiders,Minnesota Vikings,Home,10,7,53,7.6,24,0,34%,31%
14,David Bell,Cleveland Browns,Jacksonville Jaguars,Home,3,1,41,41.0,41,1,7%,13%
14,David Njoku,Cleveland Browns,Jacksonville Jaguars,Home,8,6,91,15.2,34,2,19%,29%
14,Davis Allen,Los Angeles Rams,Baltimore Ravens,Away,5,4,50,12.5,21,1,13%,17%
14,Dawson Knox,Buffalo Bills,Kansas City Chiefs,Away,3,3,36,12.0,13,0,8%,15%
14,DeAndre Hopkins,Tennessee Titans,Miami Dolphins,Away,12,7,124,17.7,45,1,33%,38%
14,Deebo Samuel,San Francisco 49ers,Seattle Seahawks,Home,9,7,149,21.3,54,1,33%,40%
14,Demarcus Robinson,Los Angeles Rams,Baltimore Ravens,Away,10,3,46,15.3,22,1,26%,16%
14,Deonte Harty,Buffalo Bills,Kansas City Chiefs,Away,1,1,25,25.0,25,0,3%,11%
14,DeVonta Smith,Philadelphia Eagles,Dallas Cowboys,Away,10,5,73,14.6,30,0,36%,32%
14,Diontae Johnson,Pittsburgh Steelers,New England Patriots,Home,7,3,57,19.0,25,1,20%,30%
14,Drake London,Atlanta Falcons,Tampa Bay Buccaneers,Home,11,10,172,17.2,45,0,28%,50%
14,Elijah Moore,Cleveland Browns,Jacksonville Jaguars,Home,6,3,42,14.0,20,0,14%,14%
14,Evan Engram,Jacksonville Jaguars,Cleveland Browns,Away,12,11,95,8.6,23,2,24%,37%
14,Ezekiel Elliott,New England Patriots,Pittsburgh Steelers,Away,8,7,72,10.3,16,1,31%,30%
14,Garrett Wilson,New York Jets,Houston Texans,Home,14,9,108,12.0,25,0,40%,36%
14,George Kittle,San Francisco 49ers,Seattle Seahawks,Home,5,3,76,25.3,44,1,19%,21%
14,Gerald Everett,Los Angeles Chargers,Denver Broncos,Home,8,5,39,7.8,12,0,20%,14%
14,Hunter Henry,New England Patriots,Pittsburgh Steelers,Away,3,3,40,13.3,24,2,12%,17%
14,Hunter Renfrow,Las Vegas Raiders,Minnesota Vikings,Home,5,3,46,15.3,38,0,17%,27%
14,Isaiah Likely,Baltimore Ravens,Los Angeles Rams,Home,7,5,83,16.6,54,1,18%,26%
14,Ja'Marr Chase,Cincinnati Bengals,Indianapolis Colts,Home,4,3,29,9.7,14,0,16%,11%
14,Jake Ferguson,Dallas Cowboys,Philadelphia Eagles,Home,8,5,72,14.4,32,0,21%,27%
14,Jakobi Meyers,Las Vegas Raiders,Minnesota Vikings,Home,6,5,25,5.0,12,0,21%,15%
14,James Cook,Buffalo Bills,Kansas City Chiefs,Away,5,5,83,16.6,27,1,14%,36%
14,Javonte Williams,Denver Broncos,Los Angeles Chargers,Away,4,3,25,8.3,14,0,13%,11%
14,Jaxon Smith-Njigba,Seattle Seahawks,San Francisco 49ers,Away,7,4,25,6.3,11,0,23%,9%
14,Jayden Reed,Green Bay Packers,New York Giants,Away,10,8,27,3.4,8,0,26%,12%
14,Jaylen Waddle,Miami Dolphins,Tennessee Titans,Home,8,6,79,13.2,16,0,24%,33%
14,Jaylen Warren,Pittsburgh Steelers,New England Patriots,Home,5,4,29,7.3,12,0,14%,15%
14,Jeremy Ruckert,New York Jets,Houston Texans,Home,3,3,37,12.3,19,0,9%,12%
14,Jerome Ford,Cleveland Browns,Jacksonville Jaguars,Home,6,5,31,6.2,10,0,14%,10%
14,Joe Mixon,Cincinnati Bengals,Indianapolis Colts,Home,4,3,46,15.3,45,0,16%,17%
14,Jonnu Smith,Atlanta Falcons,Tampa Bay Buccaneers,Home,7,4,27,6.8,9,0,18%,8%
14,Jordan Addison,Minnesota Vikings,Las Vegas Raiders,Away,3,2,27,13.5,20,0,9%,18%
14,Josh Downs,Indianapolis Colts,Cincinnati Bengals,Away,3,3,32,10.7,12,0,8%,13%
14,Josh Reynolds,Detroit Lions,Chicago Bears,Away,4,3,44,14.7,27,1,12%,27%
14,JuJu Smith-Schuster,New England Patriots,Pittsburgh Steelers,Away,6,4,90,22.5,37,0,23%,38%
14,Justin Jefferson,Minnesota Vikings,Las Vegas Raiders,Away,3,2,27,13.5,15,0,9%,18%
14,Kadarius Toney,Kansas City Chiefs,Buffalo Bills,Home,4,3,25,8.3,9,0,10%,9%
14,Keenan Allen,Los Angeles Chargers,Denver Broncos,Home,12,6,68,11.3,22,0,29%,25%
14,Kenneth Walker,Seattle Seahawks,San Francisco 49ers,Away,5,4,33,8.3,27,0,16%,12%
14,Kyle Pitts,Atlanta Falcons,Tampa Bay Buccaneers,Home,6,3,57,19.0,36,1,15%,16%
14,Lucas Krull,Denver Broncos,Los Angeles Chargers,Away,1,1,35,35.0,35,0,3%,16%
14,Michael Gallup,Dallas Cowboys,Philadelphia Eagles,Home,5,3,48,16.0,39,1,13%,18%
14,Michael Pittman,Indianapolis Colts,Cincinnati Bengals,Away,11,8,95,11.9,31,0,29%,40%
14,Nelson Agholor,Baltimore Ravens,Los Angeles Rams,Home,5,5,32,6.4,12,0,13%,10%
14,Nick Westbrook,Tennessee Titans,Miami Dolphins,Away,4,2,28,14.0,23,0,11%,9%
14,Noah Fant,Seattle Seahawks,San Francisco 49ers,Away,4,2,35,17.5,26,0,13%,13%
14,Odell Beckham Jr.,Baltimore Ravens,Los Angeles Rams,Home,10,4,97,24.3,46,1,25%,31%
14,Olamide Zaccheaus,Philadelphia Eagles,Dallas Cowboys,Away,1,1,28,28.0,28,0,4%,12%
14,Parker Washington,Jacksonville Jaguars,Cleveland Browns,Away,3,2,27,13.5,19,1,6%,11%
14,Puka Nacua,Los Angeles Rams,Baltimore Ravens,Away,8,5,84,16.8,34,0,21%,29%
14,Quentin Johnston,Los Angeles Chargers,Denver Broncos,Home,4,3,91,30.3,57,0,10%,33%
14,Rachaad White,Tampa Bay Buccaneers,Atlanta Falcons,Away,2,2,33,16.5,31,1,7%,23%
14,Rashee Rice,Kansas City Chiefs,Buffalo Bills,Home,10,7,72,10.3,19,1,26%,27%
14,Romeo Doubs,Green Bay Packers,New York Giants,Away,7,4,32,8.0,14,0,18%,15%
14,Samaje Perine,Denver Broncos,Los Angeles Chargers,Away,5,5,36,7.2,9,0,17%,16%
14,T.J. Hockenson,Minnesota Vikings,Las Vegas Raiders,Away,8,5,53,10.6,26,0,24%,36%
14,Tee Higgins,Cincinnati Bengals,Indianapolis Colts,Home,4,2,72,36.0,46,0,16%,26%
14,Tony Pollard,Dallas Cowboys,Philadelphia Eagles,Home,8,7,37,5.3,8,0,21%,14%
14,Travis Etienne,Jacksonville Jaguars,Cleveland Browns,Away,4,4,37,9.3,18,0,8%,14%
14,Travis Kelce,Kansas City Chiefs,Buffalo Bills,Home,10,6,83,13.8,23,0,26%,31%
14,Tucker Kraft,Green Bay Packers,New York Giants,Away,4,4,64,16.0,43,0,11%,29%
14,Tyjae Spears,Tennessee Titans,Miami Dolphins,Away,8,6,89,14.8,30,0,22%,27%
14,Tyler Conklin,New York Jets,Houston Texans,Home,6,4,57,14.3,24,0,17%,19%
14,Tyler Lockett,Seattle Seahawks,San Francisco 49ers,Away,6,6,89,14.8,24,0,19%,33%
14,Tyreek Hill,Miami Dolphins,Tennessee Titans,Home,5,4,61,15.3,25,0,15%,25%
14,Wan'Dale Robinson,New York Giants,Green Bay Packers,Home,7,6,79,13.2,32,0,35%,50%
14,Will Mallory,Indianapolis Colts,Cincinnati Bengals,Away,5,5,46,9.2,16,0,13%,19%
14,Zack Moss,Indianapolis Colts,Cincinnati Bengals,Away,8,4,28,7.0,15,0,21%,12%
14,Zay Flowers,Baltimore Ravens,Los Angeles Rams,Home,10,6,60,10.0,21,1,25%,19%
14,Zay Jones,Jacksonville Jaguars,Cleveland Browns,Away,14,5,29,5.8,12,0,29%,11%
13,A.J. Brown,Philadelphia Eagles,San Francisco 49ers,Home,13,8,114,14.3,38,0,31%,36%
13,A.T. Perry,New Orleans Saints,Detroit Lions,Home,3,1,30,30.0,30,0,10%,11%
13,Adam Thielen,Carolina Panthers,Tampa Bay Buccaneers,Away,6,3,25,8.3,12,0,23%,14%
13,Alec Pierce,Indianapolis Colts,Tennessee Titans,Away,6,3,100,33.3,55,1,15%,32%
13,Alvin Kamara,New Orleans Saints,Detroit Lions,Home,8,6,58,9.7,13,0,28%,22%
13,Amari Cooper,Cleveland Browns,Los Angeles Rams,Away,5,3,34,11.3,22,0,12%,13%
13,Amon-Ra St. Brown,Detroit Lions,New Orleans Saints,Away,6,2,49,24.5,25,1,24%,23%
13,Antonio Gibson,Washington Commanders,Miami Dolphins,Home,5,4,37,9.3,32,0,23%,29%
13,Bijan Robinson,Atlanta Falcons,New York Jets,Away,5,3,26,8.7,9,0,20%,21%
13,Boston Scott,Philadelphia Eagles,San Francisco 49ers,Home,1,1,27,27.0,27,0,2%,9%
13,Brandin Cooks,Dallas Cowboys,Seattle Seahawks,Home,4,4,45,11.3,19,1,10%,15%
13,Brandon Aiyuk,San Francisco 49ers,Philadelphia Eagles,Away,7,5,46,9.2,13,1,28%,15%
13,Breece Hall,New York Jets,Atlanta Falcons,Home,8,6,29,4.8,9,0,22%,14%
13,Brevin Jordan,Houston Texans,Denver Broncos,Home,4,3,64,21.3,27,0,15%,22%
13,Calvin Ridley,Jacksonville Jaguars,Cincinnati Bengals,Home,8,4,26,6.5,21,0,21%,8%
13,CeeDee Lamb,Dallas Cowboys,Seattle Seahawks,Home,17,12,116,9.7,23,1,43%,39%
13,Chigoziem Okonkwo,Tennessee Titans,Indianapolis Colts,Home,6,3,62,20.7,39,0,18%,28%
13,Chris Olave,New Orleans Saints,Detroit Lions,Home,8,5,119,23.8,33,0,28%,45%
13,Christian Kirk,Jacksonville Jaguars,Cincinnati Bengals,Home,1,1,26,26.0,26,0,3%,8%
13,Christian McCaffrey,San Francisco 49ers,Philadelphia Eagles,Away,4,3,40,13.3,33,0,16%,13%
13,Christian Watson,Green Bay Packers,Kansas City Chiefs,Home,9,7,71,10.1,19,2,26%,27%
13,Cooper Kupp,Los Angeles Rams,Cleveland Browns,Home,8,6,39,6.5,13,1,24%,14%
13,Courtland Sutton,Denver Broncos,Houston Texans,Away,7,2,77,38.5,45,1,29%,41%
13,Curtis Samuel,Washington Commanders,Miami Dolphins,Home,5,4,65,16.3,33,0,23%,51%
13,D.J. Chark,Carolina Panthers,Tampa Bay Buccaneers,Away,4,3,56,18.7,30,0,15%,31%
13,D.K. Metcalf,Seattle Seahawks,Dallas Cowboys,Away,8,6,134,22.3,73,3,21%,40%
13,De'Von Achane,Miami Dolphins,Washington Commanders,Away,4,3,30,10.0,21,0,16%,11%
13,DeAndre Hopkins,Tennessee Titans,Indianapolis Colts,Home,12,5,75,15.0,27,1,36%,33%
13,Deebo Samuel,San Francisco 49ers,Philadelphia Eagles,Away,4,4,116,29.0,48,2,16%,37%
13,Demarcus Robinson,Los Angeles Rams,Cleveland Browns,Home,5,4,55,13.8,30,1,15%,20%
13,DeVante Parker,New England Patriots,Los Angeles Chargers,Home,9,4,64,16.0,27,0,38%,45%
13,DeVonta Smith,Philadelphia Eagles,San Francisco 49ers,Home,11,9,96,10.7,21,1,26%,31%
13,Diontae Johnson,Pittsburgh Steelers,Arizona Cardinals,Home,5,4,33,8.3,26,1,19%,18%
13,Dontayvion Wicks,Green Bay Packers,Kansas City Chiefs,Home,4,3,43,14.3,27,0,11%,16%
13,Elijah Moore,Cleveland Browns,Los Angeles Rams,Away,12,4,83,20.8,42,0,29%,33%
13,Evan Engram,Jacksonville Jaguars,Cincinnati Bengals,Home,9,9,82,9.1,22,1,23%,26%
13,Ezekiel Elliott,New England Patriots,Los Angeles Chargers,Home,5,4,40,10.0,23,0,21%,28%
13,Foster Moreau,New Orleans Saints,Detroit Lions,Home,2,2,28,14.0,19,0,7%,10%
13,Garrett Wilson,New York Jets,Atlanta Falcons,Home,7,3,50,16.7,31,0,19%,23%
13,George Kittle,San Francisco 49ers,Philadelphia Eagles,Away,6,4,68,17.0,32,0,24%,22%
13,George Pickens,Pittsburgh Steelers,Arizona Cardinals,Home,5,4,86,21.5,38,0,19%,46%
13,Gerald Everett,Los Angeles Chargers,New England Patriots,Away,5,4,44,11.0,26,0,14%,21%
13,Harrison Bryant,Cleveland Browns,Los Angeles Rams,Away,5,5,49,9.8,23,1,12%,19%
13,Ja'Marr Chase,Cincinnati Bengals,Jacksonville Jaguars,Away,12,11,149,13.6,76,1,32%,43%
13,Jake Ferguson,Dallas Cowboys,Seattle Seahawks,Home,8,6,77,12.8,17,1,20%,26%
13,Jauan Jennings,San Francisco 49ers,Philadelphia Eagles,Away,4,3,44,14.7,18,1,16%,14%
13,Jaxon Smith-Njigba,Seattle Seahawks,Dallas Cowboys,Away,11,7,62,8.9,18,0,29%,19%
13,Jaylen Waddle,Miami Dolphins,Washington Commanders,Away,8,5,52,10.4,16,0,32%,18%
13,Jerome Ford,Cleveland Browns,Los Angeles Rams,Away,3,3,33,11.0,24,1,7%,13%
13,Jerry Jeudy,Denver Broncos,Houston Texans,Away,4,3,51,17.0,41,0,17%,27%
13,Joe Mixon,Cincinnati Bengals,Jacksonville Jaguars,Away,7,6,49,8.2,28,0,19%,14%
13,Jonathan Mingo,Carolina Panthers,Tampa Bay Buccaneers,Away,10,6,69,11.5,31,0,38%,39%
13,Keenan Allen,Los Angeles Chargers,New England Patriots,Away,9,5,58,11.6,16,0,25%,27%
13,Kenny Gainwell,Philadelphia Eagles,San Francisco 49ers,Home,6,5,42,8.4,15,0,14%,13%
13,Kyle Pitts,Atlanta Falcons,New York Jets,Away,8,4,51,12.8,16,0,32%,42%
13,Kylen Granson,Indianapolis Colts,Tennessee Titans,Away,3,3,72,24.0,46,0,7%,23%
13,Marquez Valdes-Scantling,Kansas City Chiefs,Green Bay Packers,Away,5,2,25,12.5,16,0,17%,12%
13,Michael Pittman,Indianapolis Colts,Tennessee Titans,Away,16,11,105,9.6,14,1,39%,34%
13,Mike Evans,Tampa Bay Buccaneers,Carolina Panthers,Home,12,7,162,23.1,75,1,44%,80%
13,Nick Westbrook,Tennessee Titans,Indianapolis Colts,Home,3,1,28,28.0,28,0,9%,13%
13,Nico Collins,Houston Texans,Denver Broncos,Home,12,9,191,21.2,59,1,46%,65%
13,Noah Fant,Seattle Seahawks,Dallas Cowboys,Away,4,3,43,14.3,25,0,11%,13%
13,Parker Washington,Jacksonville Jaguars,Cincinnati Bengals,Home,6,6,61,10.2,18,1,15%,19%
13,Pat Freiermuth,Pittsburgh Steelers,Arizona Cardinals,Home,5,3,29,9.7,12,0,19%,16%
13,Puka Nacua,Los Angeles Rams,Cleveland Browns,Home,7,4,105,26.3,70,1,21%,38%
13,Quentin Johnston,Los Angeles Chargers,New England Patriots,Away,7,5,52,10.4,27,0,19%,25%
13,Quez Watkins,Philadelphia Eagles,San Francisco 49ers,Home,4,3,28,9.3,15,0,10%,9%
13,Rashee Rice,Kansas City Chiefs,Green Bay Packers,Away,9,8,64,8.0,13,0,30%,30%
13,Romeo Doubs,Green Bay Packers,Kansas City Chiefs,Home,5,4,72,18.0,33,0,14%,27%
13,Sam LaPorta,Detroit Lions,New Orleans Saints,Away,9,9,140,15.6,48,1,36%,66%
13,Tanner Hudson,Cincinnati Bengals,Jacksonville Jaguars,Away,4,4,35,8.8,24,0,11%,10%
13,Tee Higgins,Cincinnati Bengals,Jacksonville Jaguars,Away,3,3,36,12.0,14,0,8%,10%
13,Travis Etienne,Jacksonville Jaguars,Cincinnati Bengals,Home,4,4,34,8.5,19,0,10%,11%
13,Travis Kelce,Kansas City Chiefs,Green Bay Packers,Away,5,4,81,20.3,27,0,17%,39%
13,Trenton Irwin,Cincinnati Bengals,Jacksonville Jaguars,Away,1,1,25,25.0,25,0,3%,7%
13,Trey McBride,Arizona Cardinals,Pittsburgh Steelers,Away,9,8,89,11.1,17,1,39%,61%
13,Tucker Kraft,Green Bay Packers,Kansas City Chiefs,Home,6,3,37,12.3,19,0,17%,14%
13,Tyler Boyd,Cincinnati Bengals,Jacksonville Jaguars,Away,7,5,37,7.4,10,0,19%,11%
13,Tyler Conklin,New York Jets,Atlanta Falcons,Home,9,3,35,11.7,16,0,25%,16%
13,Tyler Higbee,Los Angeles Rams,Cleveland Browns,Home,4,2,35,17.5,21,0,12%,13%
13,Tyler Lockett,Seattle Seahawks,Dallas Cowboys,Away,8,5,47,9.4,17,0,21%,14%
13,Tyreek Hill,Miami Dolphins,Washington Commanders,Away,7,5,157,31.4,78,2,28%,55%
13,Xavier Gipson,New York Jets,Atlanta Falcons,Home,6,5,77,15.4,36,0,17%,36%
13,Zach Charbonnet,Seattle Seahawks,Dallas Cowboys,Away,2,1,39,39.0,39,0,5%,12%
13,Zay Jones,Jacksonville Jaguars,Cincinnati Bengals,Home,8,5,78,15.6,24,0,21%,24%
12,A.J. Brown,Philadelphia Eagles,Buffalo Bills,Home,9,5,37,7.4,11,1,32%,19%
12,AJ Dillon,Green Bay Packers,Detroit Lions,Away,3,3,38,12.7,22,0,10%,14%
12,Alec Pierce,Indianapolis Colts,Tampa Bay Buccaneers,Home,6,4,27,6.8,9,0,15%,11%
12,Alvin Kamara,New Orleans Saints,Atlanta Falcons,Away,5,4,50,12.5,20,0,14%,16%
12,Amon-Ra St. Brown,Detroit Lions,Green Bay Packers,Home,11,9,95,10.6,28,0,26%,29%
12,Austin Ekeler,Los Angeles Chargers,Baltimore Ravens,Home,6,5,32,6.4,14,0,15%,15%
12,Bijan Robinson,Atlanta Falcons,New Orleans Saints,Home,6,3,32,10.7,26,1,30%,19%
12,Brandin Cooks,Dallas Cowboys,Washington Commanders,Home,5,4,72,18.0,31,1,16%,22%
12,Brandon Aiyuk,San Francisco 49ers,Seattle Seahawks,Away,4,2,50,25.0,28,1,13%,24%
12,Brandon Powell,Minnesota Vikings,Chicago Bears,Home,3,3,45,15.0,28,0,10%,24%
12,Byron Pringle,Washington Commanders,Dallas Cowboys,Away,2,2,27,13.5,16,0,5%,9%
12,Cade Otton,Tampa Bay Buccaneers,Indianapolis Colts,Away,4,4,45,11.3,24,0,13%,23%
12,Calvin Ridley,Jacksonville Jaguars,Houston Texans,Away,6,5,89,17.8,45,1,16%,24%
12,Cedric Tillman,Cleveland Browns,Denver Broncos,Away,5,4,55,13.8,23,0,13%,29%
12,CeeDee Lamb,Dallas Cowboys,Washington Commanders,Home,9,4,53,13.3,16,1,28%,16%
12,Chatarius Atwell,Los Angeles Rams,Arizona Cardinals,Away,3,3,76,25.3,42,0,10%,33%
12,Chigoziem Okonkwo,Tennessee Titans,Carolina Panthers,Home,5,4,45,11.3,25,0,19%,24%
12,Chris Godwin,Tampa Bay Buccaneers,Indianapolis Colts,Away,7,3,45,15.0,21,0,23%,23%
12,Chris Moore,Tennessee Titans,Carolina Panthers,Home,4,3,41,13.7,22,0,15%,22%
12,Chris Olave,New Orleans Saints,Atlanta Falcons,Away,9,7,114,16.3,51,0,24%,38%
12,Christian Kirk,Jacksonville Jaguars,Houston Texans,Away,7,4,89,22.3,57,0,19%,24%
12,Christian McCaffrey,San Francisco 49ers,Seattle Seahawks,Away,6,5,25,5.0,14,0,20%,12%
12,Christian Watson,Green Bay Packers,Detroit Lions,Away,7,5,94,18.8,53,1,23%,35%
12,Chuba Hubbard,Carolina Panthers,Tennessee Titans,Away,5,5,47,9.4,25,0,21%,24%
12,Cole Kmet,Chicago Bears,Minnesota Vikings,Away,7,7,43,6.1,24,0,22%,20%
12,Cole Turner,Washington Commanders,Dallas Cowboys,Away,1,1,29,29.0,29,0,2%,10%
12,Courtland Sutton,Denver Broncos,Cleveland Browns,Home,6,3,61,20.3,31,0,29%,46%
12,Curtis Samuel,Washington Commanders,Dallas Cowboys,Away,12,9,100,11.1,30,0,27%,33%
12,D.J. Chark,Carolina Panthers,Tennessee Titans,Away,4,3,34,11.3,19,0,17%,18%
12,D.J. Moore,Chicago Bears,Minnesota Vikings,Away,13,11,114,10.4,36,0,41%,53%
12,D.K. Metcalf,Seattle Seahawks,San Francisco 49ers,Home,9,3,32,10.7,14,0,33%,18%
12,D'Ernest Johnson,Jacksonville Jaguars,Houston Texans,Away,2,1,42,42.0,42,0,5%,12%
12,Dalton Kincaid,Buffalo Bills,Philadelphia Eagles,Away,6,5,38,7.6,14,0,12%,11%
12,Davante Adams,Las Vegas Raiders,Kansas City Chiefs,Home,7,5,73,14.6,33,0,22%,29%
12,David Njoku,Cleveland Browns,Denver Broncos,Away,9,6,59,9.8,17,0,23%,31%
12,DeAndre Hopkins,Tennessee Titans,Carolina Panthers,Home,5,3,49,16.3,19,0,19%,26%
12,Deebo Samuel,San Francisco 49ers,Seattle Seahawks,Away,9,7,79,11.3,24,0,30%,38%
12,Demario Douglas,New England Patriots,New York Giants,Away,9,6,49,8.2,14,0,26%,34%
12,DeVante Parker,New England Patriots,New York Giants,Away,5,3,42,14.0,19,0,14%,29%
12,Devin Singletary,Houston Texans,Jacksonville Jaguars,Home,7,6,54,9.0,33,0,19%,18%
12,DeVonta Smith,Philadelphia Eagles,Buffalo Bills,Home,8,7,106,15.1,33,1,29%,53%
12,Diontae Johnson,Pittsburgh Steelers,Cincinnati Bengals,Away,8,4,50,12.5,39,0,25%,18%
12,Drake London,Atlanta Falcons,New Orleans Saints,Home,7,5,91,18.2,29,0,35%,54%
12,Elijah Higgins,Arizona Cardinals,Los Angeles Rams,Home,2,1,26,26.0,26,0,5%,10%
12,Elijah Moore,Cleveland Browns,Denver Broncos,Away,9,3,44,14.7,26,0,23%,23%
12,Evan Engram,Jacksonville Jaguars,Houston Texans,Away,8,5,49,9.8,21,0,22%,13%
12,Gabriel Davis,Buffalo Bills,Philadelphia Eagles,Away,12,6,105,17.5,25,1,24%,31%
12,Garrett Wilson,New York Jets,Miami Dolphins,Home,10,7,44,6.3,11,1,28%,25%
12,George Pickens,Pittsburgh Steelers,Cincinnati Bengals,Away,5,3,58,19.3,43,0,16%,21%
12,Gerald Everett,Los Angeles Chargers,Baltimore Ravens,Home,4,4,43,10.8,31,1,10%,20%
12,Greg Dortch,Arizona Cardinals,Los Angeles Rams,Home,9,3,27,9.0,14,1,20%,11%
12,Hunter Renfrow,Las Vegas Raiders,Kansas City Chiefs,Home,4,4,38,9.5,16,0,13%,15%
12,Isaiah Likely,Baltimore Ravens,Los Angeles Chargers,Away,6,4,40,10.0,18,0,20%,23%
12,Isiah Pacheco,Kansas City Chiefs,Las Vegas Raiders,Away,5,5,34,6.8,14,0,16%,11%
12,Ja'Marr Chase,Cincinnati Bengals,Pittsburgh Steelers,Home,6,4,81,20.3,31,0,24%,36%
12,Jahan Dotson,Washington Commanders,Dallas Cowboys,Away,6,5,52,10.4,15,0,14%,17%
12,Jake Ferguson,Dallas Cowboys,Washington Commanders,Home,3,1,35,35.0,35,0,9%,11%
12,Jakobi Meyers,Las Vegas Raiders,Kansas City Chiefs,Home,7,6,79,13.2,33,1,22%,32%
12,Jalen Tolbert,Dallas Cowboys,Washington Commanders,Home,3,2,49,24.5,31,0,9%,15%
12,Jalin Hyatt,New York Giants,New England Patriots,Home,6,5,109,21.8,41,0,25%,57%
12,James Cook,Buffalo Bills,Philadelphia Eagles,Away,7,6,57,9.5,29,0,14%,17%
12,Jameson Williams,Detroit Lions,Green Bay Packers,Home,3,2,51,25.5,38,0,7%,15%
12,Jaxon Smith-Njigba,Seattle Seahawks,San Francisco 49ers,Home,3,2,41,20.5,34,0,11%,23%
12,Jayden Reed,Green Bay Packers,Detroit Lions,Away,8,4,34,8.5,14,1,27%,13%
12,Jaylen Waddle,Miami Dolphins,New York Jets,Away,8,8,114,14.3,32,0,29%,47%
12,Joe Mixon,Cincinnati Bengals,Pittsburgh Steelers,Home,2,2,44,22.0,39,0,8%,19%
12,Jonathan Mingo,Carolina Panthers,Tennessee Titans,Away,6,4,60,15.0,24,0,25%,31%
12,Jordan Addison,Minnesota Vikings,Chicago Bears,Home,10,6,39,6.5,14,0,33%,21%
12,Josh Downs,Indianapolis Colts,Tampa Bay Buccaneers,Home,13,5,43,8.6,13,0,33%,17%
12,Juwan Johnson,New Orleans Saints,Atlanta Falcons,Away,7,4,45,11.3,23,0,19%,15%
12,K.J. Osborn,Minnesota Vikings,Chicago Bears,Home,4,3,34,11.3,22,0,13%,18%
12,Kalif Raymond,Detroit Lions,Green Bay Packers,Home,5,5,90,18.0,24,0,12%,27%
12,KaVontae Turpin,Dallas Cowboys,Washington Commanders,Home,1,1,34,34.0,34,1,3%,10%
12,Keaton Mitchell,Baltimore Ravens,Los Angeles Chargers,Away,2,2,25,12.5,14,0,7%,14%
12,Keenan Allen,Los Angeles Chargers,Baltimore Ravens,Home,16,14,106,7.6,21,0,39%,49%
12,Khalil Shakir,Buffalo Bills,Philadelphia Eagles,Away,5,3,47,15.7,31,0,10%,14%
12,Kyren Williams,Los Angeles Rams,Arizona Cardinals,Away,6,6,61,10.2,24,2,19%,27%
12,Luke Farrell,Jacksonville Jaguars,Houston Texans,Away,5,3,55,18.3,42,0,14%,15%
12,Malik Heath,Green Bay Packers,Detroit Lions,Away,4,4,46,11.5,16,0,13%,17%
12,Marquise Brown,Arizona Cardinals,Los Angeles Rams,Home,12,6,88,14.7,36,0,27%,34%
12,Michael Mayer,Las Vegas Raiders,Kansas City Chiefs,Home,4,2,27,13.5,17,0,13%,11%
12,Michael Pittman,Indianapolis Colts,Tampa Bay Buccaneers,Home,13,10,107,10.7,24,0,33%,43%
12,Mike Evans,Tampa Bay Buccaneers,Indianapolis Colts,Away,9,6,70,11.7,23,2,30%,35%
12,Mo Alie-Cox,Indianapolis Colts,Tampa Bay Buccaneers,Home,1,1,30,30.0,30,0,3%,12%
12,Nathaniel Dell,Houston Texans,Jacksonville Jaguars,Home,8,5,50,10.0,17,1,22%,16%
12,Nick Westbrook,Tennessee Titans,Carolina Panthers,Home,5,4,41,10.3,18,0,19%,22%
12,Nico Collins,Houston Texans,Jacksonville Jaguars,Home,9,7,104,14.9,24,1,25%,34%
12,Noah Fant,Seattle Seahawks,San Francisco 49ers,Home,2,2,25,12.5,16,0,7%,14%
12,Noah Gray,Kansas City Chiefs,Las Vegas Raiders,Away,3,3,30,10.0,13,0,9%,10%
12,Odell Beckham Jr.,Baltimore Ravens,Los Angeles Chargers,Away,5,3,34,11.3,14,0,17%,19%
12,Olamide Zaccheaus,Philadelphia Eagles,Buffalo Bills,Home,1,1,29,29.0,29,1,4%,15%
12,Pat Freiermuth,Pittsburgh Steelers,Cincinnati Bengals,Away,11,9,120,13.3,29,0,34%,43%
12,Puka Nacua,Los Angeles Rams,Arizona Cardinals,Away,8,4,27,6.8,14,0,26%,12%
12,Rashee Rice,Kansas City Chiefs,Las Vegas Raiders,Away,10,8,107,13.4,39,1,31%,36%
12,Robert Woods,Houston Texans,Jacksonville Jaguars,Home,3,2,40,20.0,26,0,8%,13%
12,Romeo Doubs,Green Bay Packers,Detroit Lions,Away,4,3,37,12.3,16,0,13%,14%
12,Rondale Moore,Arizona Cardinals,Los Angeles Rams,Home,3,2,35,17.5,20,0,7%,14%
12,Roschon Johnson,Chicago Bears,Minnesota Vikings,Away,5,5,40,8.0,22,0,16%,18%
12,Sam LaPorta,Detroit Lions,Green Bay Packers,Home,8,5,47,9.4,31,1,19%,14%
12,Skyy Moore,Kansas City Chiefs,Las Vegas Raiders,Away,3,3,34,11.3,18,0,9%,11%
12,Stefon Diggs,Buffalo Bills,Philadelphia Eagles,Away,11,6,74,12.3,22,1,22%,22%
12,T.J. Hockenson,Minnesota Vikings,Chicago Bears,Home,6,5,50,10.0,17,1,20%,27%
12,Taysom Hill,New Orleans Saints,Atlanta Falcons,Away,2,2,55,27.5,36,0,5%,18%
12,Terry McLaurin,Washington Commanders,Dallas Cowboys,Away,11,4,50,12.5,24,0,25%,17%
12,Travis Etienne,Jacksonville Jaguars,Houston Texans,Away,6,4,30,7.5,12,0,16%,8%
12,Travis Kelce,Kansas City Chiefs,Las Vegas Raiders,Away,7,6,91,15.2,27,0,22%,31%
12,Trenton Irwin,Cincinnati Bengals,Pittsburgh Steelers,Home,1,1,25,25.0,25,0,4%,11%
12,Trey McBride,Arizona Cardinals,Los Angeles Rams,Home,9,7,60,8.6,16,0,20%,23%
12,Tyler Conklin,New York Jets,Miami Dolphins,Home,5,4,33,8.3,9,0,14%,18%
12,Tyler Higbee,Los Angeles Rams,Arizona Cardinals,Away,5,5,29,5.8,7,2,16%,13%
12,Tyler Lockett,Seattle Seahawks,San Francisco 49ers,Home,5,3,30,10.0,11,0,19%,17%
12,Tyreek Hill,Miami Dolphins,New York Jets,Away,12,9,102,11.3,35,1,43%,42%
12,Wan'Dale Robinson,New York Giants,New England Patriots,Home,5,4,26,6.5,11,0,21%,14%
12,Will Mallory,Indianapolis Colts,Tampa Bay Buccaneers,Home,3,2,29,14.5,17,0,8%,12%
12,Xavier Hutchinson,Houston Texans,Jacksonville Jaguars,Home,1,1,34,34.0,34,0,3%,11%
12,Zay Flowers,Baltimore Ravens,Los Angeles Chargers,Away,8,5,25,5.0,18,1,27%,14%
11,Adam Thielen,Carolina Panthers,Dallas Cowboys,Home,11,8,74,9.3,16,0,42%,60%
11,Adam Trautman,Denver Broncos,Minnesota Vikings,Home,2,2,33,16.5,19,0,6%,13%
11,AJ Dillon,Green Bay Packers,Los Angeles Chargers,Home,4,4,32,8.0,20,0,11%,10%
11,Amari Cooper,Cleveland Browns,Pittsburgh Steelers,Home,8,4,34,8.5,11,0,20%,21%
11,Amon-Ra St. Brown,Detroit Lions,Chicago Bears,Home,11,8,77,9.6,16,1,34%,33%
11,Brandin Cooks,Dallas Cowboys,Carolina Panthers,Away,4,3,42,14.0,22,0,10%,21%
11,Brandon Aiyuk,San Francisco 49ers,Tampa Bay Buccaneers,Home,6,5,156,31.2,76,1,24%,47%
11,Brandon Powell,Minnesota Vikings,Denver Broncos,Away,4,3,32,10.7,22,0,14%,14%
11,Breece Hall,New York Jets,Buffalo Bills,Away,6,5,50,10.0,15,1,21%,38%
11,Brian Robinson,Washington Commanders,New York Giants,Home,9,7,58,8.3,21,0,21%,23%
11,Cade Otton,Tampa Bay Buccaneers,San Francisco 49ers,Away,5,4,49,12.3,27,0,12%,20%
11,Calvin Ridley,Jacksonville Jaguars,Tennessee Titans,Home,9,7,103,14.7,34,2,29%,39%
11,CeeDee Lamb,Dallas Cowboys,Carolina Panthers,Away,9,6,38,6.3,10,1,23%,19%
11,Chris Godwin,Tampa Bay Buccaneers,San Francisco 49ers,Away,7,6,39,6.5,11,0,16%,16%
11,Chris Moore,Tennessee Titans,Jacksonville Jaguars,Away,1,1,49,49.0,49,0,6%,31%
11,Christian Kirk,Jacksonville Jaguars,Tennessee Titans,Home,6,3,48,16.0,20,0,19%,18%
11,Christian McCaffrey,San Francisco 49ers,Tampa Bay Buccaneers,Home,5,5,25,5.0,11,1,20%,8%
11,Courtland Sutton,Denver Broncos,Minnesota Vikings,Home,5,4,66,16.5,33,1,16%,25%
11,D.J. Moore,Chicago Bears,Detroit Lions,Away,9,7,96,13.7,39,1,41%,57%
11,D.K. Metcalf,Seattle Seahawks,Los Angeles Rams,Away,9,5,94,18.8,53,1,24%,40%
11,D'Andre Swift,Philadelphia Eagles,Kansas City Chiefs,Away,3,3,31,10.3,20,0,14%,21%
11,D'Ernest Johnson,Jacksonville Jaguars,Tennessee Titans,Home,1,1,34,34.0,34,0,3%,13%
11,Dalton Kincaid,Buffalo Bills,New York Jets,Home,7,6,46,7.7,16,0,24%,17%
11,Dalton Schultz,Houston Texans,Arizona Cardinals,Home,3,2,32,16.0,20,1,8%,9%
11,Daniel Bellinger,New York Giants,Washington Commanders,Away,3,3,38,12.7,26,0,12%,15%
11,Darius Slayton,New York Giants,Washington Commanders,Away,5,4,82,20.5,40,1,19%,33%
11,Darrell Henderson,Los Angeles Rams,Seattle Seahawks,Home,7,4,28,7.0,14,0,24%,15%
11,Davante Adams,Las Vegas Raiders,Miami Dolphins,Away,13,7,82,11.7,46,1,34%,30%
11,David Njoku,Cleveland Browns,Pittsburgh Steelers,Home,15,7,56,8.0,18,0,37%,34%
11,DeAndre Hopkins,Tennessee Titans,Jacksonville Jaguars,Away,5,4,59,14.8,43,1,29%,37%
11,Deebo Samuel,San Francisco 49ers,Tampa Bay Buccaneers,Home,4,3,63,21.0,40,0,16%,19%
11,DeVonta Smith,Philadelphia Eagles,Kansas City Chiefs,Away,8,6,99,16.5,41,0,38%,66%
11,Donald Parham,Los Angeles Chargers,Green Bay Packers,Away,6,4,57,14.3,21,0,17%,22%
11,Dontayvion Wicks,Green Bay Packers,Los Angeles Chargers,Home,5,3,91,30.3,35,0,13%,28%
11,Elijah Moore,Cleveland Browns,Pittsburgh Steelers,Home,7,6,60,10.0,15,0,17%,36%
11,Evan Engram,Jacksonville Jaguars,Tennessee Titans,Home,6,4,29,7.3,13,0,19%,11%
11,George Kittle,San Francisco 49ers,Tampa Bay Buccaneers,Home,9,8,89,11.1,24,1,36%,27%
11,George Pickens,Pittsburgh Steelers,Cleveland Browns,Away,6,4,38,9.5,14,0,24%,36%
11,Greg Dortch,Arizona Cardinals,Houston Texans,Away,8,6,76,12.7,31,0,28%,36%
11,Hunter Renfrow,Las Vegas Raiders,Miami Dolphins,Away,5,5,42,8.4,31,0,13%,15%
11,Jahmyr Gibbs,Detroit Lions,Chicago Bears,Home,6,6,59,9.8,14,0,19%,25%
11,Jake Ferguson,Dallas Cowboys,Carolina Panthers,Away,5,3,32,10.7,24,0,13%,16%
11,Jakobi Meyers,Las Vegas Raiders,Miami Dolphins,Away,5,4,49,12.3,24,0,13%,18%
11,James Cook,Buffalo Bills,New York Jets,Home,4,3,29,9.7,15,1,14%,11%
11,Jameson Williams,Detroit Lions,Chicago Bears,Home,3,2,44,22.0,32,1,9%,19%
11,Jaxon Smith-Njigba,Seattle Seahawks,Los Angeles Rams,Away,6,3,40,13.3,32,0,16%,17%
11,Jayden Reed,Green Bay Packers,Los Angeles Chargers,Home,6,4,46,11.5,19,0,16%,14%
11,Jaylen Waddle,Miami Dolphins,Las Vegas Raiders,Home,8,4,55,13.8,19,0,22%,17%
11,Jeremy Ruckert,New York Jets,Buffalo Bills,Away,4,3,25,8.3,18,0,14%,19%
11,Jerry Jeudy,Denver Broncos,Minnesota Vikings,Home,7,5,58,11.6,19,0,22%,22%
11,Joe Mixon,Cincinnati Bengals,Baltimore Ravens,Away,5,5,31,6.2,9,1,16%,18%
11,Jordan Addison,Minnesota Vikings,Denver Broncos,Away,6,3,44,14.7,18,0,21%,20%
11,Josh Oliver,Minnesota Vikings,Denver Broncos,Away,4,4,47,11.8,29,1,14%,21%
11,Justin Watson,Kansas City Chiefs,Philadelphia Eagles,Home,11,5,53,10.6,17,1,28%,30%
11,Keenan Allen,Los Angeles Chargers,Green Bay Packers,Away,16,10,116,11.6,38,1,44%,45%
11,Khalil Shakir,Buffalo Bills,New York Jets,Home,4,3,115,38.3,81,1,14%,42%
11,Logan Thomas,Washington Commanders,New York Giants,Home,8,5,58,11.6,29,0,19%,23%
11,Luke Musgrave,Green Bay Packers,Los Angeles Chargers,Home,6,4,28,7.0,11,0,16%,9%
11,Michael Gallup,Dallas Cowboys,Carolina Panthers,Away,5,3,31,10.3,19,0,13%,15%
11,Michael Mayer,Las Vegas Raiders,Miami Dolphins,Away,5,4,46,11.5,17,0,13%,17%
11,Mike Evans,Tampa Bay Buccaneers,San Francisco 49ers,Away,12,5,43,8.6,13,1,28%,17%
11,Nathaniel Dell,Houston Texans,Arizona Cardinals,Home,10,8,149,18.6,40,1,26%,44%
11,Nelson Agholor,Baltimore Ravens,Cincinnati Bengals,Home,1,1,37,37.0,37,1,4%,14%
11,Nico Collins,Houston Texans,Arizona Cardinals,Home,11,7,65,9.3,23,0,29%,19%
11,Odell Beckham Jr.,Baltimore Ravens,Cincinnati Bengals,Home,7,4,116,29.0,51,0,30%,44%
11,Puka Nacua,Los Angeles Rams,Seattle Seahawks,Home,7,5,70,14.0,32,1,24%,37%
11,Rachaad White,Tampa Bay Buccaneers,San Francisco 49ers,Away,7,6,28,4.7,11,0,16%,11%
11,Rakim Jarrett,Tampa Bay Buccaneers,San Francisco 49ers,Away,2,1,41,41.0,41,0,5%,17%
11,Rashee Rice,Kansas City Chiefs,Philadelphia Eagles,Home,5,4,42,10.5,17,0,13%,24%
11,Robbie Chosen,Miami Dolphins,Las Vegas Raiders,Home,2,2,39,19.5,30,0,6%,12%
11,Robert Woods,Houston Texans,Arizona Cardinals,Home,8,5,44,8.8,17,0,21%,13%
11,Romeo Doubs,Green Bay Packers,Los Angeles Chargers,Home,6,5,53,10.6,24,1,16%,16%
11,Rondale Moore,Arizona Cardinals,Houston Texans,Away,1,1,48,48.0,48,1,3%,22%
11,Salvon Ahmed,Miami Dolphins,Las Vegas Raiders,Home,3,3,25,8.3,11,1,8%,8%
11,Samaje Perine,Denver Broncos,Minnesota Vikings,Home,7,7,60,8.6,17,0,22%,23%
11,Saquon Barkley,New York Giants,Washington Commanders,Away,5,4,57,14.3,24,2,19%,23%
11,Stefon Diggs,Buffalo Bills,New York Jets,Home,8,4,27,6.8,11,0,28%,10%
11,Steven Sims,Houston Texans,Arizona Cardinals,Home,2,2,25,12.5,23,0,5%,7%
11,Stone Smartt,Los Angeles Chargers,Green Bay Packers,Away,3,1,51,51.0,51,1,8%,20%
11,T.J. Hockenson,Minnesota Vikings,Denver Broncos,Away,7,4,55,13.8,29,0,24%,25%
11,Tanner Hudson,Cincinnati Bengals,Baltimore Ravens,Away,4,4,49,12.3,21,0,13%,29%
11,Terry McLaurin,Washington Commanders,New York Giants,Home,7,5,43,8.6,11,0,17%,17%
11,Travis Kelce,Kansas City Chiefs,Philadelphia Eagles,Home,9,7,44,6.3,13,1,23%,25%
11,Tre Tucker,Las Vegas Raiders,Miami Dolphins,Away,7,2,36,18.0,19,0,18%,13%
11,Trenton Irwin,Cincinnati Bengals,Baltimore Ravens,Away,5,3,36,12.0,14,0,16%,21%
11,Trey McBride,Arizona Cardinals,Houston Texans,Away,7,5,43,8.6,13,0,24%,20%
11,Tucker Kraft,Green Bay Packers,Los Angeles Chargers,Home,2,2,32,16.0,27,0,5%,10%
11,Ty Chandler,Minnesota Vikings,Denver Broncos,Away,4,4,37,9.3,19,0,14%,17%
11,Ty Johnson,Buffalo Bills,New York Jets,Home,3,3,47,15.7,28,1,10%,17%
11,Tyler Lockett,Seattle Seahawks,Los Angeles Rams,Away,7,5,51,10.2,13,0,18%,22%
11,Tyreek Hill,Miami Dolphins,Las Vegas Raiders,Home,11,10,146,14.6,38,1,31%,45%
11,Wan'Dale Robinson,New York Giants,Washington Commanders,Away,4,3,35,11.7,21,0,15%,14%
11,Zay Flowers,Baltimore Ravens,Cincinnati Bengals,Home,4,3,43,14.3,33,0,17%,16%
10,A.T. Perry,New Orleans Saints,Minnesota Vikings,Away,4,2,38,19.0,23,1,10%,16%
10,Adam Thielen,Carolina Panthers,Chicago Bears,Away,10,6,42,7.0,14,0,29%,23%
10,Alvin Kamara,New Orleans Saints,Minnesota Vikings,Away,7,7,33,4.7,13,0,18%,14%
10,Amari Cooper,Cleveland Browns,Baltimore Ravens,Away,9,6,98,16.3,28,0,28%,46%
10,Amon-Ra St. Brown,Detroit Lions,Los Angeles Chargers,Away,9,8,156,19.5,46,1,28%,47%
10,Antonio Gibson,Washington Commanders,Seattle Seahawks,Away,6,5,42,8.4,19,1,14%,13%
10,Austin Ekeler,Los Angeles Chargers,Detroit Lions,Home,7,4,48,12.0,24,0,18%,15%
10,Brandin Cooks,Dallas Cowboys,New York Giants,Home,10,9,173,19.2,37,1,23%,37%
10,Brandon Aiyuk,San Francisco 49ers,Jacksonville Jaguars,Away,3,3,55,18.3,21,1,11%,18%
10,Brandon Powell,Minnesota Vikings,New Orleans Saints,Home,5,4,35,8.8,14,0,16%,13%
10,Breece Hall,New York Jets,Las Vegas Raiders,Away,3,3,47,15.7,35,0,8%,18%
10,Brian Robinson,Washington Commanders,Seattle Seahawks,Away,6,6,119,19.8,51,1,14%,38%
10,CeeDee Lamb,Dallas Cowboys,New York Giants,Home,14,11,151,13.7,30,1,32%,32%
10,Chigoziem Okonkwo,Tennessee Titans,Tampa Bay Buccaneers,Away,6,3,27,9.0,15,0,16%,14%
10,Chris Godwin,Tampa Bay Buccaneers,Tennessee Titans,Home,6,4,54,13.5,17,0,21%,19%
10,Chris Olave,New Orleans Saints,Minnesota Vikings,Away,9,6,94,15.7,26,1,23%,41%
10,Christian Kirk,Jacksonville Jaguars,San Francisco 49ers,Home,11,6,104,17.3,39,0,35%,55%
10,Christian McCaffrey,San Francisco 49ers,Jacksonville Jaguars,Away,10,6,47,7.8,17,0,37%,16%
10,Cole Kmet,Chicago Bears,Carolina Panthers,Home,7,5,45,9.0,14,0,22%,28%
10,Connor Heyward,Pittsburgh Steelers,Green Bay Packers,Home,4,3,32,10.7,13,0,18%,25%
10,Courtland Sutton,Denver Broncos,Buffalo Bills,Away,11,8,53,6.6,30,1,38%,27%
10,D.J. Moore,Chicago Bears,Carolina Panthers,Home,9,5,58,11.6,16,0,28%,36%
10,D.K. Metcalf,Seattle Seahawks,Washington Commanders,Home,12,7,98,14.0,27,0,29%,27%
10,D'Ernest Johnson,Jacksonville Jaguars,San Francisco 49ers,Home,2,2,28,14.0,15,0,6%,15%
10,Dalton Kincaid,Buffalo Bills,Denver Broncos,Home,6,5,51,10.2,22,1,24%,29%
10,Dalton Schultz,Houston Texans,Cincinnati Bengals,Away,6,4,71,17.8,25,0,15%,20%
10,Daniel Bellinger,New York Giants,Dallas Cowboys,Away,3,2,34,17.0,26,0,12%,40%
10,Davante Adams,Las Vegas Raiders,New York Jets,Home,13,6,86,14.3,42,0,52%,56%
10,David Njoku,Cleveland Browns,Baltimore Ravens,Away,9,6,58,9.7,23,0,28%,27%
10,DeAndre Hopkins,Tennessee Titans,Tampa Bay Buccaneers,Away,8,3,27,9.0,15,0,21%,14%
10,Deebo Samuel,San Francisco 49ers,Jacksonville Jaguars,Away,4,4,30,7.5,9,0,15%,10%
10,Demario Douglas,New England Patriots,Indianapolis Colts,Home,9,6,84,14.0,30,0,35%,43%
10,Dontayvion Wicks,Green Bay Packers,Pittsburgh Steelers,Away,4,3,51,17.0,32,0,11%,18%
10,Drake London,Atlanta Falcons,Arizona Cardinals,Away,4,3,36,12.0,18,0,22%,38%
10,Dyami Brown,Washington Commanders,Seattle Seahawks,Away,2,2,41,20.5,35,1,5%,13%
10,Elijah Moore,Cleveland Browns,Baltimore Ravens,Away,7,5,44,8.8,19,1,22%,21%
10,Ezekiel Elliott,New England Patriots,Indianapolis Colts,Home,2,2,34,17.0,19,0,8%,17%
10,Gabriel Davis,Buffalo Bills,Denver Broncos,Home,6,2,56,28.0,38,0,24%,32%
10,Garrett Wilson,New York Jets,Las Vegas Raiders,Away,14,9,93,10.3,41,0,38%,35%
10,George Kittle,San Francisco 49ers,Jacksonville Jaguars,Away,4,3,116,38.7,66,1,15%,38%
10,George Pickens,Pittsburgh Steelers,Green Bay Packers,Home,4,3,45,15.0,28,0,18%,36%
10,Isaiah McKenzie,Indianapolis Colts,New England Patriots,Away,4,4,31,7.8,30,0,15%,16%
10,Ja'Marr Chase,Cincinnati Bengals,Houston Texans,Home,6,5,124,24.8,64,1,15%,36%
10,Jahmyr Gibbs,Detroit Lions,Los Angeles Chargers,Away,5,3,35,11.7,24,0,16%,11%
10,Jake Ferguson,Dallas Cowboys,New York Giants,Home,7,4,26,6.5,16,1,16%,6%
10,Jalen Brooks,Dallas Cowboys,New York Giants,Home,4,4,39,9.8,14,0,9%,8%
10,Jalen Guyton,Los Angeles Chargers,Detroit Lions,Home,6,4,41,10.3,18,1,15%,13%
10,Javonte Williams,Denver Broncos,Buffalo Bills,Away,4,4,31,7.8,18,1,14%,16%
10,Jaxon Smith-Njigba,Seattle Seahawks,Washington Commanders,Home,5,4,53,13.3,20,0,12%,14%
10,Jayden Reed,Green Bay Packers,Pittsburgh Steelers,Away,5,5,84,16.8,46,1,14%,29%
10,Jerry Jeudy,Denver Broncos,Buffalo Bills,Away,3,3,35,11.7,19,0,10%,18%
10,John Metchie,Houston Texans,Cincinnati Bengals,Away,2,2,25,12.5,19,0,5%,7%
10,Jordan Addison,Minnesota Vikings,New Orleans Saints,Home,7,4,69,17.3,29,0,22%,26%
10,Josh Downs,Indianapolis Colts,New England Patriots,Away,3,2,40,20.0,28,0,12%,21%
10,Kalif Raymond,Detroit Lions,Los Angeles Chargers,Away,4,2,46,23.0,41,0,13%,14%
10,Keaton Mitchell,Baltimore Ravens,Cleveland Browns,Home,2,1,32,32.0,32,0,9%,14%
10,Keenan Allen,Los Angeles Chargers,Detroit Lions,Home,14,11,175,15.9,38,2,35%,54%
10,Kenneth Walker,Seattle Seahawks,Washington Commanders,Home,2,1,64,64.0,64,1,5%,17%
10,Kyle Juszczyk,San Francisco 49ers,Jacksonville Jaguars,Away,3,2,26,13.0,22,1,11%,9%
10,Kyle Philips,Tennessee Titans,Tampa Bay Buccaneers,Away,5,3,61,20.3,29,0,13%,31%
10,Kyle Pitts,Atlanta Falcons,Arizona Cardinals,Away,5,3,30,10.0,17,0,28%,32%
10,Logan Thomas,Washington Commanders,Seattle Seahawks,Away,5,5,40,8.0,17,0,12%,13%
10,Luke Musgrave,Green Bay Packers,Pittsburgh Steelers,Away,4,2,64,32.0,36,0,11%,22%
10,Mark Andrews,Baltimore Ravens,Cleveland Browns,Home,4,2,44,22.0,36,0,17%,20%
10,Marquise Brown,Arizona Cardinals,Atlanta Falcons,Home,4,1,28,28.0,28,0,13%,11%
10,Michael Gallup,Dallas Cowboys,New York Giants,Home,2,2,70,35.0,41,1,5%,15%
10,Michael Pittman,Indianapolis Colts,New England Patriots,Away,12,8,84,10.5,14,0,46%,43%
10,Michael Wilson,Arizona Cardinals,Atlanta Falcons,Home,6,3,34,11.3,16,0,19%,14%
10,Mike Evans,Tampa Bay Buccaneers,Tennessee Titans,Home,10,6,143,23.8,43,1,34%,51%
10,Mike Strachan,Carolina Panthers,Chicago Bears,Away,2,1,45,45.0,45,0,6%,24%
10,Nathaniel Dell,Houston Texans,Cincinnati Bengals,Away,14,6,56,9.3,17,1,36%,16%
10,Noah Brown,Houston Texans,Cincinnati Bengals,Away,8,7,172,24.6,34,0,21%,48%
10,Odell Beckham Jr.,Baltimore Ravens,Cleveland Browns,Home,2,1,40,40.0,40,1,9%,18%
10,Quentin Johnston,Los Angeles Chargers,Detroit Lions,Home,4,4,34,8.5,17,1,10%,11%
10,Rachaad White,Tampa Bay Buccaneers,Tennessee Titans,Home,3,2,47,23.5,43,1,10%,17%
10,Rashod Bateman,Baltimore Ravens,Cleveland Browns,Home,4,2,25,12.5,18,0,17%,11%
10,Romeo Doubs,Green Bay Packers,Pittsburgh Steelers,Away,5,3,31,10.3,20,1,14%,11%
10,Rondale Moore,Arizona Cardinals,Atlanta Falcons,Home,8,5,43,8.6,12,0,26%,17%
10,Sam LaPorta,Detroit Lions,Los Angeles Chargers,Away,5,4,40,10.0,19,0,16%,12%
10,Samaje Perine,Denver Broncos,Buffalo Bills,Away,3,3,35,11.7,18,0,10%,18%
10,Stefon Diggs,Buffalo Bills,Denver Broncos,Home,5,3,34,11.3,14,0,20%,19%
10,T.J. Hockenson,Minnesota Vikings,New Orleans Saints,Home,15,11,134,12.2,28,1,47%,50%
10,Tanner Hudson,Cincinnati Bengals,Houston Texans,Home,7,6,33,5.5,13,0,18%,10%
10,Terry McLaurin,Washington Commanders,Seattle Seahawks,Away,8,4,33,8.3,13,0,19%,11%
10,Trenton Irwin,Cincinnati Bengals,Houston Texans,Home,4,2,54,27.0,32,1,10%,16%
10,Trey McBride,Arizona Cardinals,Atlanta Falcons,Home,9,8,131,16.4,33,0,29%,53%
10,Tyjae Spears,Tennessee Titans,Tampa Bay Buccaneers,Away,5,4,42,10.5,15,0,13%,21%
10,Tyler Boyd,Cincinnati Bengals,Houston Texans,Home,12,8,117,14.6,64,0,31%,34%
10,Tyler Conklin,New York Jets,Las Vegas Raiders,Away,7,7,70,10.0,27,0,19%,27%
10,Tyler Lockett,Seattle Seahawks,Washington Commanders,Home,10,8,92,11.5,20,1,24%,25%
10,Zay Flowers,Baltimore Ravens,Cleveland Browns,Home,6,5,73,14.6,18,0,26%,33%
9,A.J. Brown,Philadelphia Eagles,Dallas Cowboys,Home,9,7,66,9.4,20,1,43%,32%
9,Aaron Jones,Green Bay Packers,Los Angeles Rams,Home,6,4,26,6.5,13,0,24%,11%
9,Adam Thielen,Carolina Panthers,Indianapolis Colts,Home,6,5,29,5.8,7,0,16%,17%
9,Alexander Mattison,Minnesota Vikings,Atlanta Falcons,Away,2,2,49,24.5,47,1,6%,21%
9,Alvin Kamara,New Orleans Saints,Chicago Bears,Home,5,4,44,11.0,17,0,16%,21%
9,Amari Cooper,Cleveland Browns,Arizona Cardinals,Home,5,5,139,27.8,59,1,18%,63%
9,Antonio Gibson,Washington Commanders,New England Patriots,Away,5,5,42,8.4,12,0,11%,13%
9,Byron Pringle,Washington Commanders,New England Patriots,Away,4,3,55,18.3,26,0,9%,17%
9,Cade Otton,Tampa Bay Buccaneers,Houston Texans,Away,9,6,70,11.7,24,2,30%,26%
9,Cedrick Wilson,Miami Dolphins,Kansas City Chiefs,Away,5,1,31,31.0,31,1,15%,16%
9,CeeDee Lamb,Dallas Cowboys,Philadelphia Eagles,Away,16,11,191,17.4,29,0,36%,51%
9,Chigoziem Okonkwo,Tennessee Titans,Pittsburgh Steelers,Away,4,3,28,9.3,12,0,11%,11%
9,Chris Moore,Tennessee Titans,Pittsburgh Steelers,Away,2,1,29,29.0,29,0,5%,11%
9,Chris Olave,New Orleans Saints,Chicago Bears,Home,8,6,46,7.7,14,1,25%,21%
9,Christian Watson,Green Bay Packers,Los Angeles Rams,Home,2,1,37,37.0,37,0,8%,16%
9,Cole Kmet,Chicago Bears,New Orleans Saints,Away,8,6,55,9.2,18,2,31%,25%
9,Cooper Kupp,Los Angeles Rams,Green Bay Packers,Away,7,2,48,24.0,34,0,26%,37%
9,D.J. Moore,Chicago Bears,New Orleans Saints,Away,5,3,44,14.7,18,0,19%,20%
9,D.K. Metcalf,Seattle Seahawks,Baltimore Ravens,Away,4,1,50,50.0,50,0,16%,32%
9,D'Andre Swift,Philadelphia Eagles,Dallas Cowboys,Home,2,2,31,15.5,20,0,10%,15%
9,Dallas Goedert,Philadelphia Eagles,Dallas Cowboys,Home,4,3,50,16.7,28,0,19%,24%
9,Dalton Kincaid,Buffalo Bills,Cincinnati Bengals,Away,11,10,81,8.1,13,0,34%,31%
9,Dalton Schultz,Houston Texans,Tampa Bay Buccaneers,Home,11,10,130,13.0,26,1,29%,28%
9,Daniel Bellinger,New York Giants,Las Vegas Raiders,Away,3,3,43,14.3,23,0,10%,22%
9,Darius Slayton,New York Giants,Las Vegas Raiders,Away,7,4,59,14.8,34,0,24%,30%
9,Darnell Mooney,Chicago Bears,New Orleans Saints,Away,6,5,82,16.4,38,0,23%,37%
9,Davante Adams,Las Vegas Raiders,New York Giants,Home,7,4,34,8.5,12,0,29%,16%
9,David Njoku,Cleveland Browns,Arizona Cardinals,Home,6,4,26,6.5,15,1,21%,12%
9,DeAndre Hopkins,Tennessee Titans,Pittsburgh Steelers,Away,11,4,60,15.0,29,0,30%,23%
9,Demario Douglas,New England Patriots,Washington Commanders,Home,7,5,55,11.0,18,0,16%,25%
9,Derrick Henry,Tennessee Titans,Pittsburgh Steelers,Away,4,3,27,9.0,23,0,11%,10%
9,DeVonta Smith,Philadelphia Eagles,Dallas Cowboys,Home,3,3,51,17.0,29,1,14%,25%
9,Diontae Johnson,Pittsburgh Steelers,Tennessee Titans,Home,9,7,90,12.9,32,1,31%,56%
9,Dontayvion Wicks,Green Bay Packers,Los Angeles Rams,Home,4,4,49,12.3,18,0,16%,21%
9,Drew Sample,Cincinnati Bengals,Buffalo Bills,Home,4,3,30,10.0,22,1,10%,9%
9,Dyami Brown,Washington Commanders,New England Patriots,Away,4,2,33,16.5,19,0,9%,10%
9,Garrett Wilson,New York Jets,Los Angeles Chargers,Home,13,7,80,11.4,31,0,27%,30%
9,Hayden Hurst,Carolina Panthers,Indianapolis Colts,Home,4,2,54,27.0,48,0,11%,31%
9,Hunter Henry,New England Patriots,Washington Commanders,Home,7,4,39,9.8,14,1,16%,18%
9,Hunter Renfrow,Las Vegas Raiders,New York Giants,Home,3,2,32,16.0,19,0,13%,15%
9,Irv Smith,Cincinnati Bengals,Buffalo Bills,Home,4,3,26,8.7,11,1,10%,7%
9,Isaiah Likely,Baltimore Ravens,Seattle Seahawks,Home,4,4,42,10.5,17,0,13%,19%
9,Ja'Marr Chase,Cincinnati Bengals,Buffalo Bills,Home,8,4,41,10.3,32,0,19%,12%
9,Jahan Dotson,Washington Commanders,New England Patriots,Away,8,4,69,17.3,33,1,18%,21%
9,Jake Ferguson,Dallas Cowboys,Philadelphia Eagles,Away,10,7,91,13.0,40,1,23%,24%
9,Jakobi Meyers,Las Vegas Raiders,New York Giants,Home,5,2,38,19.0,24,0,21%,18%
9,Jalen Tolbert,Dallas Cowboys,Philadelphia Eagles,Away,5,3,49,16.3,32,1,11%,13%
9,Jaxon Smith-Njigba,Seattle Seahawks,Baltimore Ravens,Away,7,6,63,10.5,35,0,28%,40%
9,Jaylen Waddle,Miami Dolphins,Kansas City Chiefs,Away,6,3,42,14.0,15,0,18%,22%
9,Jaylen Warren,Pittsburgh Steelers,Tennessee Titans,Home,3,3,25,8.3,9,0,10%,16%
9,Jeffery Wilson,Miami Dolphins,Kansas City Chiefs,Away,4,3,32,10.7,12,0,12%,17%
9,Jerome Ford,Cleveland Browns,Arizona Cardinals,Home,7,5,33,6.6,17,0,25%,15%
9,Joe Mixon,Cincinnati Bengals,Buffalo Bills,Home,6,5,31,6.2,15,0,14%,9%
9,Jonnu Smith,Atlanta Falcons,Minnesota Vikings,Home,6,5,100,20.0,60,1,18%,37%
9,Jordan Addison,Minnesota Vikings,Atlanta Falcons,Away,7,5,52,10.4,24,0,20%,22%
9,JuJu Smith-Schuster,New England Patriots,Washington Commanders,Home,7,6,51,8.5,20,0,16%,23%
9,Juwan Johnson,New Orleans Saints,Chicago Bears,Home,5,5,29,5.8,14,1,16%,14%
9,Keenan Allen,Los Angeles Chargers,New York Jets,Away,9,8,77,9.6,23,0,32%,57%
9,Kendre Miller,New Orleans Saints,Chicago Bears,Home,1,1,31,31.0,31,0,3%,14%
9,Khadarel Hodge,Atlanta Falcons,Minnesota Vikings,Home,6,3,60,20.0,31,0,18%,22%
9,Khalil Shakir,Buffalo Bills,Cincinnati Bengals,Away,4,4,57,14.3,23,0,13%,22%
9,Kyle Philips,Tennessee Titans,Pittsburgh Steelers,Away,5,4,68,17.0,24,0,14%,26%
9,Kyle Pitts,Atlanta Falcons,Minnesota Vikings,Home,5,4,56,14.0,27,0,15%,21%
9,Logan Thomas,Washington Commanders,New England Patriots,Away,6,4,31,7.8,11,0,14%,10%
9,Luke Musgrave,Green Bay Packers,Los Angeles Rams,Home,4,3,51,17.0,25,1,16%,22%
9,Mack Hollins,Atlanta Falcons,Minnesota Vikings,Home,3,3,36,12.0,18,0,9%,13%
9,Mark Andrews,Baltimore Ravens,Seattle Seahawks,Home,10,9,80,8.9,16,0,31%,36%
9,Michael Pittman,Indianapolis Colts,Carolina Panthers,Away,8,8,64,8.0,16,0,33%,50%
9,Mike Evans,Tampa Bay Buccaneers,Houston Texans,Away,5,4,87,21.8,53,0,17%,33%
9,Nathaniel Dell,Houston Texans,Tampa Bay Buccaneers,Home,11,6,114,19.0,29,2,29%,24%
9,Nico Collins,Houston Texans,Tampa Bay Buccaneers,Home,5,3,54,18.0,23,1,13%,11%
9,Noah Brown,Houston Texans,Tampa Bay Buccaneers,Home,6,6,153,25.5,75,1,16%,33%
9,Noah Gray,Kansas City Chiefs,Miami Dolphins,Home,3,3,34,11.3,25,0,11%,18%
9,Odell Beckham Jr.,Baltimore Ravens,Seattle Seahawks,Home,7,5,56,11.2,15,1,22%,25%
9,Puka Nacua,Los Angeles Rams,Green Bay Packers,Away,7,3,32,10.7,18,0,26%,25%
9,Rachaad White,Tampa Bay Buccaneers,Houston Texans,Away,4,4,46,11.5,33,0,13%,17%
9,Rashod Bateman,Baltimore Ravens,Seattle Seahawks,Home,5,3,28,9.3,15,0,16%,12%
9,Rhamondre Stevenson,New England Patriots,Washington Commanders,Home,6,4,42,10.5,15,0,14%,19%
9,Romeo Doubs,Green Bay Packers,Los Angeles Rams,Home,3,3,36,12.0,17,0,12%,16%
9,Skyy Moore,Kansas City Chiefs,Miami Dolphins,Home,3,2,33,16.5,23,0,11%,18%
9,Stefon Diggs,Buffalo Bills,Cincinnati Bengals,Away,7,6,86,14.3,34,1,22%,33%
9,Stephen Sullivan,Carolina Panthers,Indianapolis Colts,Home,5,4,28,7.0,9,0,14%,16%
9,T.J. Hockenson,Minnesota Vikings,Atlanta Falcons,Away,12,7,69,9.9,29,0,34%,29%
9,Tanner Hudson,Cincinnati Bengals,Buffalo Bills,Home,5,4,45,11.3,17,0,12%,13%
9,Tee Higgins,Cincinnati Bengals,Buffalo Bills,Home,9,8,110,13.8,21,0,21%,32%
9,Terry McLaurin,Washington Commanders,New England Patriots,Away,7,5,73,14.6,36,0,16%,22%
9,Tre Tucker,Las Vegas Raiders,New York Giants,Home,3,2,52,26.0,50,0,13%,25%
9,Trey Palmer,Tampa Bay Buccaneers,Houston Texans,Away,4,3,51,17.0,21,0,13%,19%
9,Tyler Boyd,Cincinnati Bengals,Buffalo Bills,Home,5,3,56,18.7,32,0,12%,16%
9,Tyler Conklin,New York Jets,Los Angeles Chargers,Home,6,6,66,11.0,33,0,13%,25%
9,Tyler Lockett,Seattle Seahawks,Baltimore Ravens,Away,8,3,32,10.7,18,0,32%,20%
9,Tyreek Hill,Miami Dolphins,Kansas City Chiefs,Away,10,8,62,7.8,19,0,30%,32%
9,Wan'Dale Robinson,New York Giants,Las Vegas Raiders,Away,5,4,35,8.8,12,1,17%,18%
9,Xavier Gipson,New York Jets,Los Angeles Chargers,Home,2,2,32,16.0,19,0,4%,12%
8,A.J. Brown,Philadelphia Eagles,Washington Commanders,Away,8,8,130,16.3,25,2,23%,41%
8,Adam Thielen,Carolina Panthers,Houston Texans,Home,11,8,72,9.0,31,0,35%,31%
8,AJ Dillon,Green Bay Packers,Minnesota Vikings,Home,5,5,41,8.2,16,0,13%,18%
8,Alec Pierce,Indianapolis Colts,New Orleans Saints,Home,5,3,41,13.7,19,0,13%,19%
8,Allen Lazard,New York Jets,New York Giants,Away,6,3,45,15.0,29,0,18%,19%
8,Alvin Kamara,New Orleans Saints,Indianapolis Colts,Away,5,4,51,12.8,25,1,17%,14%
8,Amari Cooper,Cleveland Browns,Seattle Seahawks,Away,11,6,89,14.8,24,0,37%,35%
8,Amon-Ra St. Brown,Detroit Lions,Las Vegas Raiders,Home,9,6,108,18.0,44,0,26%,40%
8,Andrew Ogletree,Indianapolis Colts,New Orleans Saints,Home,3,1,33,33.0,33,1,8%,15%
8,Antonio Gibson,Washington Commanders,Philadelphia Eagles,Home,5,5,28,5.6,16,0,10%,7%
8,Austin Ekeler,Los Angeles Chargers,Chicago Bears,Home,8,7,94,13.4,39,1,21%,32%
8,Brandin Cooks,Dallas Cowboys,Los Angeles Rams,Home,4,3,49,16.3,25,1,12%,16%
8,Brandon Aiyuk,San Francisco 49ers,Cincinnati Bengals,Home,9,5,109,21.8,31,0,30%,30%
8,Breece Hall,New York Jets,New York Giants,Away,9,6,76,12.7,50,1,26%,32%
8,Cade Otton,Tampa Bay Buccaneers,Buffalo Bills,Away,6,4,27,6.8,12,0,15%,11%
8,Calvin Ridley,Jacksonville Jaguars,Pittsburgh Steelers,Away,10,6,83,13.8,27,0,31%,28%
8,CeeDee Lamb,Dallas Cowboys,Los Angeles Rams,Home,14,12,158,13.2,26,2,41%,51%
8,Chris Godwin,Tampa Bay Buccaneers,Buffalo Bills,Away,7,5,54,10.8,31,1,18%,23%
8,Chris Olave,New Orleans Saints,Indianapolis Colts,Away,9,5,46,9.2,15,0,31%,13%
8,Christian Kirk,Jacksonville Jaguars,Pittsburgh Steelers,Away,5,4,46,11.5,29,0,16%,16%
8,Christian McCaffrey,San Francisco 49ers,Cincinnati Bengals,Home,7,6,64,10.7,28,1,23%,18%
8,Christian Watson,Green Bay Packers,Minnesota Vikings,Home,8,3,33,11.0,17,0,20%,14%
8,Chuba Hubbard,Carolina Panthers,Houston Texans,Home,2,2,26,13.0,14,0,6%,11%
8,Cole Kmet,Chicago Bears,Los Angeles Chargers,Away,10,10,79,7.9,17,0,27%,34%
8,Courtland Sutton,Denver Broncos,Kansas City Chiefs,Home,3,2,29,14.5,23,1,17%,25%
8,D.J. Moore,Chicago Bears,Los Angeles Chargers,Away,6,4,55,13.8,18,0,16%,24%
8,D.K. Metcalf,Seattle Seahawks,Cleveland Browns,Home,14,5,67,13.4,43,0,39%,26%
8,Dallas Goedert,Philadelphia Eagles,Washington Commanders,Away,7,4,36,9.0,16,0,20%,11%
8,Dalton Kincaid,Buffalo Bills,Tampa Bay Buccaneers,Home,7,5,65,13.0,22,1,18%,20%
8,Darnell Mooney,Chicago Bears,Los Angeles Chargers,Away,4,1,41,41.0,41,0,11%,18%
8,Darrell Henderson,Los Angeles Rams,Dallas Cowboys,Away,3,3,54,18.0,32,0,9%,26%
8,David Njoku,Cleveland Browns,Seattle Seahawks,Away,8,4,77,19.3,41,1,27%,30%
8,DeAndre Hopkins,Tennessee Titans,Atlanta Falcons,Home,6,4,128,32.0,61,3,22%,54%
8,Demario Douglas,New England Patriots,Miami Dolphins,Away,7,5,25,5.0,13,0,25%,16%
8,DeVonta Smith,Philadelphia Eagles,Washington Commanders,Away,7,7,99,14.1,38,1,20%,31%
8,Diontae Johnson,Pittsburgh Steelers,Jacksonville Jaguars,Home,14,8,85,10.6,16,0,35%,40%
8,Donald Parham,Los Angeles Chargers,Chicago Bears,Home,5,4,43,10.8,17,1,13%,14%
8,Dontayvion Wicks,Green Bay Packers,Minnesota Vikings,Home,4,2,28,14.0,17,0,10%,12%
8,Drake London,Atlanta Falcons,Tennessee Titans,Away,7,5,55,11.0,21,0,21%,22%
8,Durham Smythe,Miami Dolphins,New England Patriots,Home,3,3,28,9.3,15,0,7%,9%
8,Elijah Moore,Cleveland Browns,Seattle Seahawks,Away,5,2,30,15.0,21,0,17%,12%
8,Evan Engram,Jacksonville Jaguars,Pittsburgh Steelers,Away,10,10,88,8.8,34,0,31%,30%
8,Gabriel Davis,Buffalo Bills,Tampa Bay Buccaneers,Home,12,9,87,9.7,16,1,31%,27%
8,Garrett Wilson,New York Jets,New York Giants,Away,13,7,100,14.3,29,0,38%,42%
8,George Kittle,San Francisco 49ers,Cincinnati Bengals,Home,11,9,149,16.6,34,0,37%,41%
8,Hunter Henry,New England Patriots,Miami Dolphins,Away,3,3,28,9.3,16,0,11%,17%
8,Irv Smith,Cincinnati Bengals,San Francisco 49ers,Away,4,4,25,6.3,11,0,13%,9%
8,Ja'Marr Chase,Cincinnati Bengals,San Francisco 49ers,Away,12,10,100,10.0,20,1,38%,35%
8,Jahan Dotson,Washington Commanders,Philadelphia Eagles,Home,10,8,108,13.5,23,1,20%,27%
8,Jahmyr Gibbs,Detroit Lions,Las Vegas Raiders,Home,5,5,37,7.4,14,0,15%,14%
8,Jake Ferguson,Dallas Cowboys,Los Angeles Rams,Home,4,4,47,11.8,18,1,12%,15%
8,Jamison Crowder,Washington Commanders,Philadelphia Eagles,Home,7,7,95,13.6,26,1,14%,24%
8,Jaxon Smith-Njigba,Seattle Seahawks,Cleveland Browns,Home,4,3,36,12.0,19,1,11%,14%
8,Jayden Reed,Green Bay Packers,Minnesota Vikings,Home,6,4,83,20.8,34,0,15%,36%
8,Jaylen Waddle,Miami Dolphins,New England Patriots,Home,12,7,121,17.3,31,1,27%,37%
8,Jerry Jeudy,Denver Broncos,Kansas City Chiefs,Home,6,2,50,25.0,39,1,33%,44%
8,Jonathan Mingo,Carolina Panthers,Houston Texans,Home,5,4,62,15.5,40,0,16%,26%
8,Jordan Addison,Minnesota Vikings,Green Bay Packers,Away,8,7,82,11.7,20,1,24%,28%
8,Josh Downs,Indianapolis Colts,New Orleans Saints,Home,9,7,72,10.3,17,0,24%,34%
8,Josh Jacobs,Las Vegas Raiders,Detroit Lions,Away,4,2,27,13.5,15,0,19%,21%
8,Justice Hill,Baltimore Ravens,Arizona Cardinals,Away,4,4,40,10.0,24,0,15%,25%
8,Justin Watson,Kansas City Chiefs,Denver Broncos,Away,3,2,42,21.0,27,0,8%,17%
8,K.J. Osborn,Minnesota Vikings,Green Bay Packers,Away,10,8,99,12.4,32,0,29%,33%
8,Keenan Allen,Los Angeles Chargers,Chicago Bears,Home,10,8,69,8.6,26,0,26%,23%
8,Kendrick Bourne,New England Patriots,Miami Dolphins,Away,4,3,36,12.0,24,1,14%,22%
8,Kenny Gainwell,Philadelphia Eagles,Washington Commanders,Away,5,5,30,6.0,17,0,14%,9%
8,Khadarel Hodge,Atlanta Falcons,Tennessee Titans,Away,3,3,75,25.0,52,0,9%,30%
8,Khalil Shakir,Buffalo Bills,Tampa Bay Buccaneers,Home,6,6,92,15.3,30,0,15%,28%
8,Kyle Pitts,Atlanta Falcons,Tennessee Titans,Away,5,3,35,11.7,14,0,15%,14%
8,Logan Thomas,Washington Commanders,Philadelphia Eagles,Home,8,6,44,7.3,16,1,16%,11%
8,Mack Hollins,Atlanta Falcons,Tennessee Titans,Away,3,2,27,13.5,20,0,9%,11%
8,Mark Andrews,Baltimore Ravens,Arizona Cardinals,Away,5,4,40,10.0,13,1,19%,25%
8,Marquez Valdes-Scantling,Kansas City Chiefs,Denver Broncos,Away,4,2,27,13.5,14,0,11%,11%
8,Marquise Brown,Arizona Cardinals,Baltimore Ravens,Home,9,6,33,5.5,9,1,25%,16%
8,Michael Pittman,Indianapolis Colts,New Orleans Saints,Home,13,8,40,5.0,10,1,34%,19%
8,Michael Thomas,New Orleans Saints,Indianapolis Colts,Away,7,4,68,17.0,31,0,24%,19%
8,Michael Wilson,Arizona Cardinals,Baltimore Ravens,Home,6,4,58,14.5,29,0,17%,28%
8,Mike Evans,Tampa Bay Buccaneers,Buffalo Bills,Away,6,3,39,13.0,24,1,15%,16%
8,Najee Harris,Pittsburgh Steelers,Jacksonville Jaguars,Home,5,5,42,8.4,13,0,13%,20%
8,Nick Westbrook,Tennessee Titans,Atlanta Falcons,Home,2,1,33,33.0,33,1,7%,14%
8,Nico Collins,Houston Texans,Carolina Panthers,Away,6,4,30,7.5,15,0,25%,21%
8,Noah Brown,Houston Texans,Carolina Panthers,Away,5,3,57,19.0,31,0,21%,41%
8,Noah Fant,Seattle Seahawks,Cleveland Browns,Home,3,2,32,16.0,27,0,8%,13%
8,Noah Gray,Kansas City Chiefs,Denver Broncos,Away,3,2,25,12.5,17,0,8%,10%
8,Pharaoh Brown,New England Patriots,Miami Dolphins,Away,2,2,33,16.5,24,0,7%,20%
8,Pierre Strong,Cleveland Browns,Seattle Seahawks,Away,1,1,41,41.0,41,0,3%,16%
8,Puka Nacua,Los Angeles Rams,Dallas Cowboys,Away,7,3,43,14.3,22,0,22%,21%
8,Quentin Johnston,Los Angeles Chargers,Chicago Bears,Home,6,5,50,10.0,18,0,16%,17%
8,Rachaad White,Tampa Bay Buccaneers,Buffalo Bills,Away,7,7,70,10.0,20,0,18%,30%
8,Raheem Blackshear,Carolina Panthers,Houston Texans,Home,2,2,26,13.0,19,0,6%,11%
8,Rashee Rice,Kansas City Chiefs,Denver Broncos,Away,5,4,56,14.0,39,0,14%,23%
8,Rashid Shaheed,New Orleans Saints,Indianapolis Colts,Away,3,3,153,51.0,58,1,10%,43%
8,Rashod Bateman,Baltimore Ravens,Arizona Cardinals,Away,2,2,34,17.0,29,0,8%,22%
8,Ray Ray McCloud,San Francisco 49ers,Cincinnati Bengals,Home,2,2,43,21.5,41,0,7%,12%
8,Sam LaPorta,Detroit Lions,Las Vegas Raiders,Home,10,8,57,7.1,18,1,29%,21%
8,Stefon Diggs,Buffalo Bills,Tampa Bay Buccaneers,Home,12,9,70,7.8,17,0,31%,22%
8,T.J. Hockenson,Minnesota Vikings,Green Bay Packers,Away,9,6,88,14.7,23,1,26%,30%
8,Tee Higgins,Cincinnati Bengals,San Francisco 49ers,Away,6,5,69,13.8,33,0,19%,24%
8,Terry McLaurin,Washington Commanders,Philadelphia Eagles,Home,12,5,63,12.6,26,1,24%,16%
8,Travis Etienne,Jacksonville Jaguars,Pittsburgh Steelers,Away,6,3,70,23.3,56,1,19%,24%
8,Travis Kelce,Kansas City Chiefs,Denver Broncos,Away,9,6,58,9.7,19,0,24%,24%
8,Trey McBride,Arizona Cardinals,Baltimore Ravens,Home,14,10,95,9.5,22,1,39%,46%
8,Tyler Boyd,Cincinnati Bengals,San Francisco 49ers,Away,3,3,40,13.3,22,1,9%,14%
8,Tyler Higbee,Los Angeles Rams,Dallas Cowboys,Away,7,5,45,9.0,20,0,22%,22%
8,Tyler Lockett,Seattle Seahawks,Cleveland Browns,Home,9,8,81,10.1,17,1,25%,32%
8,Tyreek Hill,Miami Dolphins,New England Patriots,Home,13,8,112,14.0,42,1,30%,35%
7,A.J. Brown,Philadelphia Eagles,Miami Dolphins,Home,15,10,137,13.7,42,1,50%,49%
7,AJ Dillon,Green Bay Packers,Denver Broncos,Away,2,2,34,17.0,29,0,6%,18%
7,Alec Pierce,Indianapolis Colts,Cleveland Browns,Home,3,3,53,17.7,32,0,14%,17%
7,Alvin Kamara,New Orleans Saints,Jacksonville Jaguars,Home,14,12,91,7.6,21,0,26%,30%
7,Amon-Ra St. Brown,Detroit Lions,Baltimore Ravens,Away,19,13,102,7.9,15,0,39%,36%
7,Brandon Aiyuk,San Francisco 49ers,Minnesota Vikings,Away,6,5,57,11.4,25,0,21%,21%
7,Brandon Powell,Minnesota Vikings,San Francisco 49ers,Home,5,4,64,16.0,27,0,12%,17%
7,Cade Otton,Tampa Bay Buccaneers,Atlanta Falcons,Home,6,5,43,8.6,12,0,15%,16%
7,Cam Akers,Minnesota Vikings,San Francisco 49ers,Home,3,2,30,15.0,30,0,7%,8%
7,Cedrick Wilson,Miami Dolphins,Philadelphia Eagles,Away,3,2,48,24.0,29,0,9%,22%
7,Chatarius Atwell,Los Angeles Rams,Pittsburgh Steelers,Home,2,1,31,31.0,31,1,7%,13%
7,Chris Godwin,Tampa Bay Buccaneers,Atlanta Falcons,Home,12,6,66,11.0,33,0,29%,24%
7,Chris Olave,New Orleans Saints,Jacksonville Jaguars,Home,15,7,57,8.1,14,0,28%,19%
7,Christian Kirk,Jacksonville Jaguars,New Orleans Saints,Away,6,6,90,15.0,44,1,20%,41%
7,Christian McCaffrey,San Francisco 49ers,Minnesota Vikings,Away,3,3,51,17.0,35,1,10%,19%
7,Christian Watson,Green Bay Packers,Denver Broncos,Away,5,3,27,9.0,23,0,16%,14%
7,Colby Parkinson,Seattle Seahawks,Arizona Cardinals,Home,2,2,26,13.0,27,0,8%,12%
7,Cooper Kupp,Los Angeles Rams,Pittsburgh Steelers,Home,7,2,29,14.5,24,0,26%,13%
7,Courtland Sutton,Denver Broncos,Green Bay Packers,Home,6,6,76,12.7,33,1,25%,39%
7,Curtis Samuel,Washington Commanders,New York Giants,Away,8,4,25,6.3,18,0,22%,10%
7,D.J. Moore,Chicago Bears,Las Vegas Raiders,Home,9,8,54,6.8,15,0,32%,33%
7,D'Onta Foreman,Chicago Bears,Las Vegas Raiders,Home,5,3,31,10.3,17,1,18%,19%
7,Dallas Goedert,Philadelphia Eagles,Miami Dolphins,Home,5,5,77,15.4,22,1,17%,28%
7,Dalton Kincaid,Buffalo Bills,New England Patriots,Away,8,8,75,9.4,15,0,21%,28%
7,Darnell Mooney,Chicago Bears,Las Vegas Raiders,Home,4,4,32,8.0,11,0,14%,20%
7,Darren Waller,New York Giants,Washington Commanders,Home,8,7,98,14.0,27,1,30%,35%
7,Davante Adams,Las Vegas Raiders,Chicago Bears,Away,12,7,57,8.1,15,0,27%,28%
7,David Njoku,Cleveland Browns,Indianapolis Colts,Away,9,5,54,10.8,26,0,26%,30%
7,Demario Douglas,New England Patriots,Buffalo Bills,Home,6,4,54,13.5,19,0,20%,20%
7,DeVonta Smith,Philadelphia Eagles,Miami Dolphins,Home,5,4,49,12.3,25,0,17%,18%
7,Diontae Johnson,Pittsburgh Steelers,Los Angeles Rams,Away,6,5,79,15.8,39,0,26%,34%
7,Drake London,Atlanta Falcons,Tampa Bay Buccaneers,Away,7,6,54,9.0,15,0,32%,22%
7,Elijah Moore,Cleveland Browns,Indianapolis Colts,Away,7,4,59,14.8,30,0,20%,32%
7,Evan Engram,Jacksonville Jaguars,New Orleans Saints,Away,7,5,45,9.0,21,0,23%,21%
7,Foster Moreau,New Orleans Saints,Jacksonville Jaguars,Home,4,3,33,11.0,18,0,8%,11%
7,George Kittle,San Francisco 49ers,Minnesota Vikings,Away,7,5,78,15.6,28,0,24%,29%
7,George Pickens,Pittsburgh Steelers,Los Angeles Rams,Away,8,5,107,21.4,31,0,35%,47%
7,Gerald Everett,Los Angeles Chargers,Kansas City Chiefs,Away,4,3,26,8.7,11,1,13%,10%
7,Gus Edwards,Baltimore Ravens,Detroit Lions,Home,1,1,80,80.0,80,0,4%,22%
7,Hunter Henry,New England Patriots,Buffalo Bills,Home,3,2,27,13.5,14,0,10%,10%
7,Isiah Pacheco,Kansas City Chiefs,Los Angeles Chargers,Home,4,4,28,7.0,12,1,10%,7%
7,Jahan Dotson,Washington Commanders,New York Giants,Away,8,5,43,8.6,10,0,22%,17%
7,Jahmyr Gibbs,Detroit Lions,Baltimore Ravens,Away,10,9,58,6.4,21,0,20%,20%
7,Jake Bobo,Seattle Seahawks,Arizona Cardinals,Home,5,4,61,15.3,31,1,21%,28%
7,Jakobi Meyers,Las Vegas Raiders,Chicago Bears,Away,13,7,50,7.1,15,1,29%,25%
7,Jalin Hyatt,New York Giants,Washington Commanders,Home,5,2,75,37.5,42,0,19%,27%
7,Jamal Agnew,Jacksonville Jaguars,New Orleans Saints,Away,6,4,36,9.0,14,0,20%,17%
7,James Cook,Buffalo Bills,New England Patriots,Away,3,3,46,15.3,28,1,8%,17%
7,Jauan Jennings,San Francisco 49ers,Minnesota Vikings,Away,9,5,54,10.8,18,0,31%,20%
7,Jaxon Smith-Njigba,Seattle Seahawks,Arizona Cardinals,Home,7,4,63,15.8,28,1,29%,29%
7,Jaylen Waddle,Miami Dolphins,Philadelphia Eagles,Away,6,6,63,10.5,16,0,19%,29%
7,Jerry Jeudy,Denver Broncos,Green Bay Packers,Home,5,5,64,12.8,18,0,21%,33%
7,Jonathan Taylor,Indianapolis Colts,Cleveland Browns,Home,4,3,45,15.0,20,0,18%,15%
7,Jonnu Smith,Atlanta Falcons,Tampa Bay Buccaneers,Away,3,3,27,9.0,18,0,14%,11%
7,Jordan Addison,Minnesota Vikings,San Francisco 49ers,Home,10,7,123,17.6,60,2,23%,33%
7,Josh Downs,Indianapolis Colts,Cleveland Browns,Home,6,5,125,25.0,59,1,27%,41%
7,Josh Palmer,Los Angeles Chargers,Kansas City Chiefs,Away,7,5,133,26.6,60,0,23%,51%
7,Josh Reynolds,Detroit Lions,Baltimore Ravens,Away,3,2,43,21.5,22,0,6%,15%
7,K.J. Osborn,Minnesota Vikings,San Francisco 49ers,Home,6,5,47,9.4,18,0,14%,12%
7,Keenan Allen,Los Angeles Chargers,Kansas City Chiefs,Away,9,4,55,13.8,26,0,30%,21%
7,Kendrick Bourne,New England Patriots,Buffalo Bills,Home,7,6,63,10.5,33,1,23%,23%
7,Khalil Shakir,Buffalo Bills,New England Patriots,Away,4,4,35,8.8,13,0,10%,13%
7,Kyle Pitts,Atlanta Falcons,Tampa Bay Buccaneers,Away,4,3,47,15.7,39,0,18%,19%
7,Logan Thomas,Washington Commanders,New York Giants,Away,6,4,51,12.8,15,0,17%,20%
7,Luke Musgrave,Green Bay Packers,Denver Broncos,Away,5,4,30,7.5,18,0,16%,15%
7,Mark Andrews,Baltimore Ravens,Detroit Lions,Home,6,4,63,15.8,22,2,21%,18%
7,Marquez Valdes-Scantling,Kansas City Chiefs,Los Angeles Chargers,Home,5,3,84,28.0,46,1,13%,20%
7,Marquise Brown,Arizona Cardinals,Seattle Seahawks,Away,7,3,49,16.3,21,0,21%,33%
7,Michael Pittman,Indianapolis Colts,Cleveland Browns,Home,5,2,83,41.5,75,1,23%,27%
7,Michael Thomas,New Orleans Saints,Jacksonville Jaguars,Home,7,3,42,14.0,17,1,13%,14%
7,Michael Wilson,Arizona Cardinals,Seattle Seahawks,Away,5,3,26,8.7,11,0,15%,17%
7,Mike Evans,Tampa Bay Buccaneers,Atlanta Falcons,Home,8,6,82,13.7,40,1,20%,30%
7,Noah Fant,Seattle Seahawks,Arizona Cardinals,Home,1,1,25,25.0,25,0,4%,11%
7,Odell Beckham Jr.,Baltimore Ravens,Detroit Lions,Home,7,5,49,9.8,20,0,25%,14%
7,Patrick Ricard,Baltimore Ravens,Detroit Lions,Home,2,2,31,15.5,28,0,7%,9%
7,Pharaoh Brown,New England Patriots,Buffalo Bills,Home,2,2,51,25.5,26,0,7%,19%
7,Puka Nacua,Los Angeles Rams,Pittsburgh Steelers,Home,12,8,154,19.3,36,0,44%,67%
7,Rachaad White,Tampa Bay Buccaneers,Atlanta Falcons,Home,6,6,65,10.8,22,0,15%,24%
7,Rashee Rice,Kansas City Chiefs,Los Angeles Chargers,Home,6,5,60,12.0,37,1,15%,14%
7,Rashid Shaheed,New Orleans Saints,Jacksonville Jaguars,Home,8,4,28,7.0,12,0,15%,9%
7,Rashod Bateman,Baltimore Ravens,Detroit Lions,Home,3,2,36,18.0,20,0,11%,10%
7,Rhamondre Stevenson,New England Patriots,Buffalo Bills,Home,6,6,51,8.5,34,0,20%,19%
7,Romeo Doubs,Green Bay Packers,Denver Broncos,Away,5,2,30,15.0,16,1,16%,15%
7,Sam LaPorta,Detroit Lions,Baltimore Ravens,Away,7,6,52,8.7,13,0,14%,18%
7,Samaje Perine,Denver Broncos,Green Bay Packers,Home,3,3,31,10.3,19,0,13%,16%
7,Saquon Barkley,New York Giants,Washington Commanders,Home,4,3,41,13.7,32,1,15%,15%
7,Scott Miller,Atlanta Falcons,Tampa Bay Buccaneers,Away,1,1,46,46.0,46,0,5%,18%
7,Stefon Diggs,Buffalo Bills,New England Patriots,Away,12,6,58,9.7,25,1,31%,22%
7,T.J. Hockenson,Minnesota Vikings,San Francisco 49ers,Home,12,11,86,7.8,22,0,28%,23%
7,Taysom Hill,New Orleans Saints,Jacksonville Jaguars,Home,5,4,50,12.5,19,0,9%,17%
7,Terry McLaurin,Washington Commanders,New York Giants,Away,9,6,90,15.0,31,0,25%,36%
7,Travis Kelce,Kansas City Chiefs,Los Angeles Chargers,Home,13,12,179,14.9,53,1,33%,42%
7,Trey McBride,Arizona Cardinals,Seattle Seahawks,Away,6,3,29,9.7,19,0,18%,19%
7,Tyler Allgeier,Atlanta Falcons,Tampa Bay Buccaneers,Away,3,3,53,17.7,46,0,14%,21%
7,Tyler Lockett,Seattle Seahawks,Arizona Cardinals,Home,5,4,38,9.5,15,0,21%,17%
7,Tyreek Hill,Miami Dolphins,Philadelphia Eagles,Away,15,11,88,8.0,27,1,47%,41%
7,Zamir White,Las Vegas Raiders,Chicago Bears,Away,3,3,26,8.7,15,0,7%,13%
7,Zay Flowers,Baltimore Ravens,Detroit Lions,Home,6,4,75,18.8,46,0,21%,21%
6,A.J. Brown,Philadelphia Eagles,New York Jets,Away,9,7,131,18.7,49,0,21%,47%
6,Adam Thielen,Carolina Panthers,Miami Dolphins,Away,13,11,115,10.5,27,1,37%,51%
6,Alec Pierce,Indianapolis Colts,Jacksonville Jaguars,Away,6,3,25,8.3,14,0,12%,8%
6,Alexander Mattison,Minnesota Vikings,Chicago Bears,Away,7,4,28,7.0,13,0,23%,15%
6,Alvin Kamara,New Orleans Saints,Houston Texans,Away,8,7,36,5.1,15,0,17%,10%
6,Amari Cooper,Cleveland Browns,San Francisco 49ers,Home,8,4,108,27.0,58,0,24%,56%
6,Amon-Ra St. Brown,Detroit Lions,Tampa Bay Buccaneers,Away,15,12,124,10.3,27,1,37%,35%
6,Austin Ekeler,Los Angeles Chargers,Dallas Cowboys,Home,6,4,35,8.8,28,0,16%,15%
6,Bijan Robinson,Atlanta Falcons,Washington Commanders,Home,8,5,43,8.6,22,0,18%,14%
6,Brandin Cooks,Dallas Cowboys,Los Angeles Chargers,Away,4,4,36,9.0,17,1,13%,13%
6,Brandon Aiyuk,San Francisco 49ers,Cleveland Browns,Away,10,4,76,19.0,33,0,42%,61%
6,Breece Hall,New York Jets,Philadelphia Eagles,Home,5,5,54,10.8,25,0,15%,29%
6,Brenton Strange,Jacksonville Jaguars,Indianapolis Colts,Home,3,2,27,13.5,17,1,11%,15%
6,Brian Robinson,Washington Commanders,Atlanta Falcons,Away,2,2,25,12.5,24,1,10%,17%
6,Calvin Ridley,Jacksonville Jaguars,Indianapolis Colts,Home,8,4,30,7.5,10,0,29%,17%
6,CeeDee Lamb,Dallas Cowboys,Los Angeles Chargers,Away,7,7,117,16.7,23,0,23%,43%
6,Chatarius Atwell,Los Angeles Rams,Arizona Cardinals,Home,1,1,30,30.0,30,0,5%,13%
6,Chris Godwin,Tampa Bay Buccaneers,Detroit Lions,Home,7,6,77,12.8,23,0,19%,37%
6,Chris Olave,New Orleans Saints,Houston Texans,Away,10,7,96,13.7,24,0,22%,27%
6,Christian Kirk,Jacksonville Jaguars,Indianapolis Colts,Home,6,3,49,16.3,29,1,21%,27%
6,Cooper Kupp,Los Angeles Rams,Arizona Cardinals,Home,9,7,148,21.1,49,1,43%,65%
6,Courtland Sutton,Denver Broncos,Kansas City Chiefs,Away,6,4,46,11.5,21,1,27%,48%
6,Craig Reynolds,Detroit Lions,Tampa Bay Buccaneers,Away,2,2,28,14.0,28,0,5%,8%
6,Curtis Samuel,Washington Commanders,Atlanta Falcons,Away,4,4,42,10.5,16,1,19%,28%
6,D.J. Chark,Carolina Panthers,Miami Dolphins,Away,6,3,26,8.7,24,0,17%,12%
6,D.J. Moore,Chicago Bears,Minnesota Vikings,Home,8,5,51,10.2,24,0,33%,36%
6,D.K. Metcalf,Seattle Seahawks,Cincinnati Bengals,Away,10,4,69,17.3,30,0,27%,21%
6,D'Andre Swift,Philadelphia Eagles,New York Jets,Away,10,8,40,5.0,11,1,23%,14%
6,Dallas Goedert,Philadelphia Eagles,New York Jets,Away,8,5,42,8.4,13,0,19%,15%
6,Dalton Schultz,Houston Texans,New Orleans Saints,Home,7,4,61,15.3,31,1,29%,31%
6,Darius Slayton,New York Giants,Buffalo Bills,Away,6,4,69,17.3,31,0,19%,35%
6,Darnell Mooney,Chicago Bears,Minnesota Vikings,Home,3,2,48,24.0,39,0,13%,34%
6,Darren Waller,New York Giants,Buffalo Bills,Away,7,5,43,8.6,20,0,23%,22%
6,Davante Adams,Las Vegas Raiders,New England Patriots,Home,5,2,29,14.5,21,0,16%,11%
6,DeVonta Smith,Philadelphia Eagles,New York Jets,Away,11,5,44,8.8,22,0,26%,16%
6,Drake London,Atlanta Falcons,Washington Commanders,Home,12,9,125,13.9,32,0,27%,41%
6,Evan Engram,Jacksonville Jaguars,Indianapolis Colts,Home,7,7,41,5.9,19,0,25%,23%
6,Foster Moreau,New Orleans Saints,Houston Texans,Away,4,4,33,8.3,17,0,9%,9%
6,Garrett Wilson,New York Jets,Philadelphia Eagles,Home,12,8,90,11.3,33,0,36%,48%
6,Isiah Pacheco,Kansas City Chiefs,Denver Broncos,Home,6,6,36,6.0,9,0,15%,12%
6,Ja'Marr Chase,Cincinnati Bengals,Seattle Seahawks,Home,13,6,80,13.3,31,0,37%,43%
6,Jake Bobo,Seattle Seahawks,Cincinnati Bengals,Away,2,2,43,21.5,23,0,5%,13%
6,Jakobi Meyers,Las Vegas Raiders,New England Patriots,Home,7,5,61,12.2,16,1,23%,23%
6,Jameson Williams,Detroit Lions,Tampa Bay Buccaneers,Away,3,2,53,26.5,45,1,7%,15%
6,Jauan Jennings,San Francisco 49ers,Cleveland Browns,Away,4,2,26,13.0,17,0,17%,21%
6,Jaxon Smith-Njigba,Seattle Seahawks,Cincinnati Bengals,Away,5,4,48,12.0,18,0,14%,15%
6,Jaylen Waddle,Miami Dolphins,Carolina Panthers,Home,9,7,51,7.3,17,1,30%,19%
6,Jonathan Taylor,Indianapolis Colts,Jacksonville Jaguars,Away,6,5,46,9.2,40,0,12%,14%
6,Jonnu Smith,Atlanta Falcons,Washington Commanders,Home,5,4,36,9.0,17,1,11%,12%
6,Jordan Addison,Minnesota Vikings,Chicago Bears,Away,5,3,28,9.3,15,1,17%,15%
6,Josh Palmer,Los Angeles Chargers,Dallas Cowboys,Home,7,4,60,15.0,26,0,19%,26%
6,Josh Reynolds,Detroit Lions,Tampa Bay Buccaneers,Away,3,3,50,16.7,21,0,7%,14%
6,K.J. Osborn,Minnesota Vikings,Chicago Bears,Away,5,4,48,12.0,21,0,17%,27%
6,Keenan Allen,Los Angeles Chargers,Dallas Cowboys,Home,11,7,85,12.1,23,1,30%,37%
6,Kendrick Bourne,New England Patriots,Las Vegas Raiders,Away,11,10,89,8.9,36,0,35%,45%
6,Kenneth Walker,Seattle Seahawks,Cincinnati Bengals,Away,3,3,27,9.0,15,0,8%,8%
6,Kyle Pitts,Atlanta Falcons,Washington Commanders,Home,6,4,43,10.8,19,1,14%,14%
6,Kylen Granson,Indianapolis Colts,Jacksonville Jaguars,Away,4,3,67,22.3,45,0,8%,20%
6,Mack Hollins,Atlanta Falcons,Washington Commanders,Home,4,3,41,13.7,18,0,9%,13%
6,Mark Andrews,Baltimore Ravens,Tennessee Titans,Away,6,4,69,17.3,38,0,21%,31%
6,Marquise Brown,Arizona Cardinals,Los Angeles Rams,Away,11,4,34,8.5,22,0,29%,14%
6,Michael Mayer,Las Vegas Raiders,New England Patriots,Home,6,5,75,15.0,32,0,19%,28%
6,Michael Pittman,Indianapolis Colts,Jacksonville Jaguars,Away,14,9,109,12.1,40,0,27%,33%
6,Michael Thomas,New Orleans Saints,Houston Texans,Away,8,5,45,9.0,16,0,17%,13%
6,Michael Wilson,Arizona Cardinals,Los Angeles Rams,Away,4,3,62,20.7,26,0,11%,26%
6,Mike Evans,Tampa Bay Buccaneers,Detroit Lions,Home,10,4,49,12.3,18,0,27%,24%
6,Mike Gesicki,New England Patriots,Las Vegas Raiders,Away,3,3,28,9.3,15,0,10%,14%
6,Nelson Agholor,Baltimore Ravens,Tennessee Titans,Away,3,2,40,20.0,21,0,10%,18%
6,Nick Westbrook,Tennessee Titans,Baltimore Ravens,Home,4,3,25,8.3,10,0,20%,17%
6,Nico Collins,Houston Texans,New Orleans Saints,Home,6,4,80,20.0,28,0,25%,40%
6,Noah Brown,Houston Texans,New Orleans Saints,Home,5,2,37,18.5,34,0,21%,19%
6,Odell Beckham Jr.,Baltimore Ravens,Tennessee Titans,Away,4,2,34,17.0,32,0,14%,15%
6,Puka Nacua,Los Angeles Rams,Arizona Cardinals,Home,7,4,26,6.5,9,0,33%,12%
6,Rashee Rice,Kansas City Chiefs,Denver Broncos,Home,4,4,72,18.0,28,0,10%,24%
6,Rashid Shaheed,New Orleans Saints,Houston Texans,Away,6,2,85,42.5,51,1,13%,24%
6,Rondale Moore,Arizona Cardinals,Los Angeles Rams,Away,7,4,30,7.5,9,0,18%,13%
6,Sam LaPorta,Detroit Lions,Tampa Bay Buccaneers,Away,11,4,36,9.0,19,0,27%,10%
6,Stefon Diggs,Buffalo Bills,New York Giants,Home,16,10,100,10.0,28,0,55%,59%
6,T.J. Hockenson,Minnesota Vikings,Chicago Bears,Away,8,6,50,8.3,21,0,27%,28%
6,Taysom Hill,New Orleans Saints,Houston Texans,Away,8,7,49,7.0,11,0,17%,14%
6,Terry McLaurin,Washington Commanders,Atlanta Falcons,Away,11,6,81,13.5,22,0,52%,54%
6,Tommy Tremble,Carolina Panthers,Miami Dolphins,Away,2,2,25,12.5,21,0,6%,11%
6,Tony Pollard,Dallas Cowboys,Los Angeles Chargers,Away,7,6,80,13.3,60,0,23%,29%
6,Travis Etienne,Jacksonville Jaguars,Indianapolis Colts,Home,3,3,28,9.3,13,0,11%,15%
6,Travis Kelce,Kansas City Chiefs,Denver Broncos,Home,9,9,124,13.8,40,0,23%,41%
6,Tre Tucker,Las Vegas Raiders,New England Patriots,Home,2,2,57,28.5,48,0,6%,22%
6,Trey McBride,Arizona Cardinals,Los Angeles Rams,Away,5,4,62,15.5,27,0,13%,26%
6,Trey Palmer,Tampa Bay Buccaneers,Detroit Lions,Home,7,2,47,23.5,26,0,19%,23%
6,Tyjae Spears,Tennessee Titans,Baltimore Ravens,Home,1,1,48,48.0,48,0,5%,32%
6,Tyler Boyd,Cincinnati Bengals,Seattle Seahawks,Home,7,7,38,5.4,9,1,20%,21%
6,Tyler Lockett,Seattle Seahawks,Cincinnati Bengals,Away,8,6,94,15.7,36,0,22%,29%
6,Tyreek Hill,Miami Dolphins,Carolina Panthers,Home,10,6,163,27.2,47,1,33%,62%
6,Wan'Dale Robinson,New York Giants,Buffalo Bills,Away,8,8,62,7.8,13,0,26%,31%
6,Zack Moss,Indianapolis Colts,Jacksonville Jaguars,Away,7,6,38,6.3,16,0,13%,12%
6,Zay Flowers,Baltimore Ravens,Tennessee Titans,Away,8,6,50,8.3,14,1,28%,22%
5,A.J. Brown,Philadelphia Eagles,Los Angeles Rams,Away,8,6,127,21.2,38,0,24%,42%
5,Adam Thielen,Carolina Panthers,Detroit Lions,Away,13,11,107,9.7,30,1,37%,43%
5,Adam Trautman,Denver Broncos,New York Jets,Home,5,4,26,6.5,12,1,19%,13%
5,Allen Lazard,New York Jets,Denver Broncos,Away,4,3,33,11.0,12,0,15%,17%
5,Allen Robinson,Pittsburgh Steelers,Baltimore Ravens,Home,9,5,29,5.8,10,0,29%,13%
5,Antonio Gibson,Washington Commanders,Chicago Bears,Home,6,4,64,16.0,41,0,13%,16%
5,Brandon Aiyuk,San Francisco 49ers,Dallas Cowboys,Home,7,4,58,14.5,23,0,28%,23%
5,Brandon Powell,Minnesota Vikings,Kansas City Chiefs,Home,6,4,43,10.8,26,0,13%,15%
5,Brian Robinson,Washington Commanders,Chicago Bears,Home,4,4,33,8.3,24,0,8%,9%
5,Calvin Ridley,Jacksonville Jaguars,Buffalo Bills,Away,8,7,122,17.4,32,0,22%,39%
5,Cedrick Wilson,Miami Dolphins,New York Giants,Home,4,4,52,13.0,23,0,14%,17%
5,CeeDee Lamb,Dallas Cowboys,San Francisco 49ers,Away,5,4,49,12.3,29,0,19%,30%
5,Chigoziem Okonkwo,Tennessee Titans,Indianapolis Colts,Away,9,5,33,6.6,11,0,26%,13%
5,Christian Kirk,Jacksonville Jaguars,Buffalo Bills,Away,8,6,78,13.0,30,0,22%,25%
5,Christian McCaffrey,San Francisco 49ers,Dallas Cowboys,Home,3,2,27,13.5,19,0,12%,11%
5,Christian Watson,Green Bay Packers,Las Vegas Raiders,Away,7,3,91,30.3,77,0,24%,50%
5,Cole Kmet,Chicago Bears,Washington Commanders,Away,5,5,42,8.4,23,1,20%,15%
5,Cooper Kupp,Los Angeles Rams,Philadelphia Eagles,Home,12,8,118,14.8,39,0,35%,53%
5,Curtis Samuel,Washington Commanders,Chicago Bears,Home,7,6,65,10.8,25,1,15%,17%
5,D.J. Chark,Carolina Panthers,Detroit Lions,Away,6,3,42,14.0,18,1,17%,17%
5,D.J. Moore,Chicago Bears,Washington Commanders,Away,10,8,230,28.8,58,3,40%,82%
5,D'Andre Swift,Philadelphia Eagles,Los Angeles Rams,Away,6,6,38,6.3,9,0,18%,13%
5,Dallas Goedert,Philadelphia Eagles,Los Angeles Rams,Away,9,8,117,14.6,49,1,26%,39%
5,Dalton Schultz,Houston Texans,Atlanta Falcons,Away,10,7,65,9.3,18,1,31%,26%
5,Darius Slayton,New York Giants,Miami Dolphins,Away,4,2,35,17.5,20,0,13%,17%
5,Darren Waller,New York Giants,Miami Dolphins,Away,11,8,86,10.8,21,0,37%,42%
5,Davante Adams,Las Vegas Raiders,Green Bay Packers,Home,4,4,45,11.3,21,0,14%,22%
5,DeAndre Hopkins,Tennessee Titans,Indianapolis Colts,Away,11,8,140,17.5,36,0,32%,53%
5,Deebo Samuel,San Francisco 49ers,Dallas Cowboys,Home,3,3,55,18.3,42,0,12%,22%
5,Deonte Harty,Buffalo Bills,Jacksonville Jaguars,Home,2,2,62,31.0,43,0,6%,17%
5,Drake London,Atlanta Falcons,Houston Texans,Home,9,6,78,13.0,32,0,24%,22%
5,Evan Engram,Jacksonville Jaguars,Buffalo Bills,Away,8,4,28,7.0,9,0,22%,9%
5,Gabriel Davis,Buffalo Bills,Jacksonville Jaguars,Home,8,6,100,16.7,29,1,22%,28%
5,Garrett Wilson,New York Jets,Denver Broncos,Away,7,3,54,18.0,32,0,27%,27%
5,George Kittle,San Francisco 49ers,Dallas Cowboys,Home,4,3,67,22.3,38,3,16%,26%
5,George Pickens,Pittsburgh Steelers,Baltimore Ravens,Home,10,6,130,21.7,41,1,32%,58%
5,Ian Thomas,Carolina Panthers,Detroit Lions,Away,2,1,28,28.0,28,0,6%,11%
5,Ja'Marr Chase,Cincinnati Bengals,Arizona Cardinals,Away,19,15,192,12.8,63,3,43%,61%
5,Jahan Dotson,Washington Commanders,Chicago Bears,Home,5,3,30,10.0,14,0,10%,8%
5,Jake Ferguson,Dallas Cowboys,San Francisco 49ers,Away,3,3,28,9.3,20,0,12%,17%
5,Jakobi Meyers,Las Vegas Raiders,Green Bay Packers,Home,10,7,75,10.7,18,1,34%,36%
5,James Cook,Buffalo Bills,Jacksonville Jaguars,Home,4,3,25,8.3,18,0,11%,7%
5,Jaylen Waddle,Miami Dolphins,New York Giants,Home,10,5,35,7.0,20,1,36%,11%
5,Jaylen Warren,Pittsburgh Steelers,Baltimore Ravens,Home,3,3,39,13.0,23,0,10%,17%
5,Jerry Jeudy,Denver Broncos,New York Jets,Home,7,6,50,8.3,23,0,26%,26%
5,Jonathan Mingo,Carolina Panthers,Detroit Lions,Away,7,5,48,9.6,13,0,20%,19%
5,Jonnu Smith,Atlanta Falcons,Houston Texans,Home,7,6,67,11.2,22,0,18%,19%
5,Jordan Addison,Minnesota Vikings,Kansas City Chiefs,Home,9,6,64,10.7,16,1,20%,23%
5,Josh Downs,Indianapolis Colts,Tennessee Titans,Home,6,6,97,16.2,38,0,25%,38%
5,Josh Reynolds,Detroit Lions,Carolina Panthers,Home,5,4,76,19.0,27,1,19%,32%
5,Justin Jefferson,Minnesota Vikings,Kansas City Chiefs,Home,6,3,28,9.3,14,0,13%,10%
5,Justin Watson,Kansas City Chiefs,Minnesota Vikings,Away,3,2,56,28.0,33,0,8%,20%
5,Justyn Ross,Kansas City Chiefs,Minnesota Vikings,Away,4,2,28,14.0,20,0,10%,10%
5,K.J. Osborn,Minnesota Vikings,Kansas City Chiefs,Home,9,5,49,9.8,27,0,20%,17%
5,Kadarius Toney,Kansas City Chiefs,Minnesota Vikings,Away,6,5,26,5.2,9,0,15%,9%
5,Kalif Raymond,Detroit Lions,Carolina Panthers,Home,3,3,45,15.0,23,0,11%,19%
5,KaVontae Turpin,Dallas Cowboys,San Francisco 49ers,Away,1,1,26,26.0,26,1,4%,16%
5,Keith Smith,Atlanta Falcons,Houston Texans,Home,1,1,28,28.0,28,0,3%,8%
5,Kendre Miller,New Orleans Saints,New England Patriots,Away,4,4,53,13.3,33,0,16%,29%
5,Kendrick Bourne,New England Patriots,New Orleans Saints,Home,5,2,43,21.5,28,0,16%,33%
5,Kyle Juszczyk,San Francisco 49ers,Dallas Cowboys,Home,4,4,26,6.5,9,1,16%,10%
5,Kyle Pitts,Atlanta Falcons,Houston Texans,Home,11,7,87,12.4,20,0,29%,25%
5,Logan Thomas,Washington Commanders,Chicago Bears,Home,11,9,77,8.6,24,1,23%,20%
5,Luke Musgrave,Green Bay Packers,Las Vegas Raiders,Away,7,6,34,5.7,8,0,24%,19%
5,Mack Hollins,Atlanta Falcons,Houston Texans,Home,2,2,29,14.5,19,0,5%,8%
5,Mark Andrews,Baltimore Ravens,Pittsburgh Steelers,Away,10,6,65,10.8,16,0,26%,28%
5,Marquise Brown,Arizona Cardinals,Cincinnati Bengals,Home,10,4,61,15.3,25,1,33%,37%
5,Michael Mayer,Las Vegas Raiders,Green Bay Packers,Home,3,2,39,19.5,20,0,10%,19%
5,Michael Pittman,Indianapolis Colts,Tennessee Titans,Home,7,5,52,10.4,27,0,29%,21%
5,Michael Thomas,New Orleans Saints,New England Patriots,Away,7,4,65,16.3,26,0,28%,36%
5,Nathaniel Dell,Houston Texans,Atlanta Falcons,Away,4,3,57,19.0,29,0,13%,23%
5,Nelson Agholor,Baltimore Ravens,Pittsburgh Steelers,Away,5,4,64,16.0,30,0,13%,27%
5,Nico Collins,Houston Texans,Atlanta Falcons,Away,4,3,39,13.0,25,0,13%,16%
5,Puka Nacua,Los Angeles Rams,Philadelphia Eagles,Home,11,7,71,10.1,22,1,32%,32%
5,Rashee Rice,Kansas City Chiefs,Minnesota Vikings,Away,5,4,33,8.3,13,1,13%,12%
5,Rashid Shaheed,New Orleans Saints,New England Patriots,Away,2,2,28,14.0,25,0,8%,15%
5,Robert Woods,Houston Texans,Atlanta Falcons,Away,9,3,30,10.0,13,0,28%,12%
5,Rondale Moore,Arizona Cardinals,Cincinnati Bengals,Home,5,3,26,8.7,19,0,17%,16%
5,Sam LaPorta,Detroit Lions,Carolina Panthers,Home,4,3,47,15.7,31,2,15%,20%
5,Samaje Perine,Denver Broncos,New York Jets,Home,5,4,73,18.3,29,0,19%,37%
5,Stefon Diggs,Buffalo Bills,Jacksonville Jaguars,Home,11,8,121,15.1,48,1,31%,34%
5,T.J. Hockenson,Minnesota Vikings,Kansas City Chiefs,Home,8,5,51,10.2,19,0,17%,18%
5,Terry McLaurin,Washington Commanders,Chicago Bears,Home,5,4,49,12.3,32,0,10%,13%
5,Tony Pollard,Dallas Cowboys,San Francisco 49ers,Away,5,4,35,8.8,26,0,19%,22%
5,Travis Etienne,Jacksonville Jaguars,Buffalo Bills,Away,5,4,48,12.0,22,0,14%,15%
5,Travis Kelce,Kansas City Chiefs,Minnesota Vikings,Away,11,10,67,6.7,14,1,28%,24%
5,Trenton Irwin,Cincinnati Bengals,Arizona Cardinals,Away,10,8,60,7.5,13,0,23%,19%
5,Tyjae Spears,Tennessee Titans,Indianapolis Colts,Away,5,4,35,8.8,14,0,15%,13%
5,Tyler Boyd,Cincinnati Bengals,Arizona Cardinals,Away,7,6,39,6.5,14,0,16%,12%
5,Tyler Conklin,New York Jets,Denver Broncos,Away,5,4,67,16.8,37,0,19%,34%
5,Tyreek Hill,Miami Dolphins,New York Giants,Home,9,8,181,22.6,69,1,32%,59%
5,Zack Moss,Indianapolis Colts,Tennessee Titans,Home,2,2,30,15.0,26,0,8%,12%
5,Zay Flowers,Baltimore Ravens,Pittsburgh Steelers,Away,11,5,73,14.6,29,0,29%,31%
4,A.J. Brown,Philadelphia Eagles,Washington Commanders,Home,13,9,175,19.4,59,2,38%,55%
4,Adam Thielen,Carolina Panthers,Minnesota Vikings,Home,8,7,76,10.9,22,0,26%,37%
4,Alec Pierce,Indianapolis Colts,Los Angeles Rams,Home,2,1,38,38.0,38,0,8%,19%
4,Allen Lazard,New York Jets,Kansas City Chiefs,Home,3,3,61,20.3,39,1,8%,25%
4,Alvin Kamara,New Orleans Saints,Tampa Bay Buccaneers,Home,14,13,33,2.5,10,0,37%,24%
4,Amon-Ra St. Brown,Detroit Lions,Green Bay Packers,Away,7,5,56,11.2,24,1,26%,27%
4,Andrew Ogletree,Indianapolis Colts,Los Angeles Rams,Home,4,3,48,16.0,22,1,17%,24%
4,Bijan Robinson,Atlanta Falcons,Jacksonville Jaguars,Away,5,5,32,6.4,9,0,17%,17%
4,Brandin Cooks,Dallas Cowboys,New England Patriots,Home,4,4,27,6.8,11,0,11%,10%
4,Brandon Aiyuk,San Francisco 49ers,Arizona Cardinals,Home,6,6,148,24.7,42,0,29%,52%
4,Braxton Berrios,Miami Dolphins,Buffalo Bills,Away,6,6,43,7.2,15,1,18%,15%
4,Calvin Ridley,Jacksonville Jaguars,Atlanta Falcons,Home,2,2,38,19.0,30,1,7%,18%
4,CeeDee Lamb,Dallas Cowboys,New England Patriots,Home,6,4,36,9.0,20,1,17%,13%
4,Chigoziem Okonkwo,Tennessee Titans,Cincinnati Bengals,Home,3,3,29,9.7,13,0,12%,12%
4,Chris Godwin,Tampa Bay Buccaneers,New Orleans Saints,Away,11,8,114,14.3,42,0,37%,46%
4,Chris Moore,Tennessee Titans,Cincinnati Bengals,Home,3,1,44,44.0,44,0,12%,18%
4,Christian Kirk,Jacksonville Jaguars,Atlanta Falcons,Home,12,8,84,10.5,30,0,40%,41%
4,Christian McCaffrey,San Francisco 49ers,Arizona Cardinals,Home,8,7,71,10.1,13,1,38%,25%
4,Christian Watson,Green Bay Packers,Detroit Lions,Home,4,2,25,12.5,24,1,12%,10%
4,Cole Kmet,Chicago Bears,Denver Broncos,Home,9,7,85,12.1,22,2,28%,25%
4,Courtland Sutton,Denver Broncos,Chicago Bears,Away,5,3,27,9.0,13,1,19%,12%
4,Curtis Samuel,Washington Commanders,Philadelphia Eagles,Away,8,7,51,7.3,15,0,21%,18%
4,D.J. Chark,Carolina Panthers,Minnesota Vikings,Home,3,2,28,14.0,18,0,10%,14%
4,D.J. Moore,Chicago Bears,Denver Broncos,Home,9,8,131,16.4,29,1,28%,39%
4,D.K. Metcalf,Seattle Seahawks,New York Giants,Away,4,3,34,11.3,16,1,15%,20%
4,Dallas Goedert,Philadelphia Eagles,Washington Commanders,Home,4,2,25,12.5,17,0,12%,8%
4,Dalton Kincaid,Buffalo Bills,Miami Dolphins,Home,5,4,27,6.8,9,0,20%,8%
4,Dalton Schultz,Houston Texans,Pittsburgh Steelers,Home,3,3,42,14.0,29,1,11%,13%
4,Dameon Pierce,Houston Texans,Pittsburgh Steelers,Home,2,1,27,27.0,27,0,7%,9%
4,Darnell Mooney,Chicago Bears,Denver Broncos,Home,4,4,51,12.8,17,0,13%,15%
4,Davante Adams,Las Vegas Raiders,Los Angeles Chargers,Away,13,8,75,9.4,19,0,34%,32%
4,David Njoku,Cleveland Browns,Baltimore Ravens,Home,7,6,46,7.7,15,0,21%,38%
4,DeAndre Hopkins,Tennessee Titans,Cincinnati Bengals,Home,6,4,63,15.8,38,0,23%,26%
4,Demario Douglas,New England Patriots,Dallas Cowboys,Away,3,2,45,22.5,42,0,10%,22%
4,DeVante Parker,New England Patriots,Dallas Cowboys,Away,4,2,33,16.5,22,0,14%,16%
4,Deven Thompkins,Tampa Bay Buccaneers,New Orleans Saints,Away,4,4,45,11.3,26,1,13%,18%
4,DeVonta Smith,Philadelphia Eagles,Washington Commanders,Home,9,7,78,11.1,37,0,26%,24%
4,Drake London,Atlanta Falcons,Jacksonville Jaguars,Away,7,3,28,9.3,15,1,23%,15%
4,Durham Smythe,Miami Dolphins,Buffalo Bills,Away,4,4,41,10.3,22,0,12%,15%
4,Dyami Brown,Washington Commanders,Philadelphia Eagles,Away,3,2,51,25.5,35,0,8%,18%
4,Evan Engram,Jacksonville Jaguars,Atlanta Falcons,Home,8,7,59,8.4,19,0,27%,29%
4,Gabriel Davis,Buffalo Bills,Miami Dolphins,Home,3,3,61,20.3,34,1,12%,19%
4,Garrett Wilson,New York Jets,Kansas City Chiefs,Home,14,9,60,6.7,14,0,36%,24%
4,George Pickens,Pittsburgh Steelers,Houston Texans,Away,7,3,25,8.3,17,0,26%,19%
4,Hunter Henry,New England Patriots,Dallas Cowboys,Away,5,4,51,12.8,21,0,17%,25%
4,Isiah Pacheco,Kansas City Chiefs,New York Jets,Away,3,3,43,14.3,33,0,10%,21%
4,Ja'Marr Chase,Cincinnati Bengals,Tennessee Titans,Away,9,7,73,10.4,17,0,33%,44%
4,Jahan Dotson,Washington Commanders,Philadelphia Eagles,Away,9,4,27,6.8,10,1,23%,9%
4,Jake Ferguson,Dallas Cowboys,New England Patriots,Home,7,7,77,11.0,21,0,19%,27%
4,Jakobi Meyers,Las Vegas Raiders,Los Angeles Chargers,Away,4,2,33,16.5,25,0,11%,14%
4,Jaleel McLaughlin,Denver Broncos,Chicago Bears,Away,3,3,32,10.7,18,1,12%,14%
4,Jalen Tolbert,Dallas Cowboys,New England Patriots,Home,4,4,53,13.3,18,0,11%,19%
4,James Cook,Buffalo Bills,Miami Dolphins,Home,1,1,48,48.0,48,0,4%,15%
4,Jayden Reed,Green Bay Packers,Detroit Lions,Home,5,3,55,18.3,44,0,15%,22%
4,Jaylen Waddle,Miami Dolphins,Buffalo Bills,Away,5,4,46,11.5,17,0,15%,16%
4,Jaylen Warren,Pittsburgh Steelers,Houston Texans,Away,6,6,26,4.3,7,0,22%,20%
4,Jeremy Ruckert,New York Jets,Kansas City Chiefs,Home,2,2,26,13.0,23,0,5%,11%
4,Jerry Jeudy,Denver Broncos,Chicago Bears,Away,5,3,52,17.3,25,0,19%,23%
4,Jonnu Smith,Atlanta Falcons,Jacksonville Jaguars,Away,6,6,95,15.8,33,0,20%,50%
4,Josh Downs,Indianapolis Colts,Los Angeles Rams,Home,3,2,34,17.0,30,0,13%,17%
4,Josh Jacobs,Las Vegas Raiders,Los Angeles Chargers,Away,11,8,81,10.1,21,0,29%,34%
4,Josh Palmer,Los Angeles Chargers,Las Vegas Raiders,Home,8,3,77,25.7,51,0,33%,46%
4,Josh Reynolds,Detroit Lions,Green Bay Packers,Away,6,3,69,23.0,26,0,22%,33%
4,Josh Whyle,Tennessee Titans,Cincinnati Bengals,Home,2,2,26,13.0,24,1,8%,11%
4,Josiah Deguara,Green Bay Packers,Detroit Lions,Home,4,4,34,8.5,13,0,12%,14%
4,Justin Jefferson,Minnesota Vikings,Carolina Panthers,Away,9,6,85,14.2,30,2,50%,61%
4,Keenan Allen,Los Angeles Chargers,Las Vegas Raiders,Home,5,3,32,10.7,22,1,21%,19%
4,Kendrick Bourne,New England Patriots,Dallas Cowboys,Away,3,2,36,18.0,20,0,10%,17%
4,Logan Thomas,Washington Commanders,Philadelphia Eagles,Away,3,3,41,13.7,27,0,8%,14%
4,Mark Andrews,Baltimore Ravens,Cleveland Browns,Away,5,5,80,16.0,36,2,28%,43%
4,Marquise Brown,Arizona Cardinals,San Francisco 49ers,Away,10,7,96,13.7,41,0,24%,36%
4,Marvin Mims,Denver Broncos,Chicago Bears,Away,2,2,47,23.5,48,0,8%,21%
4,Matt Breida,New York Giants,Seattle Seahawks,Home,5,5,48,9.6,22,0,16%,24%
4,Michael Gallup,Dallas Cowboys,New England Patriots,Home,6,5,60,12.0,29,0,17%,21%
4,Michael Thomas,New Orleans Saints,Tampa Bay Buccaneers,Home,6,4,53,13.3,20,0,16%,38%
4,Michael Wilson,Arizona Cardinals,San Francisco 49ers,Away,7,7,76,10.9,33,2,17%,29%
4,Mike Evans,Tampa Bay Buccaneers,New Orleans Saints,Away,3,3,40,13.3,18,0,10%,16%
4,Mo Alie-Cox,Indianapolis Colts,Los Angeles Rams,Home,1,1,35,35.0,35,1,4%,18%
4,Najee Harris,Pittsburgh Steelers,Houston Texans,Away,2,1,32,32.0,32,0,7%,24%
4,Nick Westbrook,Tennessee Titans,Cincinnati Bengals,Home,6,5,51,10.2,22,1,23%,21%
4,Nico Collins,Houston Texans,Pittsburgh Steelers,Home,9,7,168,24.0,52,2,33%,54%
4,Noah Fant,Seattle Seahawks,New York Giants,Away,2,2,63,31.5,51,0,8%,36%
4,Noah Gray,Kansas City Chiefs,New York Jets,Away,3,1,34,34.0,34,1,10%,17%
4,Puka Nacua,Los Angeles Rams,Indianapolis Colts,Away,10,9,163,18.1,32,1,26%,51%
4,Raheem Mostert,Miami Dolphins,Buffalo Bills,Away,5,3,36,12.0,22,0,15%,13%
4,Rashee Rice,Kansas City Chiefs,New York Jets,Away,5,3,32,10.7,18,0,17%,16%
4,Rashid Shaheed,New Orleans Saints,Tampa Bay Buccaneers,Home,7,3,33,11.0,12,0,18%,24%
4,Robert Woods,Houston Texans,Pittsburgh Steelers,Home,6,3,26,8.7,13,0,22%,8%
4,Romeo Doubs,Green Bay Packers,Detroit Lions,Home,13,9,95,10.6,16,0,38%,39%
4,Sam LaPorta,Detroit Lions,Green Bay Packers,Away,5,4,56,14.0,35,0,19%,27%
4,Samori Toure,Green Bay Packers,Detroit Lions,Home,1,1,35,35.0,35,0,3%,14%
4,Stefon Diggs,Buffalo Bills,Miami Dolphins,Home,7,6,120,20.0,55,3,28%,38%
4,Terrace Marshall,Carolina Panthers,Minnesota Vikings,Home,10,9,56,6.2,14,0,32%,27%
4,Terry McLaurin,Washington Commanders,Philadelphia Eagles,Away,10,8,86,10.8,24,0,26%,30%
4,Travis Kelce,Kansas City Chiefs,New York Jets,Away,9,6,60,10.0,16,0,31%,30%
4,Tyler Boyd,Cincinnati Bengals,Tennessee Titans,Away,7,4,26,6.5,9,0,26%,16%
4,Tyler Conklin,New York Jets,Kansas City Chiefs,Home,6,4,58,14.5,25,0,15%,24%
4,Tyler Higbee,Los Angeles Rams,Indianapolis Colts,Away,11,5,64,12.8,33,0,28%,20%
4,Tyler Lockett,Seattle Seahawks,New York Giants,Away,6,4,54,13.5,23,0,23%,31%
4,Tyreek Hill,Miami Dolphins,Buffalo Bills,Away,5,3,58,19.3,20,0,15%,21%
4,Van Jefferson,Los Angeles Rams,Indianapolis Colts,Away,3,2,29,14.5,16,0,8%,9%
4,Wan'Dale Robinson,New York Giants,Seattle Seahawks,Home,6,5,40,8.0,12,0,19%,20%
4,Zach Ertz,Arizona Cardinals,San Francisco 49ers,Away,10,6,53,8.8,15,0,24%,20%
4,Zay Flowers,Baltimore Ravens,Cleveland Browns,Away,4,3,56,18.7,43,0,22%,30%
3,A.J. Brown,Philadelphia Eagles,Tampa Bay Buccaneers,Away,14,9,131,14.6,28,0,40%,47%
3,Adam Thielen,Carolina Panthers,Seattle Seahawks,Away,14,11,145,13.2,25,1,25%,40%
3,Alec Pierce,Indianapolis Colts,Baltimore Ravens,Away,7,3,43,14.3,23,0,17%,19%
3,Alexander Mattison,Minnesota Vikings,Los Angeles Chargers,Home,7,5,32,6.4,9,0,15%,9%
3,Allen Lazard,New York Jets,New England Patriots,Home,5,3,39,13.0,21,0,18%,25%
3,Amari Cooper,Cleveland Browns,Tennessee Titans,Home,8,7,116,16.6,43,1,26%,40%
3,Amon-Ra St. Brown,Detroit Lions,Atlanta Falcons,Home,12,9,102,11.3,20,0,39%,42%
3,Bijan Robinson,Atlanta Falcons,Detroit Lions,Away,6,4,27,6.8,10,0,16%,13%
3,Braxton Berrios,Miami Dolphins,Denver Broncos,Home,2,2,33,16.5,22,0,7%,9%
3,Calvin Austin,Pittsburgh Steelers,Las Vegas Raiders,Away,6,2,72,36.0,72,1,22%,31%
3,Calvin Ridley,Jacksonville Jaguars,Houston Texans,Home,7,3,40,13.3,21,0,18%,14%
3,CeeDee Lamb,Dallas Cowboys,Arizona Cardinals,Away,7,4,53,13.3,32,0,19%,21%
3,Chatarius Atwell,Los Angeles Rams,Cincinnati Bengals,Away,9,4,50,12.5,37,1,28%,19%
3,Chris Godwin,Tampa Bay Buccaneers,Philadelphia Eagles,Home,5,3,32,10.7,18,0,20%,22%
3,Chris Moore,Tennessee Titans,Cleveland Browns,Away,3,2,41,20.5,33,0,13%,39%
3,Chris Olave,New Orleans Saints,Green Bay Packers,Away,11,8,104,13.0,28,0,32%,51%
3,Christian Kirk,Jacksonville Jaguars,Houston Texans,Home,6,4,54,13.5,26,1,15%,19%
3,Christian McCaffrey,San Francisco 49ers,New York Giants,Home,5,5,34,6.8,17,0,15%,11%
3,Colby Parkinson,Seattle Seahawks,Carolina Panthers,Home,4,3,38,12.7,17,0,11%,13%
3,Cole Turner,Washington Commanders,Buffalo Bills,Home,7,4,35,8.8,21,0,24%,21%
3,Courtland Sutton,Denver Broncos,Miami Dolphins,Away,11,8,91,11.4,25,1,31%,30%
3,Curtis Samuel,Washington Commanders,Buffalo Bills,Home,4,2,54,27.0,37,0,14%,32%
3,D.J. Chark,Carolina Panthers,Seattle Seahawks,Away,11,4,86,21.5,47,1,19%,24%
3,D.J. Moore,Chicago Bears,Kansas City Chiefs,Away,6,3,41,13.7,29,1,30%,41%
3,D.K. Metcalf,Seattle Seahawks,Carolina Panthers,Home,8,6,112,18.7,34,0,23%,38%
3,Dallas Goedert,Philadelphia Eagles,Tampa Bay Buccaneers,Away,7,5,41,8.2,13,0,20%,15%
3,Dameon Pierce,Houston Texans,Jacksonville Jaguars,Away,3,3,28,9.3,11,0,10%,10%
3,Darius Slayton,New York Giants,San Francisco 49ers,Away,6,3,32,10.7,17,0,19%,23%
3,Davante Adams,Las Vegas Raiders,Pittsburgh Steelers,Home,20,13,172,13.2,32,2,45%,53%
3,DeAndre Hopkins,Tennessee Titans,Cleveland Browns,Away,7,3,48,16.0,26,0,29%,46%
3,Deebo Samuel,San Francisco 49ers,New York Giants,Home,12,6,129,21.5,40,1,35%,42%
3,Devon Achane,Miami Dolphins,Denver Broncos,Home,4,4,30,7.5,17,2,14%,8%
3,DeVonta Smith,Philadelphia Eagles,Tampa Bay Buccaneers,Away,5,4,28,7.0,15,0,14%,10%
3,Donovan Peoples-Jones,Cleveland Browns,Tennessee Titans,Home,4,3,49,16.3,29,0,13%,17%
3,Dontayvion Wicks,Green Bay Packers,New Orleans Saints,Home,6,4,45,11.3,18,0,14%,17%
3,Drake London,Atlanta Falcons,Detroit Lions,Away,6,2,31,15.5,28,0,16%,15%
3,Elijah Moore,Cleveland Browns,Tennessee Titans,Home,9,9,49,5.4,14,0,29%,17%
3,Evan Engram,Jacksonville Jaguars,Houston Texans,Home,8,7,67,9.6,28,0,20%,23%
3,Gabriel Davis,Buffalo Bills,Washington Commanders,Away,4,1,35,35.0,35,1,13%,16%
3,Garrett Wilson,New York Jets,New England Patriots,Home,9,5,48,9.6,29,0,32%,31%
3,Gary Brightwell,New York Giants,San Francisco 49ers,Away,3,2,31,15.5,18,0,9%,23%
3,George Kittle,San Francisco 49ers,New York Giants,Home,9,7,90,12.9,29,0,26%,29%
3,George Pickens,Pittsburgh Steelers,Las Vegas Raiders,Away,6,4,75,18.8,32,0,22%,32%
3,Gerald Everett,Los Angeles Chargers,Minnesota Vikings,Away,6,6,30,5.0,13,0,13%,7%
3,Ja'Marr Chase,Cincinnati Bengals,Los Angeles Rams,Home,15,12,141,11.8,43,0,33%,54%
3,Jake Ferguson,Dallas Cowboys,Arizona Cardinals,Away,7,5,48,9.6,12,0,19%,19%
3,Jakobi Meyers,Las Vegas Raiders,Pittsburgh Steelers,Home,12,7,85,12.1,18,0,27%,26%
3,Jamal Agnew,Jacksonville Jaguars,Houston Texans,Home,5,4,49,12.3,14,0,13%,17%
3,Jauan Jennings,San Francisco 49ers,New York Giants,Home,3,2,31,15.5,24,0,9%,10%
3,Jayden Reed,Green Bay Packers,New Orleans Saints,Home,7,3,63,21.0,30,0,16%,24%
3,Jerome Ford,Cleveland Browns,Tennessee Titans,Home,3,2,33,16.5,19,1,10%,11%
3,Jerry Jeudy,Denver Broncos,Miami Dolphins,Away,7,5,81,16.2,46,0,19%,26%
3,Jonnu Smith,Atlanta Falcons,Detroit Lions,Away,8,5,37,7.4,12,0,21%,18%
3,Jordan Addison,Minnesota Vikings,Los Angeles Chargers,Home,8,6,52,8.7,16,0,17%,14%
3,Josh Downs,Indianapolis Colts,Baltimore Ravens,Away,12,8,57,7.1,12,0,29%,25%
3,Josh Palmer,Los Angeles Chargers,Minnesota Vikings,Away,7,4,66,16.5,30,1,15%,15%
3,Justin Jefferson,Minnesota Vikings,Los Angeles Chargers,Home,13,7,149,21.3,52,1,27%,41%
3,Justin Watson,Kansas City Chiefs,Chicago Bears,Home,3,2,51,25.5,37,0,8%,17%
3,K.J. Osborn,Minnesota Vikings,Los Angeles Chargers,Home,3,1,36,36.0,36,1,6%,10%
3,Kalif Raymond,Detroit Lions,Atlanta Falcons,Home,6,4,55,13.8,22,0,19%,23%
3,Keenan Allen,Los Angeles Chargers,Minnesota Vikings,Away,20,18,215,11.9,25,0,42%,47%
3,Kendrick Bourne,New England Patriots,New York Jets,Away,5,4,46,11.5,18,0,19%,23%
3,Kenneth Walker,Seattle Seahawks,Carolina Panthers,Home,3,3,59,19.7,36,0,9%,20%
3,Kenyan Drake,Baltimore Ravens,Indianapolis Colts,Home,3,2,31,15.5,24,0,10%,15%
3,Kyle Pitts,Atlanta Falcons,Detroit Lions,Away,9,5,41,8.2,16,0,24%,20%
3,Kyren Williams,Los Angeles Rams,Cincinnati Bengals,Away,7,2,27,13.5,20,0,22%,10%
3,Luke Musgrave,Green Bay Packers,New Orleans Saints,Home,8,6,49,8.2,12,0,19%,19%
3,Mark Andrews,Baltimore Ravens,Indianapolis Colts,Home,5,4,35,8.8,20,0,17%,17%
3,Marquez Valdes-Scantling,Kansas City Chiefs,Chicago Bears,Home,2,1,37,37.0,37,0,5%,12%
3,Marquise Brown,Arizona Cardinals,Dallas Cowboys,Home,7,5,61,12.2,23,1,33%,32%
3,Marvin Mims,Denver Broncos,Miami Dolphins,Away,5,3,73,24.3,38,0,14%,24%
3,Michael Gallup,Dallas Cowboys,Arizona Cardinals,Away,7,6,92,15.3,27,0,19%,37%
3,Michael Pittman,Indianapolis Colts,Baltimore Ravens,Away,11,9,77,8.6,34,0,26%,34%
3,Michael Thomas,New Orleans Saints,Green Bay Packers,Away,9,6,50,8.3,18,0,26%,25%
3,Michael Wilson,Arizona Cardinals,Dallas Cowboys,Home,2,2,86,43.0,69,0,10%,46%
3,Mike Evans,Tampa Bay Buccaneers,Philadelphia Eagles,Home,10,5,60,12.0,24,1,40%,41%
3,Mike Williams,Los Angeles Chargers,Minnesota Vikings,Away,8,7,121,17.3,49,1,17%,27%
3,Miles Sanders,Carolina Panthers,Seattle Seahawks,Away,9,5,38,7.6,14,0,16%,11%
3,Nathaniel Dell,Houston Texans,Jacksonville Jaguars,Away,7,5,145,29.0,68,1,24%,52%
3,Nelson Agholor,Baltimore Ravens,Indianapolis Colts,Home,4,4,39,9.8,18,0,13%,19%
3,Nico Collins,Houston Texans,Jacksonville Jaguars,Away,3,2,34,17.0,29,0,10%,12%
3,Noah Fant,Seattle Seahawks,Carolina Panthers,Home,5,4,41,10.3,13,0,14%,14%
3,Olamide Zaccheaus,Philadelphia Eagles,Tampa Bay Buccaneers,Away,3,2,58,29.0,34,1,9%,21%
3,Pat Freiermuth,Pittsburgh Steelers,Las Vegas Raiders,Away,4,3,41,13.7,14,1,15%,17%
3,Pharaoh Brown,New England Patriots,New York Jets,Away,2,2,71,35.5,58,1,7%,35%
3,Puka Nacua,Los Angeles Rams,Cincinnati Bengals,Away,7,5,72,14.4,37,0,22%,27%
3,Raheem Mostert,Miami Dolphins,Denver Broncos,Home,7,7,60,8.6,19,1,25%,16%
3,Rashee Rice,Kansas City Chiefs,Chicago Bears,Home,7,5,59,11.8,15,0,19%,19%
3,Rico Dowdle,Dallas Cowboys,Arizona Cardinals,Away,3,3,25,8.3,15,1,8%,10%
3,Robby Anderson,Miami Dolphins,Denver Broncos,Home,1,1,68,68.0,68,1,4%,18%
3,Robert Woods,Houston Texans,Jacksonville Jaguars,Away,6,3,34,11.3,17,0,21%,12%
3,Romeo Doubs,Green Bay Packers,New Orleans Saints,Home,12,5,73,14.6,30,1,28%,28%
3,Sam LaPorta,Detroit Lions,Atlanta Falcons,Home,11,8,84,10.5,45,1,35%,35%
3,Skyy Moore,Kansas City Chiefs,Chicago Bears,Home,6,4,42,10.5,21,0,16%,14%
3,Stefon Diggs,Buffalo Bills,Washington Commanders,Away,12,8,111,13.9,30,0,39%,51%
3,T.J. Hockenson,Minnesota Vikings,Los Angeles Chargers,Home,11,8,78,9.8,21,0,23%,21%
3,Tanner Hudson,Cincinnati Bengals,Los Angeles Rams,Home,4,2,30,15.0,26,0,9%,12%
3,Terrace Marshall,Carolina Panthers,Seattle Seahawks,Away,8,5,35,7.0,10,0,14%,10%
3,Terry McLaurin,Washington Commanders,Buffalo Bills,Home,6,6,41,6.8,12,0,21%,24%
3,Travis Etienne,Jacksonville Jaguars,Houston Texans,Home,5,4,50,12.5,18,0,13%,17%
3,Travis Kelce,Kansas City Chiefs,Chicago Bears,Home,8,7,69,9.9,24,1,22%,23%
3,Tyler Boyd,Cincinnati Bengals,Los Angeles Rams,Home,9,5,39,7.8,12,0,20%,15%
3,Tyler Conklin,New York Jets,New England Patriots,Home,5,3,26,8.7,18,0,18%,17%
3,Tyler Higbee,Los Angeles Rams,Cincinnati Bengals,Away,5,5,71,14.2,22,0,16%,26%
3,Tyler Lockett,Seattle Seahawks,Carolina Panthers,Home,7,3,34,11.3,16,0,20%,11%
3,Tyreek Hill,Miami Dolphins,Denver Broncos,Home,11,9,157,17.4,54,1,39%,42%
3,Van Jefferson,Los Angeles Rams,Cincinnati Bengals,Away,3,1,46,46.0,46,0,9%,17%
3,Zay Flowers,Baltimore Ravens,Indianapolis Colts,Home,10,8,48,6.0,8,0,33%,24%
2,A.J. Brown,Philadelphia Eagles,Minnesota Vikings,Home,6,4,29,7.3,12,0,27%,15%
2,Adam Thielen,Carolina Panthers,New Orleans Saints,Home,9,7,54,7.7,15,1,29%,35%
2,Alec Pierce,Indianapolis Colts,Houston Texans,Away,2,2,28,14.0,20,0,6%,12%
2,Amari Cooper,Cleveland Browns,Pittsburgh Steelers,Away,10,7,90,12.9,23,0,25%,38%
2,Amon-Ra St. Brown,Detroit Lions,Seattle Seahawks,Home,7,6,102,17.0,39,0,21%,32%
2,Antonio Gibson,Washington Commanders,Denver Broncos,Away,3,3,44,14.7,36,0,9%,15%
2,Bijan Robinson,Atlanta Falcons,Green Bay Packers,Home,5,4,48,12.0,29,0,17%,20%
2,Brandon Aiyuk,San Francisco 49ers,Los Angeles Rams,Away,6,3,43,14.3,18,0,25%,21%
2,Brandon Johnson,Denver Broncos,Washington Commanders,Home,3,2,66,33.0,50,2,11%,21%
2,Braxton Berrios,Miami Dolphins,New England Patriots,Away,3,2,28,14.0,18,0,10%,11%
2,Brevin Jordan,Houston Texans,Indianapolis Colts,Home,2,2,27,13.5,16,0,5%,7%
2,Brian Robinson,Washington Commanders,Denver Broncos,Away,3,2,42,21.0,21,0,9%,14%
2,Cade Otton,Tampa Bay Buccaneers,Chicago Bears,Home,6,6,41,6.8,9,0,19%,13%
2,Calvin Ridley,Jacksonville Jaguars,Kansas City Chiefs,Home,8,2,32,16.0,26,0,20%,15%
2,CeeDee Lamb,Dallas Cowboys,New York Jets,Home,13,11,143,13.0,31,0,35%,56%
2,Chase Claypool,Chicago Bears,Tampa Bay Buccaneers,Away,8,3,36,12.0,20,1,29%,17%
2,Chatarius Atwell,Los Angeles Rams,San Francisco 49ers,Home,9,7,77,11.0,18,0,17%,25%
2,Chigoziem Okonkwo,Tennessee Titans,Los Angeles Chargers,Home,4,4,35,8.8,20,0,17%,14%
2,Chris Godwin,Tampa Bay Buccaneers,Chicago Bears,Home,8,5,58,11.6,24,0,25%,18%
2,Chris Moore,Tennessee Titans,Los Angeles Chargers,Home,1,1,49,49.0,49,0,4%,20%
2,Chris Olave,New Orleans Saints,Carolina Panthers,Away,11,6,86,14.3,42,0,32%,36%
2,Christian Kirk,Jacksonville Jaguars,Kansas City Chiefs,Home,14,11,110,10.0,45,0,34%,51%
2,Chuba Hubbard,Carolina Panthers,New Orleans Saints,Home,5,5,34,6.8,11,0,16%,22%
2,Colby Parkinson,Seattle Seahawks,Detroit Lions,Away,3,2,41,20.5,21,0,8%,13%
2,Cole Kmet,Chicago Bears,Tampa Bay Buccaneers,Away,6,4,38,9.5,11,0,21%,18%
2,Courtland Sutton,Denver Broncos,Washington Commanders,Home,7,5,66,13.2,21,0,26%,21%
2,D.J. Moore,Chicago Bears,Tampa Bay Buccaneers,Away,7,6,104,17.3,33,0,25%,49%
2,D.K. Metcalf,Seattle Seahawks,Detroit Lions,Away,6,6,75,12.5,18,0,16%,23%
2,Dalton Kincaid,Buffalo Bills,Las Vegas Raiders,Home,6,5,43,8.6,14,0,17%,16%
2,Dalton Schultz,Houston Texans,Indianapolis Colts,Home,7,4,34,8.5,14,0,16%,9%
2,Darius Slayton,New York Giants,Arizona Cardinals,Away,6,3,62,20.7,29,0,17%,19%
2,Darren Waller,New York Giants,Arizona Cardinals,Away,8,6,76,12.7,25,0,23%,24%
2,Davante Adams,Las Vegas Raiders,Buffalo Bills,Away,8,6,84,14.0,21,1,35%,45%
2,David Bell,Cleveland Browns,Pittsburgh Steelers,Away,3,3,27,9.0,14,0,8%,11%
2,David Njoku,Cleveland Browns,Pittsburgh Steelers,Away,4,4,48,12.0,29,0,10%,20%
2,DeAndre Hopkins,Tennessee Titans,Los Angeles Chargers,Home,5,4,40,10.0,14,0,21%,16%
2,Deebo Samuel,San Francisco 49ers,Los Angeles Rams,Away,9,6,63,10.5,23,0,38%,31%
2,DeVante Parker,New England Patriots,Miami Dolphins,Home,8,6,57,9.5,14,0,19%,25%
2,DeVonta Smith,Philadelphia Eagles,Minnesota Vikings,Home,5,4,131,32.8,63,1,23%,68%
2,Dontayvion Wicks,Green Bay Packers,Atlanta Falcons,Away,4,2,40,20.0,32,1,16%,26%
2,Drake London,Atlanta Falcons,Green Bay Packers,Home,7,6,67,11.2,24,1,24%,28%
2,Dyami Brown,Washington Commanders,Denver Broncos,Away,3,3,25,8.3,9,0,9%,8%
2,Elijah Moore,Cleveland Browns,Pittsburgh Steelers,Away,9,3,36,12.0,16,0,23%,15%
2,Evan Engram,Jacksonville Jaguars,Kansas City Chiefs,Home,8,6,57,9.5,17,0,20%,27%
2,Gabriel Davis,Buffalo Bills,Las Vegas Raiders,Home,7,6,92,15.3,40,1,19%,34%
2,Garrett Wilson,New York Jets,Dallas Cowboys,Away,8,2,83,41.5,68,1,32%,49%
2,George Kittle,San Francisco 49ers,Los Angeles Rams,Away,3,3,30,10.0,12,0,13%,15%
2,George Pickens,Pittsburgh Steelers,Cleveland Browns,Home,10,4,127,31.8,71,1,34%,57%
2,Gerald Everett,Los Angeles Chargers,Tennessee Titans,Away,3,3,47,15.7,29,0,8%,15%
2,Hunter Henry,New England Patriots,Miami Dolphins,Home,7,6,52,8.7,13,1,17%,23%
2,Isaiah Hodgins,New York Giants,Arizona Cardinals,Away,5,4,40,10.0,12,1,14%,12%
2,Ja'Marr Chase,Cincinnati Bengals,Baltimore Ravens,Home,8,5,31,6.2,13,0,21%,14%
2,Jahmyr Gibbs,Detroit Lions,Seattle Seahawks,Home,9,7,39,5.6,7,0,26%,12%
2,Jalin Hyatt,New York Giants,Arizona Cardinals,Away,2,2,89,44.5,58,0,6%,28%
2,James Cook,Buffalo Bills,Las Vegas Raiders,Home,4,4,36,9.0,26,0,11%,13%
2,Jauan Jennings,San Francisco 49ers,Los Angeles Rams,Away,3,2,51,25.5,31,0,13%,25%
2,Jaxon Smith-Njigba,Seattle Seahawks,Detroit Lions,Away,6,5,34,6.8,16,0,16%,10%
2,Jayden Reed,Green Bay Packers,Atlanta Falcons,Away,8,4,37,9.3,10,2,32%,25%
2,Jaylen Waddle,Miami Dolphins,New England Patriots,Away,6,4,86,21.5,32,0,21%,35%
2,Jaylen Warren,Pittsburgh Steelers,Cleveland Browns,Home,6,4,66,16.5,30,0,21%,30%
2,Jerome Ford,Cleveland Browns,Pittsburgh Steelers,Away,4,3,25,8.3,14,1,10%,11%
2,Jerry Jeudy,Denver Broncos,Washington Commanders,Home,5,3,25,8.3,11,0,19%,8%
2,Joe Mixon,Cincinnati Bengals,Baltimore Ravens,Home,5,4,36,9.0,32,0,13%,16%
2,John Bates,Washington Commanders,Denver Broncos,Away,5,3,46,15.3,35,0,15%,15%
2,Jonathan Mingo,Carolina Panthers,New Orleans Saints,Home,8,3,26,8.7,22,0,26%,17%
2,Jonnu Smith,Atlanta Falcons,Green Bay Packers,Home,6,4,47,11.8,17,0,21%,20%
2,Jordan Addison,Minnesota Vikings,Philadelphia Eagles,Away,5,3,72,24.0,62,1,12%,20%
2,Josh Downs,Indianapolis Colts,Houston Texans,Away,5,4,37,9.3,12,0,16%,16%
2,Josh Jacobs,Las Vegas Raiders,Buffalo Bills,Away,6,5,51,10.2,12,0,26%,28%
2,Josh Reynolds,Detroit Lions,Seattle Seahawks,Home,6,5,66,13.2,22,2,18%,20%
2,JuJu Smith-Schuster,New England Patriots,Miami Dolphins,Home,6,5,28,5.6,12,0,14%,12%
2,Justin Jefferson,Minnesota Vikings,Philadelphia Eagles,Away,13,11,159,14.5,30,0,30%,44%
2,Justin Watson,Kansas City Chiefs,Jacksonville Jaguars,Away,5,3,62,20.7,34,0,13%,20%
2,K.J. Osborn,Minnesota Vikings,Philadelphia Eagles,Away,6,3,34,11.3,18,1,14%,9%
2,Kadarius Toney,Kansas City Chiefs,Jacksonville Jaguars,Away,5,5,35,7.0,17,0,13%,11%
2,Kalif Raymond,Detroit Lions,Seattle Seahawks,Home,3,2,46,23.0,36,1,9%,14%
2,Keenan Allen,Los Angeles Chargers,Tennessee Titans,Away,10,8,111,13.9,42,2,26%,36%
2,Kendrick Bourne,New England Patriots,Miami Dolphins,Home,9,4,29,7.3,13,0,21%,13%
2,Kyren Williams,Los Angeles Rams,San Francisco 49ers,Home,10,6,48,8.0,15,1,19%,16%
2,Luke Musgrave,Green Bay Packers,Atlanta Falcons,Away,3,2,25,12.5,17,0,12%,17%
2,Mack Hollins,Atlanta Falcons,Green Bay Packers,Home,6,3,60,20.0,45,0,21%,25%
2,Mark Andrews,Baltimore Ravens,Cincinnati Bengals,Away,8,5,45,9.0,20,1,24%,19%
2,Marquise Brown,Arizona Cardinals,New York Giants,Home,10,6,54,9.0,22,1,34%,24%
2,Marvin Mims,Denver Broncos,Washington Commanders,Home,2,2,113,56.5,60,1,7%,37%
2,Michael Pittman,Indianapolis Colts,Houston Texans,Away,12,8,56,7.0,12,0,39%,25%
2,Michael Thomas,New Orleans Saints,Carolina Panthers,Away,9,7,55,7.9,19,0,26%,23%
2,Michael Wilson,Arizona Cardinals,New York Giants,Home,3,3,56,18.7,21,0,10%,25%
2,Mike Evans,Tampa Bay Buccaneers,Chicago Bears,Home,8,6,171,28.5,70,1,25%,54%
2,Mike Gesicki,New England Patriots,Miami Dolphins,Home,6,5,33,6.6,14,0,14%,14%
2,Mike Williams,Los Angeles Chargers,Tennessee Titans,Away,13,8,83,10.4,20,0,33%,27%
2,Nathaniel Dell,Houston Texans,Indianapolis Colts,Home,10,7,72,10.3,23,1,23%,19%
2,Nelson Agholor,Baltimore Ravens,Cincinnati Bengals,Away,6,5,63,12.6,17,1,18%,27%
2,Nick Westbrook,Tennessee Titans,Los Angeles Chargers,Home,3,3,25,8.3,14,1,13%,10%
2,Nico Collins,Houston Texans,Indianapolis Colts,Home,9,7,146,20.9,32,1,21%,38%
2,Noah Fant,Seattle Seahawks,Detroit Lions,Away,4,4,56,14.0,31,0,11%,17%
2,Noah Gray,Kansas City Chiefs,Jacksonville Jaguars,Away,3,3,38,12.7,16,0,8%,12%
2,Odell Beckham Jr.,Baltimore Ravens,Cincinnati Bengals,Away,4,3,29,9.7,15,0,12%,12%
2,Puka Nacua,Los Angeles Rams,San Francisco 49ers,Home,20,15,147,9.8,20,0,38%,48%
2,Rachaad White,Tampa Bay Buccaneers,Chicago Bears,Home,5,5,30,6.0,9,0,16%,9%
2,Rashid Shaheed,New Orleans Saints,Carolina Panthers,Away,4,4,63,15.8,45,0,12%,27%
2,River Cracraft,Miami Dolphins,New England Patriots,Away,2,2,34,17.0,22,0,7%,14%
2,Robert Woods,Houston Texans,Indianapolis Colts,Home,9,6,74,12.3,25,0,21%,19%
2,Romeo Doubs,Green Bay Packers,Atlanta Falcons,Away,3,2,30,15.0,15,0,12%,20%
2,Salvon Ahmed,Miami Dolphins,New England Patriots,Away,3,3,28,9.3,19,0,10%,11%
2,Sam LaPorta,Detroit Lions,Seattle Seahawks,Home,6,5,63,12.6,23,0,18%,20%
2,Saquon Barkley,New York Giants,Arizona Cardinals,Away,7,6,29,4.8,10,1,20%,9%
2,Skyy Moore,Kansas City Chiefs,Jacksonville Jaguars,Away,4,3,70,23.3,54,1,10%,23%
2,Stefon Diggs,Buffalo Bills,Las Vegas Raiders,Home,7,7,66,9.4,17,0,19%,24%
2,T.J. Hockenson,Minnesota Vikings,Philadelphia Eagles,Away,8,7,66,9.4,24,2,19%,18%
2,Tee Higgins,Cincinnati Bengals,Baltimore Ravens,Home,12,8,89,11.1,20,2,31%,40%
2,Terry McLaurin,Washington Commanders,Denver Broncos,Away,6,5,54,10.8,30,1,18%,18%
2,Tony Pollard,Dallas Cowboys,New York Jets,Home,8,7,37,5.3,19,0,22%,15%
2,Travis Kelce,Kansas City Chiefs,Jacksonville Jaguars,Away,9,4,26,6.5,9,1,23%,9%
2,Trey McBride,Arizona Cardinals,New York Giants,Home,3,2,32,16.0,23,0,10%,14%
2,Treylon Burks,Tennessee Titans,Los Angeles Chargers,Home,4,3,76,25.3,70,0,17%,31%
2,Tyler Boyd,Cincinnati Bengals,Baltimore Ravens,Home,8,6,52,8.7,13,0,21%,23%
2,Tyler Conklin,New York Jets,Dallas Cowboys,Away,6,5,50,10.0,17,0,24%,29%
2,Tyler Lockett,Seattle Seahawks,Detroit Lions,Away,10,8,59,7.4,12,2,27%,18%
2,Tyreek Hill,Miami Dolphins,New England Patriots,Away,9,5,40,8.0,15,1,31%,16%
2,Will Dissly,Seattle Seahawks,Detroit Lions,Away,3,3,35,11.7,16,0,8%,11%
2,Will Mallory,Indianapolis Colts,Houston Texans,Away,2,2,49,24.5,43,0,6%,22%
2,Zach Ertz,Arizona Cardinals,New York Giants,Home,8,6,56,9.3,17,0,28%,25%
2,Zay Flowers,Baltimore Ravens,Cincinnati Bengals,Away,5,4,62,15.5,52,0,15%,26%
1,A.J. Brown,Philadelphia Eagles,New England Patriots,Away,10,7,79,11.3,23,0,33%,46%
1,Aaron Jones,Green Bay Packers,Chicago Bears,Away,4,2,86,43.0,51,1,15%,35%
1,Adam Trautman,Denver Broncos,Las Vegas Raiders,Home,5,5,34,6.8,15,0,16%,19%
1,Alec Ingold,Miami Dolphins,Los Angeles Chargers,Away,2,2,34,17.0,19,0,5%,7%
1,Allen Lazard,New York Jets,Buffalo Bills,Home,4,2,46,23.0,24,0,22%,33%
1,Allen Robinson,Pittsburgh Steelers,San Francisco 49ers,Home,8,5,64,12.8,31,0,18%,28%
1,Amari Cooper,Cleveland Browns,Cincinnati Bengals,Home,7,3,37,12.3,20,0,24%,24%
1,Amon-Ra St. Brown,Detroit Lions,Kansas City Chiefs,Away,9,6,71,11.8,21,1,28%,28%
1,Austin Ekeler,Los Angeles Chargers,Miami Dolphins,Home,5,4,47,11.8,35,0,16%,21%
1,Bijan Robinson,Atlanta Falcons,Carolina Panthers,Home,6,6,27,4.5,17,1,33%,23%
1,Brandon Aiyuk,San Francisco 49ers,Pittsburgh Steelers,Away,8,8,129,16.1,23,2,29%,59%
1,Brandon Johnson,Denver Broncos,Las Vegas Raiders,Home,3,2,31,15.5,21,0,9%,18%
1,Braxton Berrios,Miami Dolphins,Los Angeles Chargers,Away,5,3,42,14.0,16,0,11%,9%
1,Calvin Austin,Pittsburgh Steelers,San Francisco 49ers,Home,6,6,37,6.2,13,0,13%,16%
1,Calvin Ridley,Jacksonville Jaguars,Indianapolis Colts,Away,11,8,101,12.6,29,1,34%,42%
1,CeeDee Lamb,Dallas Cowboys,New York Giants,Away,4,4,77,19.3,49,0,16%,54%
1,Chatarius Atwell,Los Angeles Rams,Seattle Seahawks,Away,8,6,119,19.8,44,0,22%,36%
1,Chris Godwin,Tampa Bay Buccaneers,Minnesota Vikings,Away,6,5,51,10.2,16,0,19%,29%
1,Chris Olave,New Orleans Saints,Tennessee Titans,Home,10,8,112,14.0,45,0,30%,37%
1,Cole Kmet,Chicago Bears,Green Bay Packers,Home,7,5,44,8.8,15,0,19%,20%
1,Courtland Sutton,Denver Broncos,Las Vegas Raiders,Home,5,4,32,8.0,15,1,16%,18%
1,Curtis Samuel,Washington Commanders,Arizona Cardinals,Home,5,5,54,10.8,32,0,17%,27%
1,D.J. Moore,Chicago Bears,Green Bay Packers,Home,2,2,25,12.5,14,0,6%,12%
1,D.K. Metcalf,Seattle Seahawks,Los Angeles Rams,Home,5,3,47,15.7,28,1,21%,42%
1,Dalton Kincaid,Buffalo Bills,New York Jets,Away,4,4,26,6.5,9,0,10%,11%
1,Dalvin Cook,New York Jets,Buffalo Bills,Home,3,3,26,8.7,15,0,17%,19%
1,Darnell Mooney,Chicago Bears,Green Bay Packers,Home,7,4,53,13.3,23,1,19%,25%
1,Darren Waller,New York Giants,Dallas Cowboys,Home,5,3,36,12.0,22,0,17%,33%
1,Davante Adams,Las Vegas Raiders,Denver Broncos,Away,9,6,66,11.0,18,0,35%,33%
1,Dawson Knox,Buffalo Bills,New York Jets,Away,4,3,25,8.3,15,0,10%,11%
1,DeAndre Hopkins,Tennessee Titans,New Orleans Saints,Away,13,7,65,9.3,16,0,39%,33%
1,Deebo Samuel,San Francisco 49ers,Pittsburgh Steelers,Away,7,5,55,11.0,22,0,25%,25%
1,Demario Douglas,New England Patriots,Philadelphia Eagles,Home,7,4,40,10.0,23,0,13%,13%
1,Derrick Henry,Tennessee Titans,New Orleans Saints,Away,3,2,56,28.0,46,0,9%,28%
1,DeVonta Smith,Philadelphia Eagles,New England Patriots,Away,10,7,47,6.7,13,1,33%,28%
1,Diontae Johnson,Pittsburgh Steelers,San Francisco 49ers,Home,6,3,48,16.0,26,0,13%,21%
1,Durham Smythe,Miami Dolphins,Los Angeles Chargers,Away,7,3,44,14.7,18,0,16%,9%
1,Elijah Moore,Cleveland Browns,Cincinnati Bengals,Home,7,3,43,14.3,33,0,24%,28%
1,Evan Engram,Jacksonville Jaguars,Indianapolis Colts,Away,5,5,49,9.8,26,0,16%,20%
1,Gabriel Davis,Buffalo Bills,New York Jets,Away,4,2,32,16.0,26,0,10%,14%
1,Garrett Wilson,New York Jets,Buffalo Bills,Home,5,5,34,6.8,14,1,28%,24%
1,George Pickens,Pittsburgh Steelers,San Francisco 49ers,Home,7,5,36,7.2,9,0,16%,16%
1,Hayden Hurst,Carolina Panthers,Atlanta Falcons,Away,7,5,41,8.2,14,1,23%,28%
1,Hunter Henry,New England Patriots,Philadelphia Eagles,Home,6,5,56,11.2,13,1,11%,18%
1,Isiah Pacheco,Kansas City Chiefs,Detroit Lions,Home,4,4,31,7.8,10,0,11%,14%
1,Ja'Marr Chase,Cincinnati Bengals,Cleveland Browns,Away,9,5,39,7.8,12,0,29%,48%
1,Jahan Dotson,Washington Commanders,Arizona Cardinals,Home,7,5,40,8.0,14,0,24%,20%
1,Jakobi Meyers,Las Vegas Raiders,Denver Broncos,Away,10,9,81,9.0,21,2,38%,41%
1,Jayden Reed,Green Bay Packers,Chicago Bears,Away,5,2,48,24.0,30,0,19%,20%
1,Jaylen Waddle,Miami Dolphins,Los Angeles Chargers,Away,5,4,78,19.5,35,0,11%,17%
1,Jordan Addison,Minnesota Vikings,Tampa Bay Buccaneers,Home,6,4,61,15.3,39,1,14%,18%
1,Josh Downs,Indianapolis Colts,Jacksonville Jaguars,Home,7,3,30,10.0,22,0,18%,13%
1,Josh Oliver,Minnesota Vikings,Tampa Bay Buccaneers,Home,3,3,32,10.7,18,0,7%,9%
1,Josh Reynolds,Detroit Lions,Kansas City Chiefs,Away,7,4,80,20.0,33,0,22%,32%
1,JuJu Smith-Schuster,New England Patriots,Philadelphia Eagles,Home,7,4,33,8.3,15,0,13%,10%
1,Justin Jefferson,Minnesota Vikings,Tampa Bay Buccaneers,Home,12,9,150,16.7,42,0,27%,44%
1,Justin Watson,Kansas City Chiefs,Detroit Lions,Home,4,2,45,22.5,26,0,11%,20%
1,Juwan Johnson,New Orleans Saints,Tennessee Titans,Home,5,3,36,12.0,27,0,15%,12%
1,K.J. Osborn,Minnesota Vikings,Tampa Bay Buccaneers,Home,6,3,31,10.3,19,0,14%,9%
1,Keenan Allen,Los Angeles Chargers,Miami Dolphins,Home,9,6,76,12.7,36,0,29%,33%
1,Kendrick Bourne,New England Patriots,Philadelphia Eagles,Home,11,6,64,10.7,19,2,20%,20%
1,Khalil Herbert,Chicago Bears,Green Bay Packers,Home,5,3,37,12.3,19,0,14%,17%
1,Kyle Pitts,Atlanta Falcons,Carolina Panthers,Home,3,2,44,22.0,34,0,17%,38%
1,Kylen Granson,Indianapolis Colts,Jacksonville Jaguars,Home,6,4,39,9.8,14,0,15%,17%
1,Logan Thomas,Washington Commanders,Arizona Cardinals,Home,8,4,43,10.8,19,0,28%,21%
1,Luke Musgrave,Green Bay Packers,Chicago Bears,Away,4,3,50,16.7,37,0,15%,20%
1,Mack Hollins,Atlanta Falcons,Carolina Panthers,Home,4,3,31,10.3,11,0,22%,27%
1,Marquez Valdes-Scantling,Kansas City Chiefs,Detroit Lions,Home,2,2,48,24.0,34,0,5%,21%
1,Marquise Brown,Arizona Cardinals,Washington Commanders,Away,5,3,28,9.3,11,0,17%,21%
1,Michael Pittman,Indianapolis Colts,Jacksonville Jaguars,Home,11,8,97,12.1,39,1,28%,43%
1,Michael Thomas,New Orleans Saints,Tennessee Titans,Home,8,5,61,12.2,25,0,24%,20%
1,Mike Evans,Tampa Bay Buccaneers,Minnesota Vikings,Away,10,6,66,11.0,28,1,31%,38%
1,Mike Gesicki,New England Patriots,Philadelphia Eagles,Home,3,3,36,12.0,17,0,6%,11%
1,Mike Williams,Los Angeles Chargers,Miami Dolphins,Home,5,4,45,11.3,24,0,16%,20%
1,Miles Sanders,Carolina Panthers,Atlanta Falcons,Away,6,4,26,6.5,11,0,19%,18%
1,Nathaniel Dell,Houston Texans,Baltimore Ravens,Away,4,3,34,11.3,13,0,9%,14%
1,Nick Westbrook,Tennessee Titans,New Orleans Saints,Away,7,4,58,14.5,24,0,21%,29%
1,Nico Collins,Houston Texans,Baltimore Ravens,Away,11,6,80,13.3,26,0,26%,33%
1,Noah Gray,Kansas City Chiefs,Detroit Lions,Home,5,3,31,10.3,24,0,14%,14%
1,Odell Beckham Jr.,Baltimore Ravens,Houston Texans,Home,3,2,37,18.5,29,0,14%,22%
1,Puka Nacua,Los Angeles Rams,Seattle Seahawks,Away,15,10,119,11.9,21,0,41%,36%
1,Rashee Rice,Kansas City Chiefs,Detroit Lions,Home,5,3,29,9.7,25,1,14%,13%
1,Rashid Shaheed,New Orleans Saints,Tennessee Titans,Home,6,5,89,17.8,41,1,18%,29%
1,Rashod Bateman,Baltimore Ravens,Houston Texans,Home,3,3,35,11.7,18,0,14%,21%
1,Rhamondre Stevenson,New England Patriots,Philadelphia Eagles,Home,6,6,64,10.7,32,0,11%,20%
1,River Cracraft,Miami Dolphins,Los Angeles Chargers,Away,5,3,40,13.3,24,1,11%,9%
1,Robert Woods,Houston Texans,Baltimore Ravens,Away,10,6,57,9.5,19,0,23%,24%
1,Romeo Doubs,Green Bay Packers,Chicago Bears,Away,5,4,26,6.5,13,2,19%,11%
1,Rondale Moore,Arizona Cardinals,Washington Commanders,Away,3,3,33,11.0,31,0,10%,25%
1,Roschon Johnson,Chicago Bears,Green Bay Packers,Home,7,6,35,5.8,8,0,19%,16%
1,Sam LaPorta,Detroit Lions,Kansas City Chiefs,Away,5,5,39,7.8,14,0,16%,15%
1,Samaje Perine,Denver Broncos,Las Vegas Raiders,Home,4,4,37,9.3,20,0,13%,21%
1,Stefon Diggs,Buffalo Bills,New York Jets,Away,13,10,102,10.2,18,1,33%,43%
1,T.J. Hockenson,Minnesota Vikings,Tampa Bay Buccaneers,Home,9,8,35,4.4,14,0,20%,10%
1,Terry McLaurin,Washington Commanders,Arizona Cardinals,Home,4,2,31,15.5,19,0,14%,15%
1,Travis Etienne,Jacksonville Jaguars,Indianapolis Colts,Away,5,5,27,5.4,10,0,16%,11%
1,Tyler Higbee,Los Angeles Rams,Seattle Seahawks,Away,3,3,49,16.3,30,0,8%,15%
1,Tyreek Hill,Miami Dolphins,Los Angeles Chargers,Away,15,11,215,19.6,47,2,34%,46%
1,Zay Flowers,Baltimore Ravens,Houston Texans,Home,10,9,78,8.7,21,0,48%,46%
1,Zay Jones,Jacksonville Jaguars,Indianapolis Colts,Away,7,5,55,11.0,18,1,22%,23%